0.000000 0.000000000 0.000000000 0.000000000 -0.000000000 -0.000000000 -0.000000000 1.000000000
0.033333 -0.000528391 -0.000088745 0.000023103 -0.000170949 0.000406504 -0.000143672 0.999999881
0.066666 -0.000560898 -0.000766642 -0.001114838 -0.000110718 0.000999377 -0.000399711 0.999999404
0.099999 -0.004190670 -0.000846074 -0.000346428 -0.000267180 0.001012817 -0.000277472 0.999999464
0.133332 -0.001273937 -0.000189077 -0.000753021 -0.000124515 0.000126044 -0.000406026 0.999999940
0.166665 -0.000967835 -0.000094999 -0.000710615 -0.000153564 0.000277201 -0.000667350 0.999999762
0.199998 -0.001069648 0.000378018 -0.000576480 -0.000086895 0.000788938 -0.000910537 0.999999285
0.233331 -0.000615464 0.000831780 0.000126572 -0.000041807 0.000420955 -0.001005448 0.999999404
0.266664 -0.003746425 0.001200137 0.000801348 -0.000144673 0.000119265 -0.001085194 0.999999404
0.299997 -0.004517353 0.000487067 0.000148553 -0.000192259 0.000399780 -0.001229191 0.999999166
0.333330 -0.003315167 0.000139526 -0.000066754 -0.000467186 0.000693700 -0.001796716 0.999998033
0.366663 -0.005894230 0.000176738 -0.000556992 -0.000395497 0.000778684 -0.002128903 0.999997377
0.399996 -0.004387640 0.001412487 -0.000288800 -0.000428503 0.000126413 -0.002494867 0.999996781
0.433329 -0.005726364 0.001260206 0.001158819 -0.000523055 0.000522161 -0.002838204 0.999995708
0.466662 -0.007460749 0.001329780 0.001237065 -0.000634037 0.000970237 -0.003145302 0.999994397
0.499995 -0.006633052 0.001441994 0.001488241 -0.000714887 0.000527835 -0.003458272 0.999993622
0.533328 -0.006384165 0.001389912 0.001480434 -0.000718209 0.000396089 -0.003633005 0.999993086
0.566661 -0.006220621 0.001568398 0.000944166 -0.000822491 0.000595471 -0.003696911 0.999992669
0.599994 -0.006594930 0.002070722 0.001047047 -0.000658067 0.000723486 -0.003855361 0.999992073
0.633327 -0.006618533 0.001934271 0.001406308 -0.000822740 0.000523750 -0.003664838 0.999992788
0.666660 -0.005111215 0.001674131 0.001097893 -0.000754092 0.000316786 -0.003645053 0.999993026
0.699993 -0.007039392 0.001881159 0.001434734 -0.000774895 0.000826640 -0.003450516 0.999993443
0.733326 -0.003904837 0.001890990 0.001304594 -0.000652920 0.000509285 -0.003280582 0.999994278
0.766659 -0.003825470 0.001540997 0.000789436 -0.000677453 0.000345029 -0.002949475 0.999995351
0.799992 -0.003732827 0.001235131 0.000922352 -0.000601148 0.000412473 -0.002456012 0.999996722
0.833325 -0.003904758 0.000503412 -0.000317996 -0.000619994 0.000481404 -0.002300855 0.999997079
0.866658 -0.002535706 0.000778202 0.000204194 -0.000452679 0.000389245 -0.001829211 0.999998152
0.899991 -0.002143799 0.000198131 -0.000643618 -0.000418403 0.000308838 -0.001448872 0.999998808
0.933324 -0.002605499 -0.000765664 0.000116574 -0.000532601 0.000517322 -0.001056229 0.999999225
0.966657 -0.001345661 -0.000658307 -0.000205756 -0.000332550 0.000582342 -0.000751393 0.999999523
0.999990 -0.001832448 0.000394932 0.001638378 -0.000285440 0.000536452 -0.000654504 0.999999583
1.033323 0.000106514 0.000189624 0.000375157 -0.000144719 0.000286350 -0.000543381 0.999999821
1.066656 -0.001166674 -0.000710984 -0.000097968 -0.000290418 0.000669113 -0.000216119 0.999999702
1.099989 -0.000496893 -0.000311371 -0.000078258 -0.000174501 0.000610783 -0.000289376 0.999999762
1.133322 -0.000185591 -0.000732631 -0.001560206 -0.000143904 0.000558670 -0.000170129 0.999999821
1.166655 -0.000955238 0.000006662 -0.000249793 -0.000026639 0.000568654 -0.000062714 0.999999881
1.199988 -0.002078790 -0.000647850 -0.001350064 -0.000077212 0.000708703 -0.000059911 0.999999762
1.233321 -0.000426533 -0.000796913 -0.001200430 -0.000112634 0.000629960 0.000008104 0.999999821
1.266654 -0.001481950 -0.001336172 -0.002181451 -0.000092818 0.000780940 0.000064818 0.999999702
1.299987 -0.000162624 -0.000544647 -0.002417115 -0.000016637 0.000502862 -0.000040963 0.999999881
1.333320 -0.001539522 -0.000446230 -0.001561959 0.000083175 0.000674192 0.000083681 0.999999762
1.366653 -0.002036592 0.000473949 -0.000292578 0.000090669 0.000784843 -0.000078355 0.999999702
1.399986 -0.001591953 0.000692030 -0.000796206 0.000206644 0.000746289 -0.000068967 0.999999702
1.433319 -0.003071736 0.000294424 -0.000347263 0.000068539 0.000857469 -0.000180378 0.999999642
1.466652 -0.001871577 0.000098339 -0.000825855 0.000050885 0.000702476 -0.000198938 0.999999762
1.499985 -0.002655041 -0.000209212 -0.000948252 0.000007597 0.000878114 -0.000191561 0.999999583
1.533318 -0.002175695 -0.000092510 0.000063978 -0.000027136 0.000780635 -0.000132338 0.999999702
1.566651 -0.002303070 0.000068867 -0.000290494 -0.000008283 0.000732642 -0.000288408 0.999999702
1.599984 -0.002497397 -0.000512628 0.000554889 -0.000132865 0.000963991 -0.000123016 0.999999523
1.633317 -0.001126044 0.000468822 -0.000142908 -0.000030835 0.000686813 -0.000507820 0.999999642
1.666650 -0.001239890 -0.000161108 0.001356334 -0.000215879 0.000719686 -0.000292950 0.999999702
1.699983 -0.001491554 -0.005288952 0.002518923 -0.001068739 0.000542690 -0.000191218 0.999999285
1.733316 0.000355625 -0.004160590 0.003658602 -0.001042004 0.000297663 -0.000259449 0.999999404
1.766649 0.001594388 -0.004532624 0.003197063 -0.001203050 -0.000003656 -0.000578270 0.999999166
1.799982 0.000035123 -0.003531860 0.000562302 -0.001162008 0.000350174 -0.001499716 0.999998152
1.833315 -0.004624286 -0.001319745 -0.000970824 -0.000717651 0.001060702 -0.001631002 0.999997854
1.866648 -0.007435336 -0.002848142 0.001811930 -0.001160570 0.001732418 -0.001438866 0.999996841
1.899981 -0.009088915 -0.000667854 0.004396025 -0.000650134 0.002181746 -0.001350600 0.999996543
1.933314 -0.012269820 -0.000692919 0.005821421 -0.000627704 0.002764398 -0.001599475 0.999994755
1.966647 -0.005588718 0.000287139 0.006276328 -0.000760960 0.001243913 -0.002363680 0.999996185
1.999980 -0.002318547 0.001234737 0.002914010 -0.000723312 0.000574122 -0.003139390 0.999994695
2.033313 -0.011125194 -0.000992091 0.003566563 -0.001011367 0.001803684 -0.003118760 0.999993026
2.066646 -0.012353795 -0.000709466 0.005163460 -0.000967488 0.002000829 -0.003076883 0.999992847
2.099979 -0.010326044 0.000503507 0.006494507 -0.000840331 0.001721102 -0.003091944 0.999993384
2.133312 -0.014057198 -0.000909899 0.007983888 -0.001039702 0.002198042 -0.002907495 0.999992847
2.166645 -0.012150859 0.000203587 0.009832148 -0.000823883 0.001866352 -0.002856897 0.999993861
2.199978 -0.010684983 0.001704903 0.009176488 -0.000490798 0.001815883 -0.002825330 0.999994278
2.233311 -0.009489317 0.002859059 0.010554714 -0.000134248 0.001660361 -0.002631865 0.999995232
2.266644 -0.012216218 0.003041316 0.009984551 0.000015750 0.002098191 -0.002411651 0.999994874
2.299977 -0.011567062 0.002955561 0.009924550 0.000071363 0.002085577 -0.001930141 0.999995947
2.333310 -0.009192728 0.002610858 0.010893351 0.000088748 0.001773747 -0.001693972 0.999997020
2.366643 -0.010437127 0.001830545 0.010231035 0.000005743 0.002102924 -0.001156225 0.999997199
2.399976 -0.008345095 0.001470882 0.010322984 -0.000057381 0.001849660 -0.000765143 0.999998033
2.433309 -0.009847353 0.000455499 0.008440085 -0.000119150 0.002396418 -0.000296525 0.999997079
2.466642 -0.010236857 -0.000183176 0.009177407 -0.000200754 0.002515724 0.000130089 0.999996841
2.499975 -0.010779557 -0.003680112 0.009517871 -0.000652470 0.002622088 0.000049012 0.999996424
2.533308 -0.009413040 -0.004259135 0.011172934 -0.000601863 0.002404328 0.000064893 0.999996960
2.566641 -0.009894649 -0.006100563 0.011066498 -0.000817719 0.002497338 0.000372739 0.999996543
2.599974 -0.006500235 -0.001095637 0.009404734 -0.000039947 0.002132945 0.000578514 0.999997556
2.633307 -0.004273338 0.000123737 0.010086631 0.000256230 0.001753987 0.000564332 0.999998331
2.666640 -0.007824198 -0.000631137 0.009432275 0.000184767 0.002292719 0.000999481 0.999996901
2.699973 -0.008242361 0.001646684 0.010072016 0.000552840 0.002229592 0.001054188 0.999996841
2.733306 -0.004578121 0.002007026 0.010679644 0.000851572 0.001873173 0.001097577 0.999997318
2.766639 -0.005241008 0.001047401 0.009975534 0.000585856 0.002037158 0.001167829 0.999997079
2.799972 -0.004870599 0.001143665 0.009819542 0.000668549 0.002067168 0.001321378 0.999996781
2.833305 -0.005593590 0.001467192 0.009495287 0.000615153 0.002179594 0.001490168 0.999996305
2.866638 -0.005399134 0.001361861 0.009353872 0.000653280 0.002112442 0.001594077 0.999996305
2.899971 -0.003935403 0.001680660 0.009936304 0.000676312 0.001931401 0.001461775 0.999996841
2.933304 -0.004188977 0.001451418 0.010051565 0.000617946 0.001868887 0.001322780 0.999997199
2.966637 -0.006450795 0.000894202 0.009332604 0.000432461 0.002185039 0.001382578 0.999996603
2.999970 -0.002754551 0.002058797 0.010117051 0.000561511 0.001568457 0.001071042 0.999998033
3.033303 -0.003789848 0.002232350 0.009879514 0.000613175 0.001659826 0.000957798 0.999997973
3.066636 -0.005328300 0.001981181 0.010071008 0.000425989 0.001736955 0.000884757 0.999998033
3.099969 -0.003858598 0.002509264 0.010882392 0.000542299 0.001497963 0.000758424 0.999998450
3.133302 -0.006209691 0.001811943 0.009623680 0.000323293 0.001765055 0.000679730 0.999998152
3.166635 -0.006772125 0.001712332 0.009540910 0.000260836 0.001744892 0.000606067 0.999998331
3.199968 -0.004943213 0.002240757 0.009397903 0.000444175 0.001441495 0.000225248 0.999998868
3.233301 -0.003820960 0.002609435 0.009930902 0.000390237 0.001171605 -0.000115142 0.999999225
3.266634 -0.005690842 0.002364861 0.009112896 0.000228028 0.001340253 -0.000014499 0.999999106
3.299967 -0.006961541 0.002020433 0.009210715 0.000058807 0.001440478 -0.000205963 0.999998987
3.333300 -0.005867939 0.002688048 0.010342899 0.000173923 0.001261438 -0.000871534 0.999998808
3.366633 -0.008155163 0.002398405 0.009955955 0.000041648 0.001549903 -0.000942901 0.999998391
3.399966 -0.010217403 0.003098917 0.009668473 -0.000090761 0.001605494 -0.001189139 0.999998033
3.433299 -0.009728743 0.002219397 0.009812370 -0.000182301 0.001595071 -0.001367041 0.999997795
3.466632 -0.009759044 0.003052215 0.010535507 -0.000192135 0.001495207 -0.001650776 0.999997556
3.499965 -0.008729958 0.003758987 0.010644193 0.000036684 0.001447606 -0.002059760 0.999996901
3.533298 -0.008971213 0.003476827 0.010492260 -0.000100931 0.001439595 -0.002198156 0.999996603
3.566631 -0.009109199 0.004170819 0.010539644 0.000046255 0.001361873 -0.002369603 0.999996305
3.599964 -0.010684471 0.001808746 0.010861812 -0.000321475 0.001397614 -0.002577027 0.999995649
3.633297 -0.009684565 0.002097680 0.011277880 -0.000220318 0.001299324 -0.002619015 0.999995768
3.666630 -0.006077849 0.004839757 0.009814851 0.000050960 0.000797934 -0.002721116 0.999996006
3.699963 -0.006908401 0.003867789 0.009169661 -0.000108442 0.000967521 -0.002475173 0.999996483
3.733296 -0.009271932 0.002655002 0.009150908 0.000005851 0.001293197 -0.002192206 0.999996781
3.766629 -0.008314323 0.000668514 0.007766214 -0.000342849 0.001348048 -0.001737669 0.999997556
3.799962 -0.005093174 0.001599336 0.007978746 0.000012790 0.000897664 -0.001789005 0.999997973
3.833295 -0.004960843 0.001770129 0.007419493 0.000067940 0.000921367 -0.001458257 0.999998569
3.866628 -0.006855170 -0.000082319 0.006280499 -0.000119974 0.001294597 -0.000977681 0.999998748
3.899961 -0.005851619 0.000996166 0.007000918 0.000076209 0.001168475 -0.000793912 0.999999046
3.933294 -0.005829961 -0.000192590 0.005681777 -0.000003981 0.001182397 -0.000429172 0.999999225
3.966627 -0.004206631 0.000064145 0.004667917 0.000042742 0.001179530 -0.000105676 0.999999344
3.999960 -0.004135960 -0.000110510 0.005391746 0.000094958 0.001315894 0.000112564 0.999999166
4.033293 -0.005486722 -0.000839850 0.004951458 -0.000036338 0.001502577 0.000158982 0.999998868
4.066626 -0.002024323 -0.000418001 0.005633807 0.000074981 0.001116292 0.000148984 0.999999404
4.099959 -0.002082551 0.000374231 0.006646602 0.000268379 0.000998551 0.000264552 0.999999464
4.133292 0.000024494 0.000444757 0.007057301 0.000185244 0.000696515 0.000264994 0.999999762
4.166625 -0.002317402 0.000727793 0.006057360 0.000299900 0.001113170 0.000566697 0.999999166
4.199958 0.000272473 -0.000032505 0.004585320 0.000179369 0.000842411 0.000469425 0.999999583
4.233291 -0.001092179 -0.000527711 0.005108851 0.000071047 0.001003899 0.000552480 0.999999344
4.266624 -0.001484827 -0.001795611 0.004616927 -0.000146588 0.001128440 0.000648967 0.999999166
4.299957 -0.001098423 -0.000733584 0.005831322 0.000079166 0.001037783 0.000642480 0.999999285
4.333290 -0.000740404 -0.000420588 0.005802707 0.000145119 0.001024707 0.000722221 0.999999225
4.366623 -0.004753549 -0.003505191 0.003962342 -0.000332787 0.001696000 0.000870426 0.999998152
4.399956 -0.003399754 -0.002132427 0.004474143 -0.000086167 0.001534954 0.000826268 0.999998510
4.433289 -0.004280421 -0.004860952 0.004955140 -0.000505500 0.001646930 0.000854435 0.999998152
4.466622 -0.001625580 -0.002192830 0.005216416 -0.000054954 0.001219865 0.000800840 0.999998987
4.499955 -0.001763463 -0.001564805 0.004762746 -0.000010505 0.001276157 0.000759599 0.999998987
4.533288 -0.000570036 -0.002722280 0.005693635 -0.000173760 0.001088659 0.000813400 0.999999106
4.566621 0.000550700 0.000207339 0.006042290 0.000136308 0.000704557 0.000514440 0.999999642
4.599954 -0.001560428 -0.001030748 0.004452377 0.000122750 0.001078336 0.000624224 0.999999225
4.633287 -0.003210694 -0.002236856 0.003953193 -0.000080275 0.001431621 0.000490694 0.999998927
4.666620 -0.004873457 -0.002694860 0.005166254 -0.000347418 0.001450948 0.000243286 0.999998868
4.699953 -0.006086817 -0.004179221 0.003826518 -0.000607811 0.001672018 0.000239492 0.999998391
4.733286 -0.005144975 -0.002534684 0.004535306 -0.000386870 0.001428570 0.000106800 0.999998927
4.766619 -0.005693272 -0.002196846 0.004630102 -0.000383284 0.001309632 -0.000086542 0.999999046
4.799952 -0.005913900 -0.002068172 0.003210959 -0.000345364 0.001375661 -0.000163993 0.999998987
4.833285 -0.006534219 -0.002461989 0.004065214 -0.000499330 0.001436963 -0.000272144 0.999998808
4.866618 -0.004188253 -0.002064797 0.003929652 -0.000513400 0.001130370 -0.000464912 0.999999166
4.899951 -0.003997015 0.000882573 0.004737897 -0.000134549 0.001012898 -0.000908496 0.999999106
4.933284 -0.005210367 0.000188885 0.004056132 -0.000323223 0.001219325 -0.001213134 0.999998510
4.966617 -0.004270333 0.000431653 0.003492146 -0.000372223 0.001079908 -0.001495300 0.999998212
4.999950 -0.006071690 0.000438215 0.003478021 -0.000451760 0.001234621 -0.001767210 0.999997556
5.033283 -0.004540537 0.000444004 0.003582331 -0.000595850 0.001052259 -0.001935615 0.999997377
5.066616 -0.004632104 0.001947615 0.003286961 -0.000361799 0.001042623 -0.002180713 0.999997020
5.099949 -0.003931591 0.002489184 0.003304599 -0.000346451 0.000849277 -0.002387284 0.999996722
5.133282 -0.006282720 0.001616077 0.003362007 -0.000547594 0.001086484 -0.002452234 0.999996245
5.166615 -0.007690573 0.001703350 0.002679080 -0.000536610 0.001269638 -0.002612912 0.999995649
5.199948 -0.007998464 0.001155718 0.002811346 -0.000669934 0.001337666 -0.002523896 0.999995708
5.233281 -0.004547221 0.002138397 0.002945907 -0.000518940 0.000938722 -0.002523155 0.999996245
5.266614 -0.005306181 0.002112210 0.003228062 -0.000514051 0.001035569 -0.002456835 0.999996305
5.299947 -0.005259265 0.000992292 0.002824975 -0.000656009 0.001250692 -0.002330879 0.999996305
5.333280 -0.002329063 -0.003561398 0.003544125 -0.001415325 0.000717817 -0.002016982 0.999996722
5.366613 -0.003307905 -0.004128652 0.003249846 -0.001420145 0.000751161 -0.001772440 0.999997199
5.399946 -0.004663147 -0.004320867 0.003277236 -0.001372132 0.000931005 -0.001499428 0.999997556
5.433279 -0.001217037 -0.003881998 0.003609505 -0.001234582 0.000544172 -0.001199282 0.999998391
5.466612 -0.002965580 0.000520098 0.003198623 -0.000348113 0.001039074 -0.001040814 0.999998868
5.499945 -0.002749554 0.000489673 0.002489992 -0.000224623 0.000982158 -0.000821002 0.999999166
5.533278 -0.003113488 -0.000720235 0.002946028 -0.000354815 0.001138847 -0.000381207 0.999999225
5.566611 -0.003092851 -0.000118400 0.002348796 -0.000156698 0.001063793 -0.000319652 0.999999404
5.599944 -0.003271943 -0.000627847 0.001926276 -0.000156457 0.001106784 -0.000106836 0.999999344
5.633277 -0.002285621 -0.000853921 0.001906052 -0.000191437 0.001043838 -0.000100114 0.999999464
5.666610 -0.002531890 -0.001052572 0.001882165 -0.000116106 0.001088995 0.000147302 0.999999404
5.699943 -0.003251171 -0.001153026 0.001293490 -0.000082690 0.001211440 0.000062107 0.999999285
5.733276 -0.000291611 -0.000219361 0.001002437 0.000101596 0.000832899 0.000079937 0.999999642
5.766609 -0.002136455 -0.001203412 0.000299297 0.000005699 0.000992283 0.000124873 0.999999523
5.799942 -0.000940407 -0.000544278 -0.000380534 0.000132191 0.000834277 0.000008776 0.999999642
5.833275 -0.000384071 0.000034680 -0.000760804 0.000251075 0.000717891 -0.000096197 0.999999702
5.866608 0.000382421 -0.000264318 -0.000466114 0.000223095 0.000663173 0.000055754 0.999999762
5.899941 -0.002004204 -0.000733546 -0.000039170 0.000156871 0.000961260 0.000064445 0.999999523
5.933274 -0.002299371 -0.000953783 -0.000839668 0.000146672 0.001041220 -0.000004054 0.999999464
5.966607 -0.002319239 -0.000560444 -0.000766116 0.000190245 0.001025336 -0.000144570 0.999999464
5.999940 -0.004307633 -0.001554304 -0.001206372 -0.000016250 0.001266278 -0.000100886 0.999999225
6.033273 -0.000578983 0.000062821 -0.001396803 0.000244329 0.000814900 -0.000266105 0.999999642
6.066606 -0.002997995 -0.000934234 -0.001621269 0.000031892 0.001025142 -0.000313743 0.999999404
6.099939 -0.001868224 -0.000340795 -0.001040308 0.000056355 0.000901332 -0.000316364 0.999999523
6.133272 -0.001433916 -0.000594971 -0.001838745 -0.000003582 0.000852091 -0.000432921 0.999999583
6.166605 -0.004242707 -0.000644093 -0.000849593 -0.000091958 0.001113335 -0.000485678 0.999999285
6.199938 -0.001414510 -0.000190567 -0.000580178 -0.000086133 0.000721492 -0.000613916 0.999999583
6.233271 -0.001998486 -0.000201659 -0.000999311 -0.000135729 0.000688403 -0.000764778 0.999999464
6.266604 -0.002699957 0.000585129 -0.000566948 -0.000148530 0.000748325 -0.001142754 0.999999106
6.299937 -0.002985201 0.000671008 -0.000010247 -0.000189035 0.000819128 -0.001271588 0.999998868
6.333270 -0.002451889 0.000190088 -0.000388357 -0.000421714 0.000679421 -0.001511928 0.999998569
6.366603 -0.001423277 0.001816361 0.000021242 -0.000241370 0.000556191 -0.001715831 0.999998391
6.399936 -0.002765075 0.000536752 0.000777892 -0.000521139 0.000780233 -0.001722513 0.999998093
6.433269 -0.003912441 0.001248034 0.000731053 -0.000514558 0.000828100 -0.002111780 0.999997318
6.466602 -0.003135827 0.001661080 0.000785395 -0.000486877 0.000784158 -0.002123846 0.999997318
6.499935 -0.004032874 0.001221601 0.001664814 -0.000640382 0.000854679 -0.002227536 0.999996960
6.533268 -0.004219057 0.001167240 0.001667161 -0.000651787 0.000861532 -0.002174559 0.999997079
6.566601 -0.003176013 0.001781513 0.001635677 -0.000566161 0.000726743 -0.002346191 0.999996841
6.599934 -0.002919962 0.001468495 0.001262204 -0.000598440 0.000699616 -0.002306014 0.999996960
6.633267 -0.003354879 0.001908260 0.000371449 -0.000481769 0.000787152 -0.002339581 0.999996841
6.666600 -0.004588280 0.001267132 0.000273677 -0.000534468 0.000951885 -0.002349047 0.999996662
6.699933 -0.003597177 0.000654544 0.000026353 -0.000548053 0.000888760 -0.002089401 0.999997318
6.733266 -0.002998948 0.001180067 -0.000031562 -0.000391220 0.000735591 -0.002034655 0.999997616
6.766599 -0.000944241 0.001227346 -0.000049562 -0.000320909 0.000476599 -0.001721233 0.999998391
6.799932 -0.001894780 0.000363787 -0.000479537 -0.000383428 0.000514055 -0.001630843 0.999998510
6.833265 -0.001218847 0.000501236 0.000012008 -0.000271446 0.000452369 -0.001342060 0.999998987
6.866598 -0.003708260 -0.000421167 -0.001661477 -0.000245884 0.000773582 -0.001137248 0.999999046
6.899931 -0.003261511 -0.000276372 -0.000751839 -0.000190051 0.000675799 -0.000972634 0.999999285
6.933264 -0.003462158 -0.000938113 -0.001065200 -0.000221327 0.000777241 -0.000608170 0.999999523
6.966597 -0.004276288 -0.000334708 -0.000410143 -0.000052340 0.000882354 -0.000500889 0.999999523
6.999930 -0.001890727 -0.000323682 -0.000411117 -0.000028559 0.000573285 -0.000363164 0.999999762
7.033263 -0.000947817 -0.001236724 -0.000720224 -0.000172329 0.000556911 -0.000182460 0.999999821
7.066596 -0.002151575 -0.001252068 -0.000999836 -0.000150890 0.000775065 -0.000168712 0.999999702
7.099929 -0.002151459 -0.000276809 -0.000899325 0.000025060 0.000710992 -0.000236867 0.999999762
7.133262 -0.002025547 -0.000932220 -0.001167940 -0.000077892 0.000769008 -0.000171330 0.999999702
7.166595 -0.001411722 -0.000188347 -0.001204988 0.000056636 0.000766076 -0.000185176 0.999999702
7.199928 -0.000911650 -0.000598648 -0.000737121 -0.000036111 0.000655088 -0.000161417 0.999999821
7.233261 -0.001349802 -0.000828236 -0.001427026 -0.000075073 0.000727815 -0.000174675 0.999999702
7.266594 -0.001423019 -0.000784871 -0.001026472 -0.000088873 0.000732577 -0.000120190 0.999999762
7.299927 0.000686188 0.000127043 -0.001268218 0.000022935 0.000519830 -0.000275639 0.999999821
7.333260 -0.002247845 -0.000857940 -0.000487316 -0.000156621 0.000858272 -0.000170712 0.999999642
7.366593 -0.004118260 -0.002889339 -0.000432409 -0.000562703 0.001077412 -0.000025338 0.999999285
7.399926 0.000038904 -0.000686939 -0.000239409 -0.000259238 0.000490560 -0.000247876 0.999999821
7.433259 -0.000721934 -0.000138188 -0.000344135 -0.000171582 0.000592339 -0.000403811 0.999999762
7.466592 -0.002805407 -0.001320580 0.000325263 -0.000422075 0.000873708 -0.000452308 0.999999464
7.499925 -0.002483297 -0.000243981 0.000271193 -0.000307359 0.000660646 -0.000734767 0.999999464
7.533258 -0.002363040 0.000479173 0.000650633 -0.000240963 0.000653800 -0.000861410 0.999999404
7.566591 -0.005622481 -0.001152859 0.001267297 -0.000609201 0.001062649 -0.000967789 0.999998808
7.599924 -0.002243425 0.000573713 0.001453620 -0.000447600 0.000522165 -0.001230711 0.999998987
7.633257 -0.000692905 0.001856235 0.000775690 -0.000235563 0.000310336 -0.001555330 0.999998689
7.666590 -0.002844182 0.001109425 0.001489424 -0.000455037 0.000583750 -0.001664049 0.999998331
7.699923 -0.004307115 0.001040004 0.000780293 -0.000470405 0.000760018 -0.001859735 0.999997854
7.733256 -0.007231749 -0.000174732 0.001134548 -0.000760980 0.001142643 -0.001932158 0.999997199
7.766589 -0.003140708 0.001347610 0.000560297 -0.000501847 0.000603818 -0.002159547 0.999997377
7.799922 -0.003852913 0.001214375 0.000848450 -0.000532396 0.000700535 -0.002156362 0.999997318
7.833255 -0.004468821 0.000595795 0.000478787 -0.000642866 0.000807302 -0.002138988 0.999997199
7.866588 -0.001602308 0.001954240 0.001003152 -0.000399557 0.000423597 -0.002150543 0.999997556
7.899921 -0.005130895 0.000502339 0.001488083 -0.000636613 0.000909655 -0.002040178 0.999997318
7.933254 -0.002411354 0.001885026 0.001536516 -0.000333947 0.000519769 -0.001924933 0.999997973
7.966587 -0.002652115 0.001720433 0.001445436 -0.000339607 0.000620322 -0.001907005 0.999997973
7.999920 -0.001800842 0.001125047 0.001788874 -0.000395243 0.000535755 -0.001665738 0.999998391
8.033253 -0.002462409 0.000668375 0.001904703 -0.000403851 0.000667487 -0.001469071 0.999998629
8.066586 -0.001959414 0.000172563 0.001805454 -0.000419922 0.000668222 -0.001306463 0.999998868
8.099919 0.001003353 0.001768288 0.000913508 -0.000045113 0.000272316 -0.001195309 0.999999285
8.133252 -0.001990990 -0.000530449 0.001436495 -0.000428290 0.000704780 -0.000843693 0.999999344
8.166585 0.001611626 0.000765488 0.001759015 -0.000158102 0.000267948 -0.000707684 0.999999702
8.199918 -0.002749412 -0.001768047 0.001600852 -0.000530953 0.000833037 -0.000414889 0.999999404
8.233251 -0.002535289 -0.000726209 0.001163313 -0.000268945 0.000849205 -0.000369010 0.999999583
8.266584 -0.001372241 -0.001033848 0.000824307 -0.000297353 0.000729253 -0.000257020 0.999999642
8.299917 -0.001423433 -0.001564340 0.000724118 -0.000396835 0.000716174 -0.000219133 0.999999642
8.333250 -0.002431831 -0.001281923 0.000634863 -0.000317218 0.000782988 -0.000177563 0.999999642
8.366583 -0.002216165 -0.001292325 0.000357619 -0.000276680 0.000834015 -0.000069492 0.999999642
8.399916 -0.002226568 -0.001605357 0.000219179 -0.000347911 0.000904531 -0.000125400 0.999999523
8.433249 -0.001957476 -0.001791878 0.000473828 -0.000383127 0.000830363 -0.000056009 0.999999583
8.466582 -0.002016523 -0.001270842 0.000920890 -0.000326259 0.000848454 -0.000100681 0.999999583
8.499915 0.000379839 -0.000753044 0.001018782 -0.000242014 0.000585651 -0.000121588 0.999999821
8.533248 -0.003670437 -0.002710719 0.000761126 -0.000577487 0.001067225 -0.000003350 0.999999285
8.566581 -0.002854189 -0.001566926 0.000345020 -0.000388134 0.000894537 -0.000229564 0.999999523
8.599914 -0.003529730 -0.002437009 0.000706434 -0.000578429 0.001108204 -0.000231360 0.999999166
8.633247 -0.005009227 -0.003241136 0.000896521 -0.000723567 0.001312874 -0.000169611 0.999998868
8.666580 -0.002227918 -0.001854663 0.001063987 -0.000508631 0.000870825 -0.000348248 0.999999464
8.699913 -0.002258216 -0.000549730 0.000882709 -0.000332491 0.000842855 -0.000670244 0.999999404
8.733246 -0.005112841 -0.002119394 0.001728593 -0.000645056 0.001232530 -0.000661668 0.999998868
8.766579 -0.005194176 -0.001431569 0.000701153 -0.000588117 0.001224781 -0.001068396 0.999998510
8.799912 -0.004292517 -0.001869300 0.000902718 -0.000743080 0.000934142 -0.001073817 0.999998689
8.833245 -0.006624571 -0.002428174 0.002458142 -0.000946012 0.001142276 -0.001122086 0.999998271
8.866578 -0.008453744 -0.001190582 0.001810953 -0.000726878 0.001434109 -0.001407522 0.999997735
8.899911 -0.007314311 -0.003025516 0.002321805 -0.001148463 0.001226780 -0.001383686 0.999997675
8.933244 -0.006238340 -0.000771044 0.001689008 -0.000736767 0.001117562 -0.001755686 0.999997556
8.966577 -0.007231907 -0.001719621 0.002539038 -0.000951497 0.001406516 -0.001635037 0.999997258
8.999910 -0.009036220 -0.002519344 0.002997629 -0.001106364 0.001664436 -0.001630476 0.999996722
9.033243 -0.009079982 -0.002292756 0.002247198 -0.001077981 0.001658428 -0.001769881 0.999996483
9.066576 -0.009885257 -0.003369360 0.001674499 -0.001238312 0.001886479 -0.001735553 0.999995947
9.099909 -0.008023574 -0.001822142 0.001727978 -0.000974656 0.001469887 -0.001774465 0.999996901
9.133242 -0.006576449 0.001164975 0.002557435 -0.000431916 0.001239078 -0.001755962 0.999997616
9.166575 -0.005390299 0.001665110 0.002529948 -0.000324001 0.000967931 -0.001719938 0.999998033
9.199908 -0.005072958 0.000625138 0.001280302 -0.000456192 0.000989622 -0.001528963 0.999998271
9.233241 -0.004507146 -0.000264925 0.000706550 -0.000538006 0.000990920 -0.001443697 0.999998331
9.266574 -0.003983986 -0.000091347 0.001767399 -0.000510158 0.000843767 -0.001176850 0.999998808
9.299907 -0.001988854 0.000647155 0.001172747 -0.000283618 0.000530818 -0.001151784 0.999999166
9.333240 -0.002619928 0.001046528 0.001588717 -0.000157730 0.000624109 -0.000907283 0.999999404
9.366573 -0.004131553 -0.002638304 0.001396785 -0.000737208 0.000860901 -0.000746387 0.999999106
9.399906 -0.003526916 -0.002687617 0.000972233 -0.000710434 0.000856594 -0.000709551 0.999999166
9.433239 -0.001824671 -0.002118908 0.000804787 -0.000574370 0.000582564 -0.000706935 0.999999464
9.466572 -0.003552446 -0.002725983 0.001415054 -0.000663146 0.000753799 -0.000380945 0.999999404
9.499905 -0.002409618 -0.002101888 0.001443348 -0.000525562 0.000604486 -0.000477886 0.999999642
9.533238 -0.004399039 -0.003527260 0.000594476 -0.000726619 0.000994417 -0.000292390 0.999999225
9.566571 -0.002668757 -0.003034212 0.000799260 -0.000640357 0.000777233 -0.000233911 0.999999464
9.599904 -0.002190097 -0.002754337 0.000268598 -0.000562606 0.000673833 -0.000254908 0.999999642
9.633237 -0.001698647 -0.007378014 0.000155274 -0.001179433 0.000718835 -0.000324409 0.999998987
9.666570 -0.003080331 -0.007590211 -0.000051684 -0.001253248 0.000851616 -0.000325299 0.999998808
9.699903 -0.002085523 -0.007719473 0.000017230 -0.001259907 0.000666485 -0.000387542 0.999998927
9.733236 -0.001355538 -0.007319681 0.000941454 -0.001233141 0.000563092 -0.000378618 0.999999046
9.766569 -0.001893961 -0.007691353 0.000300233 -0.001282425 0.000629052 -0.000503544 0.999998868
9.799902 -0.001158427 -0.007383087 -0.000006602 -0.001286584 0.000578392 -0.000522095 0.999998927
9.833235 -0.002362590 -0.007830970 -0.000126018 -0.001363896 0.000714242 -0.000722411 0.999998569
9.866568 -0.002612458 -0.007067925 0.000765840 -0.001314103 0.000732620 -0.000847100 0.999998510
9.899901 -0.003668762 -0.006471946 0.000559319 -0.001241095 0.000745295 -0.001068526 0.999998450
9.933234 -0.003295002 -0.006456103 0.000527021 -0.001323885 0.000644381 -0.001221293 0.999998212
9.966567 -0.002369181 -0.007175603 0.000276757 -0.001446925 0.000638981 -0.001454086 0.999997735
9.999900 -0.007145087 -0.001567670 0.000437600 -0.000553994 0.001288704 -0.001063239 0.999998450
10.033233 -0.007304676 -0.001624634 0.000719779 -0.000613054 0.001345955 -0.001191481 0.999998271
10.066566 -0.007004615 -0.000914841 0.000207500 -0.000576682 0.001264385 -0.001330991 0.999998212
10.099899 -0.006172114 -0.001230660 0.000029711 -0.000600677 0.001197410 -0.001550068 0.999997973
10.133232 -0.006392068 -0.001357232 0.000530973 -0.000657400 0.001175688 -0.001525952 0.999997973
10.166565 -0.007392179 -0.001588490 0.000304582 -0.000744549 0.001358099 -0.001534458 0.999997675
10.199898 -0.006779514 -0.001115941 0.000514470 -0.000666192 0.001293316 -0.001560571 0.999997735
10.233231 -0.006301657 -0.001162176 0.000507125 -0.000650120 0.001224190 -0.001612401 0.999997795
10.266564 -0.007010605 -0.000929442 0.001112679 -0.000647977 0.001357314 -0.001445737 0.999997854
10.299897 -0.006095670 -0.001428463 0.001320265 -0.000730693 0.001178936 -0.001285268 0.999998271
10.333230 -0.006131957 -0.000611588 0.001223714 -0.000551786 0.001215382 -0.001251016 0.999998391
10.366563 -0.006655523 -0.001214145 0.001879077 -0.000604459 0.001333972 -0.001058746 0.999998450
10.399896 -0.006153876 -0.001511491 0.001441930 -0.000625673 0.001259493 -0.001005308 0.999998510
10.433229 -0.006160325 -0.002160776 0.001518369 -0.000686498 0.001335638 -0.000704734 0.999998629
10.466562 -0.005026257 -0.002199949 0.001448325 -0.000665927 0.001240157 -0.000568003 0.999998927
10.499895 -0.004838724 -0.001122093 0.000928947 -0.000424880 0.001226059 -0.000407885 0.999999106
10.533228 -0.003972457 -0.002293274 0.001625655 -0.000536991 0.001109805 -0.000368469 0.999999166
10.566561 -0.000908462 -0.007061023 0.000820588 -0.001336089 0.000601179 -0.000633528 0.999998748
10.599894 -0.001584620 -0.007426691 0.001722501 -0.001362235 0.000694756 -0.000496945 0.999998748
10.633227 0.000251017 -0.006776041 0.001547522 -0.001181549 0.000511480 -0.000477264 0.999999106
10.666560 -0.001075273 -0.007350137 0.001828087 -0.001262611 0.000648929 -0.000397344 0.999998927
10.699893 0.000513932 -0.007117929 0.002001993 -0.001217221 0.000444503 -0.000457759 0.999999106
10.733226 -0.000161730 -0.007104736 0.001727352 -0.001211675 0.000545289 -0.000344679 0.999999046
10.766559 -0.000715549 -0.006943546 0.001610108 -0.001147328 0.000624114 -0.000391953 0.999999106
10.799892 -0.003285250 -0.000711796 0.002369645 -0.000077786 0.001014340 -0.000041097 0.999999523
10.833225 -0.000427650 -0.006307165 0.002002625 -0.001081427 0.000553069 -0.000496570 0.999999166
10.866558 -0.000627170 -0.006571233 0.001755193 -0.001107636 0.000612781 -0.000527571 0.999999106
10.899891 -0.001157996 -0.006968597 0.002294753 -0.001211768 0.000755863 -0.000514102 0.999998868
10.933224 -0.002335458 -0.006085721 0.002963915 -0.001113588 0.000789287 -0.000680140 0.999998868
10.966557 -0.002220416 0.000754395 0.003367868 0.000024292 0.000977903 -0.000419951 0.999999464
10.999890 -0.002507014 -0.006502301 0.002637540 -0.001345350 0.000921781 -0.000864890 0.999998331
11.033223 -0.002871505 -0.006384151 0.002492625 -0.001263372 0.000850907 -0.001245787 0.999998093
11.066556 -0.007045675 -0.006752602 0.004428646 -0.001439741 0.001455817 -0.001123061 0.999997318
11.099889 -0.007744260 -0.007357457 0.004937572 -0.001647583 0.001504964 -0.001195765 0.999996781
11.133222 -0.007309711 -0.007183377 0.005903123 -0.001690159 0.001621627 -0.001265755 0.999996543
11.166555 -0.003390182 -0.007237819 0.007539211 -0.001739728 0.001145710 -0.001455749 0.999996781
11.199888 -0.005966922 -0.007371895 0.009150213 -0.001585501 0.001739681 -0.001509994 0.999996126
11.233221 -0.005347190 -0.006803341 0.009624302 -0.001494740 0.001536301 -0.001706307 0.999996245
11.266554 -0.007538988 -0.007693467 0.009471050 -0.001735787 0.001762684 -0.001630338 0.999995649
11.299887 -0.005231155 -0.006805874 0.009127782 -0.001508611 0.001272400 -0.001827259 0.999996424
11.333220 -0.008704817 -0.006558432 0.010462796 -0.001519277 0.001538623 -0.001702265 0.999996245
11.366553 -0.006917406 -0.002365819 0.008697283 -0.001078938 0.001263369 -0.001602981 0.999997377
11.399886 -0.007597615 -0.000779774 0.010102374 -0.000782762 0.001109962 -0.001616052 0.999997795
11.433219 0.001870443 0.001669709 0.009480807 -0.000366354 0.000033974 -0.001702534 0.999998510
11.466552 -0.007909740 0.001106915 0.008656965 -0.000398461 0.001439577 -0.001252135 0.999998093
11.499885 -0.005433807 0.002290984 0.008356784 -0.000169871 0.000936424 -0.001207490 0.999998808
11.533218 -0.002977550 0.002509871 0.007334617 -0.000043765 0.000755585 -0.001016735 0.999999225
11.566551 -0.001496574 0.002323675 0.006856348 -0.000045559 0.000582114 -0.000979684 0.999999344
11.599884 -0.003481245 0.001555196 0.007072283 -0.000169314 0.000905906 -0.000710011 0.999999344
11.633217 -0.003186366 0.001908281 0.006324190 -0.000010047 0.000852698 -0.000746591 0.999999404
11.666550 -0.004404665 0.001166051 0.005272557 -0.000032938 0.000972239 -0.000579186 0.999999344
11.699883 -0.001192030 0.001716894 0.005716035 0.000070566 0.000616163 -0.000478314 0.999999702
11.733216 -0.002717291 0.001280605 0.005657292 -0.000024579 0.000831347 -0.000343780 0.999999583
11.766549 -0.002663882 0.001779754 0.005429317 0.000137321 0.000812523 -0.000373351 0.999999583
11.799882 -0.001674698 0.001336053 0.004472591 0.000082603 0.000696492 -0.000364532 0.999999702
11.833215 -0.001556552 0.001271688 0.003615582 0.000129917 0.000701378 -0.000420169 0.999999702
11.866548 -0.002053195 0.001025294 0.003949707 0.000065737 0.000764889 -0.000322008 0.999999642
11.899881 -0.002203287 0.001299825 0.004111802 0.000108885 0.000751615 -0.000420305 0.999999642
11.933214 -0.001747378 0.000329553 0.003328427 -0.000053029 0.000699764 -0.000424143 0.999999702
11.966547 -0.002254194 0.001362917 0.003539538 0.000106688 0.000740358 -0.000560053 0.999999583
11.999880 -0.003281125 0.000904983 0.003849547 -0.000001996 0.000811660 -0.000629306 0.999999464
12.033213 -0.004048466 0.000489915 0.003413647 -0.000089365 0.000897490 -0.000721907 0.999999344
12.066546 -0.002694041 0.000676783 0.002845356 -0.000104562 0.000671743 -0.000939980 0.999999344
12.099879 -0.003519754 0.000128413 0.002200751 -0.000203560 0.000772878 -0.001090721 0.999999106
12.133212 -0.003595781 0.000961449 0.003359013 -0.000087379 0.000804287 -0.001149086 0.999999046
12.166545 -0.004003336 0.000872397 0.003437903 -0.000353485 0.000778357 -0.001520792 0.999998510
12.199878 -0.005032941 0.000903405 0.003429301 -0.000290520 0.001015461 -0.001389384 0.999998510
12.233211 -0.005505272 0.001027023 0.003367241 -0.000375945 0.000828005 -0.001535985 0.999998391
12.266544 -0.003846644 0.001060025 0.002739222 -0.000339803 0.000810435 -0.001624037 0.999998331
12.299877 -0.003355638 0.001223937 0.003159740 -0.000258159 0.000819451 -0.001514202 0.999998510
12.333210 -0.003402308 0.001606152 0.002693566 -0.000314331 0.000553517 -0.001651507 0.999998450
12.366543 -0.001809059 0.001981034 0.003067716 -0.000068211 0.000397636 -0.001464175 0.999998868
12.399876 -0.003172041 0.001552285 0.003043202 -0.000210790 0.000547820 -0.001496486 0.999998748
12.433209 -0.003269151 0.001247163 0.002490614 -0.000100729 0.000704825 -0.001250720 0.999998987
12.466542 -0.003216545 0.000609060 0.001950123 -0.000350334 0.000478504 -0.001337359 0.999998927
12.499875 -0.003212866 0.000306609 0.002257360 -0.000302024 0.000565856 -0.001293656 0.999998987
12.533208 -0.003307346 0.000096825 0.001789514 -0.000257186 0.000694649 -0.001153152 0.999999106
12.566541 -0.002274110 0.000254751 0.001538006 -0.000244019 0.000446349 -0.001285403 0.999999046
12.599874 -0.001981303 0.001577900 0.001779213 -0.000030340 0.000416765 -0.001251451 0.999999166
12.633207 -0.003001348 0.000280207 0.002052973 -0.000284785 0.000536309 -0.001287745 0.999998987
12.666540 -0.004003588 0.000905273 0.001914505 -0.000101728 0.000712690 -0.001158823 0.999999046
12.699873 -0.003072271 0.000283912 0.000868392 -0.000295369 0.000588197 -0.001331788 0.999998927
12.733206 -0.001734748 0.000612081 0.001108014 -0.000277860 0.000379730 -0.001336993 0.999999046
12.766539 -0.003493330 0.000553255 0.001827095 -0.000352649 0.000554662 -0.001177357 0.999999106
12.799872 -0.003771129 0.000604484 0.001534346 -0.000259207 0.000619106 -0.001276935 0.999998987
12.833205 -0.003453369 0.000525756 0.001588357 -0.000404425 0.000643589 -0.001277751 0.999998927
12.866538 -0.004196791 0.000378855 0.001545704 -0.000426521 0.000626867 -0.001361124 0.999998808
12.899871 -0.003407337 0.000983176 0.001607558 -0.000432129 0.000567295 -0.001503590 0.999998629
12.933204 -0.003356972 0.000943502 0.001273262 -0.000416305 0.000619126 -0.001661875 0.999998391
12.966537 -0.002953945 0.000774233 0.002032467 -0.000494805 0.000576000 -0.001620847 0.999998391
12.999870 -0.001930693 0.000333946 0.001543143 -0.000649267 0.000379001 -0.001641499 0.999998391
13.033203 -0.002793443 0.001015071 0.001489489 -0.000483272 0.000517074 -0.001790456 0.999998152
13.066536 -0.002530584 0.001765984 0.001630788 -0.000356872 0.000433939 -0.001755941 0.999998331
13.099869 -0.003164464 0.001098047 0.001077083 -0.000311269 0.000425566 -0.001696348 0.999998450
13.133202 -0.004375416 0.000288217 0.001104700 -0.000620298 0.000607230 -0.001451560 0.999998569
13.166535 -0.002610712 0.000521171 0.000659047 -0.000495139 0.000296512 -0.001655914 0.999998510
13.199868 -0.004636661 0.000345759 0.000578761 -0.000503738 0.000729456 -0.001632493 0.999998271
13.233201 -0.004153640 0.000421377 0.000714087 -0.000427611 0.000536559 -0.001742563 0.999998271
13.266534 -0.002868247 0.001199337 0.001103214 -0.000386806 0.000303654 -0.001876101 0.999998093
13.299867 -0.004016091 0.001380315 0.000873285 -0.000350041 0.000538862 -0.001952973 0.999997914
13.333200 -0.003698732 0.001271553 0.000938391 -0.000335216 0.000524788 -0.002035129 0.999997735
13.366533 -0.003864484 0.001024200 0.000311782 -0.000376511 0.000524592 -0.002142684 0.999997497
13.399866 -0.003353376 0.001928704 0.001017196 -0.000309597 0.000359499 -0.002397317 0.999997020
13.433199 -0.004009658 0.001926995 0.001153474 -0.000433172 0.000502392 -0.002313874 0.999997139
13.466532 -0.003787032 0.001462108 0.001664671 -0.000412458 0.000477375 -0.002341168 0.999997079
13.499865 -0.003206706 0.001728948 0.001162369 -0.000462889 0.000349953 -0.002446658 0.999996841
13.533198 -0.004160821 0.001591792 0.000738218 -0.000509656 0.000516947 -0.002391798 0.999996901
13.566531 -0.004131841 0.001287303 0.001077251 -0.000643408 0.000510325 -0.002499856 0.999996543
13.599864 -0.004652145 0.001619526 0.001267801 -0.000516307 0.000585699 -0.002445520 0.999996722
13.633197 -0.005087852 0.001402636 0.001369626 -0.000592211 0.000612131 -0.002460480 0.999996662
13.666530 -0.004949683 0.001254885 0.001660140 -0.000712207 0.000705017 -0.002300484 0.999996901
13.699863 -0.004234665 0.000617513 0.000893403 -0.000795049 0.000685165 -0.002353375 0.999996662
13.733196 -0.004006725 0.000636958 0.001279505 -0.000826727 0.000649377 -0.002294959 0.999996841
13.766529 -0.003988168 0.001021859 0.001338596 -0.000686486 0.000613819 -0.002166939 0.999997258
13.799862 -0.005032938 0.001088863 0.001110490 -0.000718839 0.000747239 -0.002104676 0.999997258
13.833195 -0.003027952 0.000921064 0.001289049 -0.000682795 0.000607742 -0.001982510 0.999997616
13.866528 -0.001260567 0.002237987 0.001100882 -0.000445891 0.000320325 -0.001970337 0.999997914
13.899861 -0.002632401 0.000546447 0.000444144 -0.000582655 0.000536579 -0.001661187 0.999998331
13.933194 -0.001856565 0.000284874 0.000088943 -0.000564325 0.000433598 -0.001455644 0.999998689
13.966527 -0.001391002 0.000724556 0.002106091 -0.000463420 0.000338326 -0.001132743 0.999999225
13.999860 -0.000185713 0.000392591 0.000852951 -0.000472965 0.000167284 -0.001042174 0.999999344
14.033193 -0.002043565 0.000318924 0.001360322 -0.000534749 0.000431328 -0.001110942 0.999999166
14.066526 -0.002505991 0.000053824 0.001249115 -0.000449684 0.000669324 -0.000920366 0.999999225
14.099859 -0.001465365 -0.000431053 0.000257457 -0.000506543 0.000330222 -0.001014830 0.999999285
14.133192 -0.002050033 0.000814475 0.001043467 -0.000290032 0.000392843 -0.000940572 0.999999464
14.166525 -0.002447663 0.000181920 0.000190483 -0.000330408 0.000477720 -0.001084205 0.999999225
14.199858 -0.003292909 0.000102538 0.000519834 -0.000378066 0.000624194 -0.001184055 0.999999046
14.233191 -0.001948704 0.000414280 0.000636338 -0.000338496 0.000346462 -0.001333862 0.999998987
14.266524 -0.002409523 -0.000014228 0.000814445 -0.000442782 0.000354670 -0.001210749 0.999999106
14.299857 -0.002596105 0.000472197 0.000309459 -0.000390022 0.000343055 -0.001536774 0.999998689
14.333190 -0.001666997 0.001865051 0.001229341 -0.000204604 0.000206549 -0.001697852 0.999998510
14.366523 -0.003418855 0.001760344 0.001114846 -0.000311597 0.000310994 -0.001949558 0.999998033
14.399856 -0.005820662 0.001436760 0.001506969 -0.000460110 0.000507627 -0.002059935 0.999997675
14.433189 -0.005095106 0.001503837 0.001396236 -0.000496468 0.000531188 -0.002414217 0.999996841
14.466522 -0.003591139 0.003135213 0.002139740 -0.000429668 0.000161482 -0.002829005 0.999995947
14.499855 -0.006652106 0.002201166 0.001013886 -0.000609946 0.000441586 -0.003054800 0.999995053
14.533188 -0.005717489 0.002569599 0.001877379 -0.000679313 0.000398303 -0.003392281 0.999993920
14.566521 -0.006333138 0.002841333 0.001413140 -0.000676950 0.000566381 -0.003587419 0.999993205
14.599854 -0.006619148 0.002581840 0.001081695 -0.000860204 0.000579618 -0.003717409 0.999992549
14.633187 -0.006350684 0.003010564 0.001762991 -0.000840939 0.000510153 -0.003891575 0.999991953
14.666520 -0.006611736 0.003314890 0.003040249 -0.000867406 0.000537902 -0.003923364 0.999991775
14.699853 -0.005660301 0.003106952 0.001905615 -0.000939624 0.000473423 -0.004140035 0.999990880
14.733186 -0.006257419 0.003203561 0.002367064 -0.000902786 0.000599979 -0.004016937 0.999991357
14.766519 -0.004954219 0.002614603 0.002513715 -0.000998404 0.000441375 -0.003876462 0.999991894
14.799852 -0.005913642 0.003153900 0.002220456 -0.000790523 0.000594058 -0.003772867 0.999992430
14.833185 -0.004637055 0.003378952 0.001923865 -0.000713803 0.000448611 -0.003613138 0.999993145
14.866518 -0.004214824 0.002446897 0.002187120 -0.000786855 0.000463514 -0.003252595 0.999994278
14.899851 -0.004306460 0.002362184 0.001384319 -0.000641427 0.000441259 -0.002980085 0.999995291
14.933184 -0.004258730 0.001125035 0.001201789 -0.000754305 0.000591706 -0.002520120 0.999996364
14.966517 -0.004017514 0.000922710 0.001311935 -0.000649899 0.000608844 -0.002045982 0.999997556
14.999850 -0.004216572 0.001108816 0.001190021 -0.000468003 0.000557241 -0.001800233 0.999998152
15.033183 -0.002015535 0.000798699 0.000652734 -0.000393277 0.000318281 -0.001439221 0.999998868
15.066516 -0.002062246 0.000689702 0.001027422 -0.000263129 0.000491180 -0.000970504 0.999999404
15.099849 -0.001529742 0.000232665 0.000318808 -0.000318720 0.000433324 -0.000977378 0.999999404
15.133182 -0.001937258 -0.000224867 0.000472822 -0.000333706 0.000574575 -0.000744101 0.999999523
15.166515 -0.002076716 0.000190568 0.000154824 -0.000190296 0.000682004 -0.000538109 0.999999642
15.199848 -0.000742977 0.000212710 0.000749660 -0.000216927 0.000492879 -0.000449660 0.999999762
15.233181 -0.001076835 0.000912020 0.001299369 -0.000044882 0.000628619 -0.000223713 0.999999762
15.266514 -0.001862039 -0.000460657 0.000042088 -0.000152039 0.000907924 0.000012282 0.999999583
15.299847 -0.000119144 0.001088835 0.000509474 0.000145623 0.000545927 -0.000136264 0.999999821
15.333180 -0.001881626 -0.000149359 -0.000293107 0.000054838 0.000835781 0.000051810 0.999999642
15.366513 0.000124023 -0.000781900 -0.001017918 -0.000088133 0.000613628 -0.000044188 0.999999821
15.399846 -0.001322173 -0.001019721 -0.001071576 -0.000057367 0.000815424 0.000067658 0.999999702
15.433179 -0.000016658 -0.000328769 -0.000651519 -0.000035545 0.000580095 -0.000049895 0.999999821
15.466512 -0.001430846 -0.000738641 -0.001012389 -0.000051435 0.000711172 -0.000106489 0.999999762
15.499845 -0.001634841 0.000079988 0.000244731 -0.000101685 0.000697576 -0.000249444 0.999999762
15.533178 -0.002467115 -0.000883822 -0.000251713 -0.000266952 0.000784115 -0.000295777 0.999999642
15.566511 -0.001468083 0.000024159 0.000185044 -0.000258102 0.000547924 -0.000653038 0.999999642
15.599844 -0.002234526 0.000239196 0.000535628 -0.000193868 0.000599846 -0.000792612 0.999999523
15.633177 -0.001974808 -0.000349232 0.000476089 -0.000357069 0.000551906 -0.000825199 0.999999464
15.666510 -0.002544981 -0.000261627 0.000214396 -0.000420826 0.000521317 -0.001112217 0.999999166
15.699843 -0.003677437 0.000172426 0.000690391 -0.000360674 0.000591041 -0.001216233 0.999999046
15.733176 -0.002904961 0.000200876 0.000010443 -0.000438954 0.000367833 -0.001527437 0.999998689
15.766509 -0.003447418 0.001860488 0.000886180 -0.000277617 0.000279095 -0.002178313 0.999997556
15.799842 -0.005115207 0.001436380 0.000749795 -0.000477148 0.000661868 -0.002447110 0.999996722
15.833175 -0.006213031 0.003272197 0.002351258 -0.000267490 0.000536347 -0.002861651 0.999995708
15.866508 -0.006510761 0.002288417 0.001370719 -0.000591895 0.000487220 -0.003342482 0.999994159
15.899841 -0.005976260 0.004362056 0.001931575 -0.000263930 0.000381009 -0.003788923 0.999992728
15.933174 -0.006327235 0.003858890 0.001366070 -0.000539898 0.000394188 -0.004288680 0.999990582
15.966507 -0.008212522 0.003834914 0.002562470 -0.000560716 0.000639727 -0.004257389 0.999990582
15.999840 -0.007520874 0.003262660 0.001070500 -0.000729065 0.000400807 -0.004594916 0.999989092
16.033173 -0.007554760 0.002910238 0.000870476 -0.000843769 0.000467858 -0.004632763 0.999988794
16.066506 -0.007771777 0.003470619 0.001196033 -0.000733641 0.000551169 -0.004735662 0.999988377
16.099839 -0.008024140 0.003048941 0.002347131 -0.000869370 0.000580987 -0.004540359 0.999989152
16.133172 -0.007413145 0.002737922 0.001720176 -0.000856515 0.000551970 -0.004407778 0.999989808
16.166505 -0.006408712 0.002385669 0.001365573 -0.000907488 0.000455002 -0.004305918 0.999990225
16.199838 -0.005888376 0.002407851 0.001545351 -0.000760731 0.000525955 -0.003837202 0.999992192
16.233171 -0.005634469 0.002350764 0.001725966 -0.000777109 0.000434769 -0.003592446 0.999993145
16.266504 -0.003846251 0.002924609 0.000511032 -0.000484122 0.000352865 -0.003091908 0.999995053
16.299837 -0.003749747 0.001310853 0.001132919 -0.000726144 0.000416950 -0.002575151 0.999996364
16.333170 -0.002860411 0.001171564 0.000182124 -0.000588119 0.000327607 -0.002155964 0.999997437
16.366503 -0.002892982 0.000541468 0.000210382 -0.000571503 0.000444800 -0.001609729 0.999998450
16.399836 -0.000333326 0.001613540 0.000832891 -0.000332377 0.000182180 -0.001279241 0.999999106
16.433169 -0.001458896 -0.000172076 0.000158134 -0.000445769 0.000472107 -0.000939491 0.999999344
16.466502 -0.001177037 0.000070048 0.000120244 -0.000399964 0.000424401 -0.000905987 0.999999464
16.499835 -0.000646552 -0.001141037 -0.000954420 -0.000522934 0.000552902 -0.000473987 0.999999642
16.533168 -0.000274817 -0.000698727 -0.001198404 -0.000334042 0.000579294 -0.000402016 0.999999702
16.566501 -0.000597840 -0.000976124 -0.000868113 -0.000430409 0.000642433 -0.000240877 0.999999702
16.599834 0.000540786 0.000431100 -0.000160525 0.000073443 0.000613975 0.000085763 0.999999821
16.633167 0.000495260 -0.000392281 -0.002177587 -0.000056361 0.000566466 -0.000047481 0.999999881
16.666500 0.001626874 -0.000322858 -0.001653122 0.000126375 0.000500711 0.000263618 0.999999881
16.699833 0.000289156 -0.000456495 -0.000605590 0.000040198 0.000769113 0.000301342 0.999999642
16.733166 -0.000822929 -0.000482841 -0.001470308 0.000153558 0.000892651 0.000348779 0.999999583
16.766499 -0.001599111 -0.001068997 -0.001033323 0.000016689 0.000957303 0.000361039 0.999999523
16.799832 -0.001499894 -0.000763894 -0.001247379 0.000075342 0.000850674 0.000289787 0.999999583
16.833165 0.000347398 0.000125818 -0.001000917 0.000210751 0.000611479 0.000131117 0.999999821
16.866498 -0.001082440 -0.000722496 -0.000739442 -0.000090060 0.000797219 0.000085198 0.999999702
16.899831 -0.002503870 -0.000842133 -0.001309310 -0.000105885 0.000871235 -0.000097971 0.999999642
16.933164 -0.000325714 -0.000499618 -0.001243113 -0.000328307 0.000510080 -0.000332327 0.999999762
16.966497 0.000413828 -0.000209053 -0.000613172 -0.000200696 0.000414132 -0.000431635 0.999999821
16.999830 -0.000860159 -0.000490436 -0.000141967 -0.000379336 0.000543474 -0.000552256 0.999999642
17.033163 -0.000131417 0.000431150 0.000278508 -0.000214495 0.000330726 -0.000834147 0.999999583
17.066496 -0.001480801 0.000371898 0.000596158 -0.000296512 0.000401200 -0.000937614 0.999999464
17.099829 -0.000301830 0.000608208 0.000944818 -0.000420878 0.000226580 -0.001182138 0.999999225
17.133162 -0.001775132 0.000501509 0.000379775 -0.000479862 0.000322567 -0.001468184 0.999998748
17.166495 -0.003394007 0.001205663 0.000844828 -0.000629604 0.000497560 -0.001962016 0.999997795
17.199828 -0.004209814 0.001962750 0.000673266 -0.000392460 0.000551285 -0.002340119 0.999997079
17.233161 -0.004095188 0.002598652 0.001593114 -0.000608558 0.000465406 -0.002885338 0.999995530
17.266494 -0.005117608 0.001828742 0.001162855 -0.000663215 0.000546394 -0.003127314 0.999994755
17.299827 -0.006051860 0.002450917 0.001582126 -0.000811368 0.000554427 -0.003528687 0.999993324
17.333160 -0.006465632 0.002631928 0.001269726 -0.000724373 0.000617746 -0.003736500 0.999992609
17.366493 -0.006106464 0.002939218 0.001697499 -0.000761159 0.000437704 -0.004056440 0.999991417
17.399826 -0.005263301 0.003945263 0.001326314 -0.000674209 0.000279100 -0.004282652 0.999990582
17.433159 -0.005681545 0.003822722 0.002318117 -0.000659367 0.000264479 -0.004330689 0.999990404
17.466492 -0.007220687 0.003899658 0.003259049 -0.000738944 0.000502847 -0.004297847 0.999990404
17.499825 -0.008159851 0.003753463 0.003495869 -0.000648023 0.000573426 -0.004217470 0.999990761
17.533158 -0.007716217 0.003027520 0.002350356 -0.000773304 0.000595219 -0.004238106 0.999990582
17.566491 -0.006269606 0.004218068 0.003611151 -0.000451737 0.000402731 -0.003884127 0.999992251
17.599824 -0.006021659 0.003459410 0.002793963 -0.000577769 0.000490431 -0.003714498 0.999992847
17.633157 -0.006513409 0.002752324 0.002138738 -0.000472853 0.000569314 -0.003372087 0.999994099
17.666490 -0.005292941 0.002589207 0.002112650 -0.000514875 0.000457153 -0.003080740 0.999994993
17.699823 -0.004339634 0.002170268 0.001565587 -0.000407201 0.000386089 -0.002662348 0.999996305
17.733156 -0.003245715 0.001522399 0.000600456 -0.000436214 0.000308776 -0.002223052 0.999997377
17.766489 -0.003333491 0.001333580 0.000138503 -0.000358641 0.000358430 -0.001836594 0.999998212
17.799822 -0.002590395 0.001362099 0.000509652 -0.000243220 0.000387994 -0.001519078 0.999998748
17.833155 -0.002686338 -0.000114342 0.000825336 -0.000472979 0.000516007 -0.001050259 0.999999225
17.866488 -0.002105956 0.000061884 -0.000060201 -0.000312468 0.000498914 -0.000926619 0.999999404
17.899821 -0.002336972 -0.000507630 -0.000404791 -0.000454060 0.000554535 -0.000904368 0.999999344
17.933154 -0.001226091 0.000144113 -0.000234046 -0.000172958 0.000568386 -0.000651174 0.999999642
17.966487 -0.001435210 0.000048059 0.000812885 -0.000342250 0.000643060 -0.000480598 0.999999642
17.999820 -0.000528646 0.000164024 -0.000092258 -0.000177823 0.000567440 -0.000429553 0.999999762
18.033153 -0.000130338 0.000469586 0.000617330 -0.000152570 0.000557832 -0.000207606 0.999999821
18.066486 -0.001484319 -0.000249988 -0.000176648 -0.000240281 0.000682158 -0.000225021 0.999999702
18.099819 -0.000899976 -0.000707853 -0.000531407 -0.000243056 0.000653472 -0.000095838 0.999999762
18.133152 0.001156968 0.000561749 -0.000966149 -0.000061741 0.000395942 -0.000186479 0.999999881
18.166485 -0.001205689 0.000004814 -0.000642057 -0.000067578 0.000695195 -0.000157307 0.999999762
18.199818 0.000050999 -0.000380415 -0.000621102 -0.000158086 0.000525638 -0.000105863 0.999999821
18.233151 -0.000440471 -0.000164328 -0.000523925 -0.000120700 0.000606594 -0.000197532 0.999999821
18.266484 -0.002031064 -0.000543075 -0.000433006 -0.000244578 0.000733957 -0.000195475 0.999999702
18.299817 -0.001790588 -0.000298983 -0.000459964 -0.000180263 0.000716200 -0.000335051 0.999999702
18.333150 -0.000963520 -0.001053182 -0.000949572 -0.000312522 0.000612224 -0.000315749 0.999999762
18.366483 -0.000961909 -0.000237853 -0.000117988 -0.000234352 0.000562884 -0.000443312 0.999999762
18.399816 -0.001939949 -0.000350378 -0.000240048 -0.000233696 0.000575914 -0.000650350 0.999999583
18.433149 -0.000439264 0.000767303 0.000215716 -0.000142929 0.000313286 -0.000829795 0.999999583
18.466482 -0.001422280 0.000492278 -0.000608517 -0.000147048 0.000274495 -0.001037826 0.999999464
18.499815 -0.003212656 0.000419750 0.000634795 -0.000390168 0.000425122 -0.001344212 0.999998927
18.533148 -0.002463914 0.000366715 0.000347996 -0.000455533 0.000344445 -0.001589669 0.999998569
18.566481 -0.002822260 -0.000294734 0.000356568 -0.000634783 0.000427940 -0.001405050 0.999998748
18.599814 -0.000947980 -0.000261263 0.001226453 -0.000767850 -0.000147378 -0.000994085 0.999999225
18.633147 -0.000881929 0.000354368 0.001820558 -0.001371435 -0.001040257 -0.000440132 0.999998450
18.666480 -0.002281829 0.001720038 0.004386346 -0.001524129 -0.001019562 -0.000424497 0.999998271
18.699813 -0.001199374 0.001981917 0.005370192 -0.002046530 -0.000627212 -0.000075100 0.999997735
18.733146 -0.000247906 0.002233772 0.006775879 -0.002457625 0.001380086 -0.000052398 0.999996066
18.766479 -0.000729720 0.002064094 0.008801418 -0.002900808 0.002773370 -0.000033167 0.999991953
18.799812 -0.002112937 -0.001284103 0.008670234 -0.003739225 0.002702378 0.000708848 0.999989092
18.833145 -0.003055705 -0.001563916 0.008284126 -0.003571706 0.001590311 0.000655046 0.999992192
18.866478 0.000161054 -0.000707842 0.008473992 -0.003221924 0.000433715 0.000730257 0.999994457
18.899811 -0.000502364 0.000200839 0.007385614 -0.003148451 -0.000303247 0.000983422 0.999994516
18.933144 0.000347567 0.001396359 0.009241628 -0.003071606 0.000330574 0.001332241 0.999994338
18.966477 0.001290087 0.000120209 0.008429837 -0.002786421 0.003137256 0.001316825 0.999990344
18.999810 -0.000770623 -0.001768241 0.007980486 -0.003002149 0.004421830 0.001635027 0.999984384
19.033143 0.001243706 -0.001043720 0.007774925 -0.002998450 0.003610615 0.002166461 0.999986649
19.066476 0.000462206 -0.001569537 0.008310542 -0.002798906 0.004552036 0.002255405 0.999983191
19.099809 0.000504724 -0.002093634 0.008605329 -0.003028750 0.004462845 0.002343153 0.999982715
19.133142 0.000776167 -0.002065313 0.007286994 -0.002385285 0.002839203 0.002402257 0.999990284
19.166475 0.001407923 -0.001823341 0.007747326 -0.002531345 0.002603519 0.003022265 0.999988914
19.199808 0.002069402 -0.001452790 0.007724004 -0.002090239 0.003698199 0.002731779 0.999987245
19.233141 0.002928880 -0.003109122 0.008517832 -0.002437512 0.003568121 0.003180672 0.999985635
19.266474 0.005355495 -0.000210095 0.008626156 -0.002109331 0.002080617 0.003720189 0.999988675
19.299807 0.002404826 -0.000804489 0.008861854 -0.001890650 0.002523273 0.003673599 0.999988317
19.333140 0.002373843 -0.001965234 0.008999755 -0.002122515 0.003552973 0.003464862 0.999985456
19.366473 0.006286059 -0.001346381 0.009140968 -0.001970762 0.003402350 0.003304956 0.999986827
19.399806 0.004107105 -0.000970517 0.008571882 -0.001764561 0.003638478 0.002960201 0.999987483
19.433139 0.008178083 0.000228640 0.008064097 -0.001219535 0.002716452 0.002779367 0.999991775
19.466472 0.006197549 -0.000597064 0.008198706 -0.001353954 0.002598346 0.002802271 0.999991834
19.499805 0.006547754 -0.001531152 0.006922705 -0.001353212 0.002285220 0.002847842 0.999992490
19.533138 0.006574383 -0.000369226 0.008191245 -0.001120212 0.002473401 0.002748347 0.999992609
19.566471 0.005849814 -0.001516222 0.007258777 -0.000934266 0.003239482 0.002430894 0.999991357
19.599804 0.005817811 -0.001729483 0.007223236 -0.000921465 0.004459210 0.002527083 0.999986470
19.633137 0.006660726 -0.000832434 0.007259973 -0.001000781 0.005999839 0.002253553 0.999978960
19.666470 0.006263482 -0.000970417 0.006297620 -0.000849183 0.006443187 0.002387254 0.999976099
19.699803 0.004904738 -0.000244113 0.007103578 -0.000627006 0.006271864 0.002210229 0.999977767
19.733136 0.003145201 -0.000007723 0.007024469 -0.000538713 0.006150126 0.002262489 0.999978364
19.766469 0.005947313 -0.006465810 0.007561399 -0.001507499 0.005858869 0.002402141 0.999978840
19.799802 0.004825779 -0.005960212 0.008732532 -0.001167841 0.006096706 0.002100382 0.999978542
19.833135 0.005387025 -0.005447770 0.008107053 -0.000755530 0.006517821 0.001533853 0.999977291
19.866468 0.004594392 -0.007038164 0.007888902 -0.000935905 0.007243497 0.001786995 0.999971807
19.899801 0.002094199 -0.005788152 0.007100990 -0.000680038 0.007820540 0.001591782 0.999967933
19.933134 0.006925677 -0.004921929 0.007333777 0.000019256 0.007348569 0.001590155 0.999971807
19.966467 0.004333195 -0.006157578 0.007192808 -0.000170234 0.007082220 0.001906688 0.999973118
19.999800 0.008212827 -0.004268934 0.007675109 -0.000122775 0.006319705 0.001493978 0.999978960
20.033133 0.003734773 -0.005933010 0.007369154 0.000595294 0.006047582 0.002378120 0.999978721
20.066466 0.004848054 -0.006350659 0.007495086 0.000078066 0.004777323 0.002785816 0.999984741
20.099799 0.008032377 -0.004902704 0.006512275 0.000815642 0.005213266 0.002240256 0.999983609
20.133132 0.006848854 -0.006470834 0.006597972 0.000675440 0.006311680 0.001944962 0.999978006
20.166465 0.005736991 -0.005609669 0.006420300 0.001021669 0.006254150 0.002039871 0.999977887
20.199798 0.005148588 -0.005813300 0.005857300 0.001187315 0.007492892 0.001788189 0.999969661
20.233131 0.007777116 -0.004967168 0.005948603 0.001797260 0.008154511 0.001551309 0.999963939
20.266464 0.007441137 -0.005662094 0.005025453 0.001658405 0.007999439 0.001511339 0.999965489
20.299797 0.007661961 -0.004901931 0.005814540 0.001942636 0.008450311 0.001260661 0.999961615
20.333130 0.006071718 -0.007269607 0.005733397 0.002141353 0.009014394 0.001984568 0.999955118
20.366463 0.005982349 -0.007753998 0.006500410 0.002231312 0.009464175 0.001938937 0.999950826
20.399796 0.006360817 -0.006428338 0.007841541 0.002317215 0.010463311 0.001643448 0.999941230
20.433129 0.003422371 -0.008017417 0.008235854 0.002099859 0.011788676 0.001837950 0.999926627
20.466462 0.002057421 -0.008417116 0.007488056 0.002315183 0.013892989 0.001266556 0.999900043
20.499795 0.006747623 -0.006151304 0.007130805 0.002755659 0.014589670 0.001108984 0.999889195
20.533128 0.005612623 -0.007353805 0.006832055 0.002782180 0.014653740 0.001246545 0.999888003
20.566461 0.006777929 -0.006573336 0.005779659 0.003133678 0.015751213 0.001092480 0.999870479
20.599794 0.007715379 0.000775932 0.004887929 0.004200019 0.016354423 0.001382116 0.999856532
20.633127 0.007679595 0.001775959 0.005593621 0.004393765 0.017340234 0.001005610 0.999839485
20.666460 0.005888211 0.001465669 0.005766880 0.004459253 0.019243266 0.000604462 0.999804735
20.699793 0.005850043 0.002333978 0.005333939 0.004359854 0.019226033 0.000729116 0.999805450
20.733126 0.004160265 0.002592191 0.005047393 0.004166276 0.018489128 0.000254540 0.999820411
20.766459 0.006141517 0.002865024 0.004996344 0.003872312 0.017157760 0.000251187 0.999845266
20.799792 0.005211494 0.003138267 0.005846536 0.003515190 0.016129840 0.000703063 0.999863505
20.833125 0.006296452 0.004802826 0.004920947 0.003641507 0.016022118 0.000306821 0.999864995
20.866458 0.005778880 0.004958513 0.005849482 0.003389787 0.015598171 0.000102527 0.999872625
20.899791 0.002392410 0.004442908 0.005738781 0.002853146 0.015306883 0.000208480 0.999878824
20.933124 0.005150543 0.005252181 0.005257598 0.002751960 0.015097206 0.000118730 0.999882281
20.966457 0.004251247 0.004737874 0.004879980 0.002545822 0.015201894 0.000372291 0.999881148
20.999790 0.005217215 0.005672649 0.005498867 0.002486835 0.014803656 0.000253207 0.999887288
21.033123 0.005998811 0.008173285 0.005859980 0.003060573 0.015054230 0.000068737 0.999882042
21.066456 0.004942664 0.007398042 0.005090099 0.003202563 0.014837392 -0.000022472 0.999884844
21.099789 0.004757924 0.006895504 0.005164632 0.003117334 0.014278894 0.000000386 0.999893188
21.133122 0.006201641 0.009907237 0.005112793 0.003698896 0.013915570 -0.000102363 0.999896407
21.166455 0.006672490 0.009455558 0.004767606 0.003506230 0.013253905 0.000082393 0.999906063
21.199788 0.005458109 0.008843763 0.004442096 0.003690158 0.013333241 -0.000144733 0.999904335
21.233121 0.004571857 0.009256657 0.004557408 0.003960395 0.013246268 -0.000163557 0.999904394
21.266454 0.002933589 0.009470221 0.003745681 0.004234871 0.013893565 -0.000536835 0.999894381
21.299787 0.001766566 0.009893577 0.003366544 0.004595782 0.014465125 -0.000791059 0.999884546
21.333120 0.005604395 0.013020400 0.002168897 0.005308652 0.013777243 -0.001116415 0.999890387
21.366453 0.001678846 0.010672064 0.002579044 0.005314746 0.014431149 -0.001425979 0.999880791
21.399786 0.002037537 0.010942897 0.001913902 0.005128205 0.014617968 -0.001255070 0.999879241
21.433119 0.002172749 0.010051172 0.001100102 0.005002027 0.014044930 -0.001390070 0.999887943
21.466452 0.001322144 0.010697792 0.001474456 0.004981507 0.013503467 -0.001457587 0.999895394
21.499785 0.000779167 0.011195635 0.000500484 0.004771167 0.013367304 -0.001491309 0.999898195
21.533118 0.001467589 0.008258873 0.001261208 0.004162638 0.013109814 -0.001744767 0.999903917
21.566451 0.000353495 0.008866837 0.001649515 0.004271674 0.013077247 -0.001832175 0.999903738
21.599784 0.001322207 0.009173464 0.001247579 0.004207765 0.013355176 -0.001735744 0.999900520
21.633117 0.003949581 0.012215750 0.000173860 0.004495888 0.013276341 -0.001661130 0.999900401
21.666450 0.004830053 0.012151823 -0.000136981 0.004470775 0.012759356 -0.001762903 0.999907076
21.699783 0.003738056 0.009778055 0.000610100 0.004010668 0.012882905 -0.001558047 0.999907732
21.733116 0.002763152 0.010190527 0.001159807 0.004144128 0.012853033 -0.001644443 0.999907494
21.766449 0.003777766 0.010277339 0.000953981 0.004196035 0.013043027 -0.001782989 0.999904633
21.799782 0.005378869 0.011679618 0.000448871 0.004414424 0.013275342 -0.001412713 0.999901175
21.833115 0.004720536 0.011296307 0.000659638 0.004497459 0.014036966 -0.001309939 0.999890506
21.866448 0.005468821 0.010700054 0.001224956 0.004333071 0.013923336 -0.000945957 0.999893308
21.899781 0.006535697 0.011237802 0.001096780 0.004499936 0.012832660 -0.000495753 0.999907434
21.933114 0.005608349 0.011896485 0.000566452 0.004730938 0.012002403 -0.000658189 0.999916613
21.966447 0.004508793 0.012173675 0.000513762 0.004902679 0.011614311 -0.000759243 0.999920309
21.999780 0.002899708 0.012354878 0.000946727 0.004920515 0.011327048 -0.000657214 0.999923587
22.033113 0.004843079 0.011827336 -0.000007338 0.004774404 0.010958510 -0.000745941 0.999928355
22.066446 0.001815230 0.012353483 0.001176319 0.004711077 0.011364617 -0.000631206 0.999924123
22.099779 0.003341857 0.013480733 0.001584210 0.004777030 0.011292330 -0.000495931 0.999924779
22.133112 0.004891433 0.012770897 0.001664814 0.004646070 0.011127047 -0.000400691 0.999927223
22.166445 0.002225564 0.013470978 0.002771751 0.004527648 0.011510988 -0.000347107 0.999923468
22.199778 0.004448379 0.013071782 0.001867788 0.004350105 0.011509893 -0.000428301 0.999924183
22.233111 0.003685715 0.014538131 0.002107998 0.004398583 0.011935852 -0.000825416 0.999918759
22.266444 0.003735261 0.013747429 0.002359947 0.003985494 0.012021766 -0.000641084 0.999919593
22.299777 0.005470211 0.016097078 0.002237780 0.004229641 0.012018356 -0.000803882 0.999918580
22.333110 0.005280074 0.016519645 0.003139166 0.004100485 0.011922852 -0.001227949 0.999919832
22.366443 0.004841898 0.016277915 0.003803227 0.003739031 0.011457974 -0.001467160 0.999926269
22.399776 0.003828012 0.015449311 0.004452654 0.003660884 0.010727384 -0.001277153 0.999934971
22.433109 0.002158286 0.016118385 0.005308119 0.003424050 0.010313869 -0.001228600 0.999940217
22.466442 0.000973241 0.015809948 0.005438212 0.003368906 0.010450840 -0.001061912 0.999939203
22.499775 0.003044752 0.015401130 0.005274712 0.003188698 0.011083026 -0.001060576 0.999933004
22.533108 -0.000070905 0.015119111 0.005576059 0.002922347 0.012433144 -0.001316044 0.999917626
22.566441 0.000491246 0.016212171 0.005033094 0.002957825 0.012711624 -0.001805055 0.999913216
22.599774 0.001163537 0.019019248 0.005973766 0.003352997 0.013279987 -0.002268781 0.999903679
22.633107 0.004559045 0.022161148 0.006837090 0.003710413 0.012535487 -0.002541425 0.999911368
22.666440 0.001656164 0.019462269 0.005282192 0.003037275 0.011871323 -0.002344038 0.999922276
22.699773 -0.000557111 0.020079009 0.006885271 0.002949873 0.011723512 -0.002540131 0.999923706
22.733106 -0.002825034 0.017791655 0.005999720 0.002713429 0.011618402 -0.002372584 0.999926090
22.766439 -0.002333341 0.017770670 0.005651204 0.002475064 0.010970673 -0.002360831 0.999934018
22.799772 0.001423311 0.021474281 0.006686028 0.003123760 0.011375238 -0.002906819 0.999926209
22.833105 -0.001963299 0.019081417 0.004959335 0.002965555 0.012599800 -0.003135508 0.999911368
22.866438 -0.000536747 0.020126909 0.005335476 0.003191645 0.012300449 -0.003002132 0.999914765
22.899771 0.000092033 0.020239450 0.004138860 0.003474343 0.012096028 -0.002989565 0.999916375
22.933104 -0.001326484 0.022100590 0.004675027 0.003941360 0.011838662 -0.002793859 0.999918282
22.966437 -0.000676495 0.022123268 0.005120552 0.003688815 0.011237210 -0.002208243 0.999927640
22.999770 -0.004260072 0.021969233 0.005158628 0.004130467 0.011822717 -0.002540509 0.999918342
23.033103 -0.000291208 0.019704226 0.003807652 0.003747857 0.011025894 -0.001850253 0.999930501
23.066436 -0.003737906 0.023076573 0.004236626 0.004064908 0.011462200 -0.002113446 0.999923825
23.099769 -0.003460631 0.022426305 0.003490567 0.004206648 0.011992055 -0.002175197 0.999916911
23.133102 -0.000520663 0.026143154 0.004225872 0.004642618 0.011615662 -0.002696001 0.999918163
23.166435 -0.002041918 0.024362251 0.003395970 0.004376831 0.011875114 -0.002212001 0.999917507
23.199768 -0.000466420 0.024342686 0.002590319 0.004214293 0.011486436 -0.001805347 0.999923527
23.233101 -0.002370060 0.024951594 0.002604047 0.004430295 0.011781543 -0.001614085 0.999919534
23.266434 -0.002826467 0.026383843 0.003140678 0.004666979 0.011593796 -0.001804697 0.999920309
23.299767 -0.004694379 0.023712298 0.001421408 0.004009382 0.011228903 -0.001620906 0.999927700
23.333100 -0.004575954 0.024770258 -0.000026553 0.004138935 0.010723609 -0.001828136 0.999932289
23.366433 -0.002902334 0.028416984 0.001699508 0.004312614 0.009726744 -0.002239227 0.999940932
23.399766 -0.002004016 0.029973911 0.001219870 0.004107544 0.008988636 -0.002551498 0.999947965
23.433099 -0.002946530 0.029695844 0.001858230 0.003625475 0.008723485 -0.002983151 0.999950945
23.466432 -0.005281887 0.028815445 0.003474723 0.003162745 0.008994066 -0.003002437 0.999950111
23.499765 -0.004655818 0.029735878 0.002835653 0.002947578 0.008202209 -0.002893391 0.999957860
23.533098 -0.006556701 0.030021708 0.004636459 0.002783462 0.008404018 -0.002898856 0.999956608
23.566431 -0.006233547 0.032400988 0.005063585 0.003125454 0.008702399 -0.002336928 0.999954522
23.599764 -0.005434013 0.031166412 0.004762548 0.003074682 0.009463869 -0.002564304 0.999947190
23.633097 -0.004306134 0.032561135 0.005036498 0.003389470 0.010162661 -0.002329838 0.999939978
23.666430 -0.004054884 0.030110229 0.002602220 0.002801661 0.009815268 -0.001933112 0.999946117
23.699763 -0.002066252 0.033100054 0.003805372 0.003265863 0.009324962 -0.001895300 0.999949455
23.733096 -0.002391626 0.032035027 0.004562895 0.003140173 0.008830340 -0.002056359 0.999954045
23.766429 -0.002548318 0.033382956 0.004869197 0.002892216 0.008033557 -0.002012278 0.999961555
23.799762 -0.006047507 0.031974476 0.004306267 0.002318320 0.008932385 -0.001967598 0.999955475
23.833095 -0.002558194 0.034452103 0.007260499 0.002558895 0.008568127 -0.002073828 0.999957919
23.866428 -0.001654955 0.034052413 0.006959235 0.002187979 0.007805054 -0.002002510 0.999965131
23.899761 0.001124205 0.035817411 0.006056902 0.002405991 0.007444061 -0.002237526 0.999966919
23.933094 -0.002136916 0.034953736 0.007444459 0.002315146 0.008063065 -0.001591893 0.999963582
23.966427 0.000587737 0.036247268 0.008545020 0.002392467 0.007231833 -0.001067601 0.999970496
23.999760 -0.002265923 0.034158677 0.006999100 0.001857901 0.007952392 -0.000575521 0.999966502
24.033093 -0.001335017 0.034427833 0.008007491 0.001847888 0.008655194 -0.000291800 0.999960840
24.066426 -0.001372105 0.034929484 0.009604246 0.001184134 0.009309012 -0.000294915 0.999955952
24.099759 -0.003987473 0.035021141 0.008983089 0.000963042 0.010311302 0.000384878 0.999946296
24.133092 -0.004695962 0.036681253 0.009448508 0.000933231 0.010881792 0.000528784 0.999940276
24.166425 -0.004417353 0.036775388 0.009789774 0.000605550 0.011002025 0.000888405 0.999938905
24.199758 0.000439590 0.035618819 0.011238085 -0.000254599 0.010341400 0.000981254 0.999946058
24.233091 -0.002115269 0.035785425 0.010255944 0.000090304 0.011495085 0.000994168 0.999933422
24.266424 0.001440841 0.038141798 0.009864659 0.000594587 0.011492889 0.001181018 0.999933124
24.299757 -0.000093750 0.036645859 0.011652237 -0.000037589 0.012194756 0.001556729 0.999924421
24.333090 0.004242136 0.040288817 0.011768639 0.000528502 0.012232969 0.001419520 0.999924064
24.366423 0.003496619 0.037262674 0.010276579 0.000072339 0.012132742 0.001342304 0.999925494
24.399756 0.002177006 0.039318122 0.011196974 0.000327347 0.011764230 0.001636579 0.999929428
24.433089 0.004422162 0.041173145 0.011177409 0.000449650 0.011380834 0.001804838 0.999933541
24.466422 0.004365149 0.039741531 0.011796073 0.000054702 0.011189867 0.001948576 0.999935508
24.499755 0.004249555 0.038081646 0.011442004 -0.000699025 0.010066510 0.002371929 0.999946296
24.533088 0.007245914 0.041825309 0.011336692 -0.000407061 0.008730844 0.002439896 0.999958873
24.566421 0.000813411 0.040208716 0.011637911 -0.000885435 0.008849817 0.002970866 0.999956071
24.599754 0.003728731 0.041776847 0.010666833 -0.000731851 0.007553609 0.002558433 0.999967933
24.633087 0.005100024 0.041910380 0.008909702 -0.000746307 0.007147305 0.002777264 0.999970376
24.666420 0.006557481 0.043620266 0.009436156 -0.000721521 0.007165589 0.002916575 0.999969900
24.699753 0.006517679 0.042225692 0.009759367 -0.001118344 0.007426634 0.002759287 0.999968052
24.733086 0.006599992 0.042531174 0.009395010 -0.001244556 0.007717772 0.002658367 0.999965966
24.766419 0.007412469 0.043029349 0.010053280 -0.001354940 0.007801852 0.002565073 0.999965370
24.799752 0.006117889 0.043346703 0.009280606 -0.001320833 0.007677341 0.002141874 0.999967396
24.833085 0.004238706 0.042987622 0.010034123 -0.001683715 0.007253880 0.002150076 0.999970019
24.866418 0.007624814 0.046209760 0.010350491 -0.001341427 0.006489050 0.002253801 0.999975562
24.899751 0.009592864 0.046617385 0.011000258 -0.001372817 0.005636689 0.001883319 0.999981463
24.933084 0.010707581 0.049141362 0.013152796 -0.001365894 0.005202438 0.001402507 0.999984622
24.966417 0.008887114 0.051814754 0.013403220 -0.001356123 0.005630841 0.001646431 0.999981880
24.999750 0.008836641 0.050568938 0.013497557 -0.001640387 0.005568224 0.001523616 0.999982059
25.033083 0.008621253 0.051320959 0.013969211 -0.001923369 0.005257369 0.001467357 0.999983311
25.066416 0.009051624 0.051025249 0.013983940 -0.002311219 0.005523258 0.001401999 0.999981105
25.099749 0.004101973 0.051291652 0.014647799 -0.002468490 0.006906136 0.001142136 0.999972463
25.133082 0.006891806 0.053493705 0.014937330 -0.001987493 0.007309552 0.000908520 0.999970913
25.166415 0.008746683 0.050948583 0.013617116 -0.002624319 0.008544582 0.001129749 0.999959469
25.199748 0.010804580 0.054128159 0.014842981 -0.002397295 0.009404303 0.001114777 0.999952316
25.233081 0.010359216 0.053108379 0.015046621 -0.002873061 0.010156770 0.001350971 0.999943376
25.266414 0.008255775 0.052101765 0.015742673 -0.003120428 0.011514417 0.001554143 0.999927640
25.299747 0.008026215 0.053459719 0.015130996 -0.002849468 0.013363620 0.001282855 0.999905825
25.333080 0.008301445 0.055157099 0.013961849 -0.002522638 0.014909157 0.001489597 0.999884605
25.366413 0.005868797 0.054316226 0.015157412 -0.002653950 0.015745485 0.000832559 0.999872208
25.399746 0.006131363 0.053506743 0.016448211 -0.002951751 0.016409634 0.001055081 0.999860466
25.433079 0.008792974 0.053925645 0.016870312 -0.002904169 0.016306384 0.001430304 0.999861836
25.466412 0.009332595 0.054358501 0.015914474 -0.002613004 0.016696267 0.001046696 0.999856710
25.499745 0.008359520 0.053640202 0.015326251 -0.002970415 0.016931605 0.001213053 0.999851525
25.533078 0.008994441 0.055060957 0.016053727 -0.002745551 0.017552106 0.001069989 0.999841630
25.566411 0.005132527 0.051854968 0.015933875 -0.003263935 0.018304773 -0.000016116 0.999827147
25.599744 0.005879266 0.057261869 0.016083354 -0.002665405 0.018107241 -0.000567378 0.999832332
25.633077 0.008146214 0.060660418 0.015433828 -0.001989390 0.017637867 -0.000723178 0.999842227
25.666410 0.008546749 0.060996629 0.015658636 -0.002012149 0.017320262 -0.000640418 0.999847770
25.699743 0.007255206 0.059450634 0.014084114 -0.002244109 0.016603205 -0.000680564 0.999859452
25.733076 0.004191459 0.060301673 0.014209232 -0.002002950 0.015208393 -0.000800689 0.999882042
25.766409 0.005490700 0.060305618 0.015905892 -0.002376970 0.013697524 -0.000679973 0.999903142
25.799742 0.006619832 0.061890636 0.012251019 -0.002458109 0.011973144 -0.000275451 0.999925315
25.833075 0.003819759 0.059858460 0.013824623 -0.003125824 0.009476596 -0.000671916 0.999949992
25.866408 0.006416924 0.064794675 0.014281648 -0.002506736 0.006898300 -0.000766712 0.999972820
25.899741 0.003225093 0.064635344 0.015355349 -0.002618744 0.005739252 -0.001003474 0.999979615
25.933074 0.004785109 0.065986045 0.015912203 -0.002553961 0.004326211 -0.000825695 0.999987066
25.966407 0.006265999 0.066157557 0.014932922 -0.002649187 0.003831639 -0.000792371 0.999988854
25.999740 0.007755818 0.066478133 0.016325383 -0.002620596 0.003062106 -0.001488526 0.999990821
26.033073 0.006389245 0.067192063 0.015169408 -0.002695913 0.003158517 -0.000657377 0.999991179
26.066406 0.007746157 0.065631561 0.012854855 -0.002863711 0.003274180 -0.000357606 0.999990463
26.099739 0.006124010 0.066404954 0.014284817 -0.002909035 0.003621161 -0.001257084 0.999988496
26.133072 0.003890805 0.064833999 0.014105380 -0.003189855 0.003554237 -0.001519255 0.999987483
26.166405 -0.001971043 0.063329466 0.013509293 -0.003616770 0.004225392 -0.001231053 0.999983788
26.199738 -0.001066560 0.064922906 0.013324312 -0.003349027 0.003901341 -0.001409662 0.999985814
26.233071 -0.001010663 0.064107805 0.012672650 -0.003543288 0.003743102 -0.001666661 0.999985397
26.266404 -0.001674656 0.064894237 0.013130193 -0.003405366 0.004522303 -0.001892701 0.999982238
26.299737 -0.001235676 0.066775054 0.014275406 -0.003212666 0.004600838 -0.002106706 0.999982119
26.333070 -0.001145690 0.065540232 0.011628544 -0.003393851 0.003861107 -0.001904203 0.999984980
26.366403 -0.000729518 0.067350037 0.013456176 -0.003218572 0.003333959 -0.002209721 0.999986887
26.399736 -0.001885574 0.065928049 0.012428046 -0.003342459 0.003406267 -0.002154666 0.999986351
26.433069 -0.000150351 0.068305984 0.011850622 -0.002919772 0.002713518 -0.002332342 0.999989331
26.466402 -0.002664193 0.066765830 0.010173803 -0.003162545 0.002490046 -0.002276154 0.999989331
26.499735 -0.000745970 0.065660015 0.010058117 -0.003395227 0.002600441 -0.002146740 0.999988556
26.533068 -0.001227648 0.067369781 0.011034629 -0.003307253 0.002601163 -0.002456057 0.999988139
26.566401 -0.000676507 0.069395833 0.013009191 -0.003043615 0.001510440 -0.002951983 0.999989867
26.599734 -0.000360559 0.074918076 0.014747102 -0.002339818 0.000531811 -0.002780330 0.999993324
26.633067 -0.002816599 0.072995037 0.013419079 -0.002786177 0.000661635 -0.002616247 0.999992490
26.666400 -0.000336419 0.072385006 0.012291669 -0.002929836 0.000196927 -0.002279683 0.999993145
26.699733 -0.001193991 0.071211770 0.010641352 -0.003197431 0.000314695 -0.001778866 0.999993324
26.733066 -0.000453107 0.073643543 0.013069152 -0.003209217 0.000584320 -0.001731185 0.999993205
26.766399 0.000282811 0.077252842 0.016826767 -0.003089807 0.000188662 -0.002095217 0.999993026
26.799732 -0.000074546 0.075494803 0.014304549 -0.003544665 0.000358156 -0.001940608 0.999991834
26.833065 0.001854436 0.076754488 0.015890036 -0.003449766 0.000402286 -0.002260247 0.999991477
26.866398 0.003610074 0.076494738 0.014428223 -0.003854421 0.000548000 -0.002049292 0.999990344
26.899731 0.004515938 0.076437548 0.012491581 -0.003937402 0.000863886 -0.001903400 0.999990106
26.933064 0.004804591 0.076737605 0.012966727 -0.003834108 0.001016525 -0.001815467 0.999990523
26.966397 0.005921814 0.076402359 0.012516325 -0.004009010 0.000904127 -0.001824061 0.999989927
26.999730 0.007151631 0.076609112 0.013159877 -0.004259760 0.001092114 -0.001758551 0.999988854
27.033063 0.009025609 0.077821426 0.013979449 -0.004419135 0.000451583 -0.001334755 0.999989331
27.066396 0.007528037 0.078014351 0.014199224 -0.004767132 -0.000592091 -0.001062150 0.999987900
27.099729 0.008673718 0.078373440 0.015521010 -0.005088585 -0.001772163 -0.001098457 0.999984860
27.133062 0.007478668 0.080466844 0.017094072 -0.005178938 -0.002059062 -0.001113872 0.999983907
27.166395 0.007731420 0.082699463 0.017446272 -0.005055127 -0.002641401 -0.001113512 0.999983191
27.199728 0.008595092 0.079369619 0.015750760 -0.005429642 -0.002991687 -0.001347329 0.999979913
27.233061 0.006490928 0.081474625 0.016826248 -0.005328496 -0.002646779 -0.001125730 0.999981642
27.266394 0.008372739 0.080253646 0.016523387 -0.005508467 -0.002646707 -0.000831081 0.999980986
27.299727 0.007809449 0.082218103 0.016980303 -0.005330228 -0.002317050 -0.000326685 0.999983072
27.333060 0.007657474 0.083874084 0.018056978 -0.005080190 -0.001466819 -0.000621370 0.999985874
27.366393 0.009636063 0.083011821 0.017748350 -0.005211788 -0.000661489 -0.000864586 0.999985874
27.399726 0.008829763 0.082929552 0.017289732 -0.005337133 0.000128713 -0.000640945 0.999985576
27.433059 0.008972507 0.080924794 0.015595054 -0.005605378 0.000162371 -0.000769530 0.999984026
27.466392 0.010507126 0.082742848 0.017450277 -0.005713601 0.000144900 -0.000691131 0.999983430
27.499725 0.009967108 0.082217470 0.017145136 -0.006208178 -0.000215477 -0.000425928 0.999980688
27.533058 0.009068735 0.081862926 0.017083550 -0.006365304 -0.001176431 -0.000402460 0.999979019
27.566391 0.010475273 0.085222162 0.020188365 -0.006146476 -0.002260898 -0.000445819 0.999978483
27.599724 0.010173711 0.085205108 0.020658234 -0.006411329 -0.002563885 -0.000677701 0.999975979
27.633057 0.010749483 0.084666274 0.021153359 -0.006783191 -0.002796435 -0.000252040 0.999973059
27.666390 0.010282405 0.085690334 0.021929814 -0.007074912 -0.002659112 -0.000080876 0.999971509
27.699723 0.010697824 0.083115339 0.019579111 -0.007349982 -0.002015844 -0.000322171 0.999970973
27.733056 0.010351280 0.083915301 0.020398714 -0.007466075 -0.001336389 -0.000382617 0.999971211
27.766389 0.009513042 0.083617143 0.020454491 -0.007820838 -0.001177899 0.000036893 0.999968767
27.799722 0.010425057 0.083799303 0.020878192 -0.008236312 -0.001601210 0.000169641 0.999964774
27.833055 0.011452840 0.084648490 0.021918029 -0.008190997 -0.002510909 0.000061334 0.999963343
27.866388 0.012222180 0.086111248 0.021361476 -0.008248420 -0.002926404 0.000195567 0.999961734
27.899721 0.012254594 0.083172739 0.021661131 -0.008948989 -0.002889192 -0.000034069 0.999955773
27.933054 0.014353635 0.083328210 0.024332665 -0.009395891 -0.002789814 0.000847750 0.999951661
27.966387 0.009555898 0.085488364 0.024205837 -0.009082254 -0.002377136 -0.000001764 0.999955952
27.999720 0.010300979 0.085532419 0.023931123 -0.009414869 -0.001911778 -0.000333007 0.999953806
28.033053 0.011362722 0.087318219 0.026585732 -0.009282858 -0.000873282 -0.000216319 0.999956548
28.066386 0.010269881 0.088163108 0.026364444 -0.009337564 -0.000450531 -0.000555964 0.999956191
28.099719 0.007424919 0.088757761 0.024718072 -0.009257038 -0.000007630 -0.000788664 0.999956906
28.133052 0.007071213 0.088132702 0.024980150 -0.009576595 0.000084270 -0.000741287 0.999953866
28.166385 0.007389731 0.088270739 0.024906475 -0.009604691 -0.000414042 -0.000488327 0.999953687
28.199718 0.007481122 0.089442320 0.024653504 -0.009397001 -0.001197400 -0.000302605 0.999955118
28.233051 0.009415222 0.089696258 0.025447877 -0.009144532 -0.001875180 -0.000445066 0.999956369
28.266384 0.009920852 0.087551638 0.023931330 -0.009227149 -0.002079171 -0.000837394 0.999954939
28.299717 0.010680875 0.088988900 0.024718089 -0.009040193 -0.002354291 -0.000594182 0.999956250
28.333050 0.011587776 0.087769896 0.023358427 -0.009036735 -0.002220021 -0.000469776 0.999956608
28.366383 0.011153953 0.087384552 0.022740610 -0.008887855 -0.002178488 -0.000609366 0.999957979
28.399716 0.009860173 0.089421861 0.024928438 -0.008784644 -0.002086450 -0.000319830 0.999959230
28.433049 0.010319628 0.090024248 0.024575980 -0.008393746 -0.001655129 -0.000531221 0.999963284
28.466382 0.011832847 0.089695647 0.024129616 -0.008354890 -0.001439028 -0.000447626 0.999963999
28.499715 0.011103692 0.092651129 0.026572423 -0.008215101 -0.001358441 -0.000309446 0.999965310
28.533048 0.009774162 0.092051119 0.025107950 -0.008312553 -0.000371017 -0.000526563 0.999965250
28.566381 0.009012952 0.091926940 0.023813296 -0.008286839 0.000653116 -0.000417526 0.999965370
28.599714 0.010429867 0.094855167 0.026543094 -0.008120521 0.000696774 -0.000571618 0.999966681
28.633047 0.011330627 0.095346682 0.025939908 -0.008229121 0.000803987 -0.000408727 0.999965787
28.666380 0.010829309 0.095068038 0.026305011 -0.008332225 0.001799865 -0.000587776 0.999963582
28.699713 0.010618978 0.095350139 0.025707461 -0.008316214 0.001995187 -0.000845988 0.999963105
28.733046 0.008667481 0.093359634 0.024550440 -0.008764661 0.002485921 -0.001065276 0.999957979
28.766379 0.010351861 0.095151499 0.025315000 -0.008594349 0.002813905 -0.000929002 0.999958694
28.799712 0.010245438 0.094166346 0.024608282 -0.008659992 0.002808633 -0.001129134 0.999957919
28.833045 0.010693864 0.094551332 0.025253139 -0.008682789 0.002686218 -0.001283349 0.999957919
28.866378 0.009001771 0.093497090 0.023462232 -0.008736298 0.002939448 -0.001417661 0.999956548
28.899711 0.011071321 0.094212644 0.024243420 -0.008623040 0.002691162 -0.001343340 0.999958336
28.933044 0.009629142 0.095376156 0.024240192 -0.008384993 0.002596429 -0.001288102 0.999960721
28.966377 0.008869662 0.095085129 0.023986900 -0.008653200 0.002672972 -0.001216330 0.999958277
28.999710 0.010309929 0.095969781 0.024241200 -0.008588111 0.003049774 -0.001034814 0.999957979
29.033043 0.010958276 0.096486881 0.024563726 -0.008543906 0.003238953 -0.001272996 0.999957502
29.066376 0.010184553 0.095430240 0.024134148 -0.008779982 0.003564161 -0.001512956 0.999953985
29.099709 0.010082688 0.095160984 0.022705631 -0.008930936 0.004081613 -0.001419926 0.999950826
29.133042 0.012017346 0.095109619 0.023135489 -0.008858071 0.004291398 -0.001589517 0.999950290
29.166375 0.010850108 0.096949100 0.024307813 -0.008906629 0.003813878 -0.001832293 0.999951422
29.199708 0.012413176 0.096082792 0.023443636 -0.009067953 0.003529040 -0.001792022 0.999951124
29.233041 0.011556840 0.096822038 0.024500374 -0.009148220 0.003929478 -0.001811030 0.999948859
29.266374 0.009690919 0.097061493 0.024044381 -0.009058311 0.004287985 -0.001830006 0.999948144
29.299707 0.010113775 0.095871411 0.022618683 -0.009285978 0.004461166 -0.001965859 0.999945045
29.333040 0.011289900 0.096711569 0.023204019 -0.009263051 0.005031315 -0.002060364 0.999942362
29.366373 0.010436201 0.097734615 0.022994667 -0.009191497 0.005553024 -0.002256610 0.999939859
29.399706 0.010024312 0.097268090 0.023509610 -0.009292703 0.005729034 -0.002720986 0.999936759
29.433039 0.009547876 0.099117763 0.025475945 -0.009114750 0.006088898 -0.003081969 0.999935210
29.466372 0.009269915 0.100252949 0.024521727 -0.008911921 0.006049735 -0.003270120 0.999936640
29.499705 0.008304025 0.100564018 0.023728633 -0.008795246 0.005963191 -0.003301076 0.999938130
29.533038 0.008544804 0.100890100 0.023784379 -0.008886917 0.005785426 -0.003262680 0.999938488
29.566371 0.007857406 0.101674952 0.024079928 -0.008946436 0.006576415 -0.003093474 0.999933600
29.599704 0.011477758 0.102335125 0.025070023 -0.008904170 0.007160214 -0.003075524 0.999930024
29.633037 0.011604453 0.103069000 0.025317753 -0.008618924 0.008152790 -0.003098618 0.999924839
29.666370 0.011017441 0.103216261 0.025294518 -0.008716629 0.009194564 -0.002830539 0.999915779
29.699703 0.013137835 0.103488930 0.025085961 -0.008728363 0.009332646 -0.002503925 0.999915242
29.733036 0.011214645 0.103446327 0.025433397 -0.008597205 0.009491669 -0.002020069 0.999916017
29.766369 0.012109331 0.103984304 0.025086928 -0.008135966 0.008123278 -0.001885063 0.999932170
29.799702 0.009790344 0.104627490 0.024608305 -0.007977179 0.006336510 -0.001595523 0.999946833
29.833035 0.007236883 0.103151977 0.021829125 -0.008098062 0.004281777 -0.001902280 0.999956250
29.866368 0.007987385 0.103792392 0.020771382 -0.007997871 0.001583094 -0.001515228 0.999965668
29.899701 0.008185608 0.106011644 0.021593373 -0.007789560 -0.000089541 -0.001229962 0.999968946
29.933034 0.007163601 0.104811043 0.023269445 -0.008421012 -0.000454984 -0.001130023 0.999963820
29.966367 0.007670430 0.104511425 0.022737904 -0.008666768 -0.000470564 -0.000741842 0.999962091
29.999700 0.007334496 0.105363183 0.022116954 -0.008606075 -0.000795404 -0.000656160 0.999962449
30.033033 0.007922268 0.104440495 0.022675384 -0.008858142 -0.000935277 -0.000717485 0.999960124
30.066366 0.007376140 0.104711115 0.022536945 -0.008850334 -0.001060957 -0.001038380 0.999959767
30.099699 0.007127734 0.105697453 0.022040015 -0.008780644 -0.002148539 -0.001152433 0.999958575
30.133032 0.008331864 0.105296694 0.024854124 -0.008958629 -0.004211022 -0.001661811 0.999949634
30.166365 0.008942783 0.105411910 0.024133179 -0.009135367 -0.005779115 -0.001462203 0.999940515
30.199698 0.012026181 0.103351235 0.022987422 -0.009556835 -0.007924124 -0.001545281 0.999921799
30.233031 0.012131357 0.112198196 0.021166064 -0.008518257 -0.010114940 -0.001761497 0.999911070
30.266364 0.012465704 0.112901598 0.020389732 -0.008623544 -0.011578657 -0.001974254 0.999893904
30.299697 0.011673796 0.114686400 0.020386292 -0.008644580 -0.011579800 -0.002159931 0.999893248
30.333030 0.011991725 0.114309713 0.020996170 -0.008860079 -0.010991546 -0.002690692 0.999896765
30.366363 0.014136619 0.113783680 0.021755509 -0.009311214 -0.011304368 -0.002829040 0.999888837
30.399696 0.014714054 0.113860846 0.021403898 -0.009387296 -0.011678804 -0.002945306 0.999883413
30.433029 0.013096430 0.114155903 0.022043897 -0.009369778 -0.011662180 -0.002957640 0.999883771
30.466362 0.013439808 0.114066057 0.022217227 -0.009447865 -0.012351378 -0.002986202 0.999874651
30.499695 0.010937256 0.115189932 0.022224071 -0.009431434 -0.013092342 -0.002782349 0.999865949
30.533028 0.012553535 0.115564652 0.024067566 -0.009480271 -0.014086976 -0.002344038 0.999853134
30.566361 0.009687662 0.113321558 0.020258753 -0.009773330 -0.014133227 -0.001982157 0.999850452
30.599694 0.008552559 0.112220049 0.018669015 -0.009789701 -0.013916144 -0.001936804 0.999853373
30.633027 0.010829893 0.113242567 0.020965962 -0.009739814 -0.014244433 -0.001711413 0.999849737
30.666360 0.010827479 0.113403536 0.019813607 -0.009852068 -0.014271282 -0.001160790 0.999849021
30.699693 0.011289499 0.113576286 0.020793086 -0.009923558 -0.014601596 -0.001202870 0.999843478
30.733026 0.011394999 0.114434570 0.021588797 -0.009898405 -0.014990807 -0.000947849 0.999838233
30.766359 0.011462319 0.114490606 0.020058811 -0.009961251 -0.015390354 -0.000828029 0.999831676
30.799692 0.011307521 0.114387877 0.021204837 -0.010227622 -0.015864417 -0.000631651 0.999821723
30.833025 0.011954514 0.114178717 0.021308783 -0.010383145 -0.016851928 -0.000120894 0.999804139
30.866358 0.012753343 0.114138216 0.022709010 -0.010767767 -0.017536936 0.000127041 0.999788225
30.899691 0.014147406 0.114477046 0.023887832 -0.010832391 -0.017563993 0.000166231 0.999787033
30.933024 0.013642554 0.114380233 0.023326717 -0.010980264 -0.017033722 0.000272722 0.999794602
30.966357 0.013037189 0.114962339 0.023887020 -0.011333905 -0.016646061 0.000352954 0.999797165
30.999690 0.013641777 0.114806421 0.023380330 -0.011533588 -0.016344329 0.000512571 0.999799788
31.033023 0.013092809 0.115039602 0.023794528 -0.011653828 -0.016102277 0.000726539 0.999802172
31.066356 0.012850378 0.115677334 0.024792889 -0.011904851 -0.016073694 0.000704535 0.999799728
31.099689 0.012161105 0.116196699 0.025853800 -0.012084392 -0.015451164 0.000581857 0.999807477
31.133022 0.012825006 0.116929881 0.027344080 -0.012220277 -0.015259336 0.000590678 0.999808729
31.166355 0.012255817 0.117126279 0.027068328 -0.012639798 -0.015321445 0.000911504 0.999802351
31.199688 0.013242448 0.117796324 0.028287223 -0.012743590 -0.015176659 0.000815987 0.999803305
31.233021 0.012933665 0.117375940 0.027678825 -0.012829234 -0.014568251 0.000799180 0.999811232
31.266354 0.012349742 0.117604017 0.027386876 -0.013114207 -0.014546155 0.001322484 0.999807298
31.299687 0.012879740 0.116719022 0.027371658 -0.013563553 -0.015361920 0.001798184 0.999788404
31.333020 0.014662725 0.116769284 0.028088672 -0.013742704 -0.015624120 0.002173812 0.999781132
31.366353 0.014205432 0.117565140 0.027622988 -0.013678255 -0.015745258 0.002495427 0.999779403
31.399686 0.014080637 0.118068531 0.028010428 -0.013744129 -0.016021192 0.002587606 0.999773920
31.433019 0.014998717 0.117571570 0.027066365 -0.013786259 -0.015701225 0.002687816 0.999778152
31.466352 0.015116299 0.118782438 0.028704977 -0.013880716 -0.015848167 0.002959889 0.999773681
31.499685 0.015643088 0.118911706 0.029082200 -0.014319491 -0.016252032 0.003098626 0.999760628
31.533018 0.014743065 0.112556309 0.028144516 -0.015374392 -0.016054368 0.003267245 0.999747574
31.566351 0.016156327 0.114870422 0.029419445 -0.015140553 -0.016617678 0.003272517 0.999741971
31.599684 0.014703704 0.114596397 0.028612522 -0.015535654 -0.017498406 0.003770271 0.999719143
31.633017 0.017223993 0.112931669 0.025879689 -0.015931360 -0.018616449 0.003504419 0.999693632
31.666350 0.014916164 0.113881245 0.027508380 -0.016001202 -0.018528335 0.003563235 0.999693990
31.699683 0.016904466 0.114592381 0.028421087 -0.016207030 -0.019284511 0.003596606 0.999676287
31.733016 0.015566165 0.115633182 0.028869165 -0.016335310 -0.018852362 0.003743719 0.999681830
31.766349 0.015975835 0.114588462 0.027562480 -0.016418777 -0.018374804 0.003809049 0.999689102
31.799682 0.016585626 0.115704149 0.029513147 -0.016500400 -0.018454874 0.004054233 0.999685347
31.833015 0.016717033 0.115546361 0.029554192 -0.016810156 -0.018776385 0.004361376 0.999672890
31.866348 0.017712094 0.115733184 0.030329319 -0.017029878 -0.018973431 0.004743850 0.999663711
31.899681 0.019603856 0.116856158 0.032851003 -0.017217876 -0.019439751 0.005106234 0.999649763
31.933014 0.018768905 0.117801964 0.033700425 -0.017341111 -0.019441130 0.005135191 0.999647498
31.966347 0.021082019 0.116872072 0.033714063 -0.017522294 -0.019415725 0.005200600 0.999644458
31.999680 0.020822210 0.118083797 0.033482566 -0.017554291 -0.018685440 0.005493240 0.999656200
32.033013 0.021480443 0.117832586 0.033270326 -0.017729679 -0.017448220 0.005640811 0.999674618
32.066346 0.020072544 0.118103459 0.033548661 -0.017610539 -0.015223091 0.004965751 0.999716759
32.099679 0.021600833 0.119360961 0.034221731 -0.017599231 -0.014244606 0.004574859 0.999733210
32.133012 0.020470059 0.121622957 0.036403086 -0.017748792 -0.014329573 0.004593759 0.999729276
32.166345 0.021417476 0.125695288 0.034255158 -0.017711718 -0.015280184 0.004509115 0.999716222
32.199678 0.020776354 0.125093341 0.032824516 -0.017889133 -0.015854446 0.004483051 0.999704301
32.233011 0.020425245 0.125351951 0.033202410 -0.018244132 -0.016067620 0.004752682 0.999693155
32.266344 0.020857386 0.125792056 0.033856824 -0.018444991 -0.015991321 0.004939766 0.999689817
32.299677 0.020799289 0.126366466 0.033521682 -0.018456114 -0.015998889 0.005113936 0.999688625
32.333010 0.020725885 0.126144558 0.032988980 -0.018427525 -0.016011205 0.005012166 0.999689460
32.366343 0.021302825 0.126205787 0.033269588 -0.018271010 -0.016005451 0.004824187 0.999693334
32.399676 0.021361258 0.126942068 0.033431087 -0.018212941 -0.016362911 0.005222604 0.999686658
32.433009 0.021386746 0.126645461 0.033940483 -0.018260166 -0.016606694 0.005693947 0.999679148
32.466342 0.020971594 0.126578793 0.033767182 -0.018215623 -0.016669556 0.006022548 0.999677002
32.499675 0.021898737 0.127032280 0.032536943 -0.017855834 -0.016597247 0.006228165 0.999683380
32.533008 0.021432912 0.127620280 0.032402359 -0.017325494 -0.016230144 0.006264103 0.999698579
32.566341 0.022451725 0.127364099 0.031759128 -0.017076345 -0.016328288 0.006510884 0.999699712
32.599674 0.021811113 0.126815587 0.031562436 -0.017020026 -0.016445566 0.006207616 0.999700665
32.633007 0.021609208 0.128435925 0.030832646 -0.016600190 -0.016465526 0.006229998 0.999707222
32.666340 0.021751193 0.124185786 0.033250194 -0.017117364 -0.017065659 0.006311391 0.999687910
32.699673 0.021809733 0.128048196 0.028552128 -0.016161544 -0.017575443 0.006029574 0.999696732
32.733006 0.021253103 0.124073029 0.030588262 -0.016274462 -0.017775748 0.005569855 0.999694049
32.766339 0.020249417 0.124757595 0.030916737 -0.015962858 -0.017469158 0.005257553 0.999706209
32.799672 0.020934278 0.124572888 0.029920101 -0.015688786 -0.017012987 0.004992021 0.999719739
32.833005 0.019371899 0.125806898 0.030008720 -0.015124894 -0.017127415 0.004708175 0.999727845
32.866338 0.018536804 0.126015037 0.029597919 -0.015001532 -0.017617956 0.004816039 0.999720693
32.899671 0.018648269 0.124567121 0.026970915 -0.015028613 -0.017962951 0.004939615 0.999713540
32.933004 0.018376132 0.124345697 0.026609395 -0.015001008 -0.018795133 0.004753075 0.999699533
32.966337 0.017279120 0.125009671 0.027012756 -0.015046231 -0.019506132 0.004545645 0.999686241
32.999670 0.015521050 0.125550807 0.028561413 -0.015147898 -0.019582370 0.004492759 0.999683380
33.033003 0.017586917 0.125749514 0.028266396 -0.015050791 -0.020313650 0.004246355 0.999671400
33.066336 0.017147202 0.126747489 0.025780864 -0.014996693 -0.020696407 0.004447388 0.999663472
33.099669 0.017153557 0.127327234 0.026070558 -0.014920909 -0.020554285 0.004013094 0.999669373
33.133002 0.017261431 0.129278705 0.028097589 -0.014750161 -0.020490006 0.003717605 0.999674320
33.166335 0.017309969 0.128458068 0.027252534 -0.015207573 -0.020203250 0.003885203 0.999672711
33.199668 0.017493913 0.129304156 0.027915007 -0.015033770 -0.020136205 0.003717207 0.999677360
33.233001 0.017486040 0.129303217 0.027653923 -0.015046758 -0.020069724 0.003881461 0.999677837
33.266334 0.017759794 0.129501745 0.028607883 -0.014907655 -0.019244740 0.003643954 0.999697030
33.299667 0.017970994 0.129942223 0.029333299 -0.015097153 -0.016860668 0.003427883 0.999738038
33.333000 0.015306179 0.132525235 0.029506844 -0.015125833 -0.014666183 0.003133992 0.999773145
33.366333 0.014924150 0.133714676 0.030064071 -0.015555304 -0.013900263 0.002814096 0.999778450
33.399666 0.015007584 0.134026110 0.031482544 -0.016130120 -0.013902169 0.002710061 0.999769628
33.432999 0.015195725 0.133432895 0.031348255 -0.016562926 -0.014760419 0.002619123 0.999750495
33.466332 0.016168488 0.132788330 0.030310644 -0.017131135 -0.015457331 0.002442108 0.999730825
33.499665 0.016876627 0.134067282 0.030876884 -0.016772145 -0.016181067 0.001689018 0.999727011
33.532998 0.017068803 0.133531258 0.030477516 -0.016700784 -0.016023088 0.001456834 0.999731123
33.566331 0.017234702 0.133563906 0.029512536 -0.016647954 -0.016755249 0.001687312 0.999719620
33.599664 0.017469643 0.133500338 0.030264478 -0.016665390 -0.018352482 0.001725778 0.999691248
33.632997 0.016139006 0.134171933 0.027734103 -0.016284561 -0.019244643 0.001876006 0.999680459
33.666330 0.017352557 0.133581728 0.030842170 -0.016229635 -0.019554384 0.002314763 0.999674439
33.699663 0.018308399 0.133869901 0.030169789 -0.016049962 -0.019693347 0.002417492 0.999674380
33.732996 0.018373884 0.133655623 0.030512176 -0.015919667 -0.019549346 0.002665066 0.999678612
33.766329 0.018746899 0.133569404 0.030046547 -0.015863022 -0.019287307 0.002618898 0.999684751
33.799662 0.017824886 0.133778647 0.030328719 -0.015766939 -0.017896177 0.002711650 0.999711871
33.832995 0.017831761 0.134782612 0.028739316 -0.015531521 -0.016301371 0.001521902 0.999745429
33.866328 0.016955538 0.135633186 0.028790960 -0.015330760 -0.015379065 0.001262753 0.999763489
33.899661 0.016711518 0.136120796 0.030095320 -0.015654584 -0.015821734 0.001854659 0.999750555
33.932994 0.018698115 0.135664448 0.030278349 -0.015956378 -0.016577659 0.002545845 0.999732077
33.966327 0.018031601 0.135081574 0.029191416 -0.016038205 -0.016557561 0.002738665 0.999730587
33.999660 0.017536432 0.135496810 0.028516959 -0.016070288 -0.016475176 0.002488504 0.999732018
34.032993 0.019291574 0.135448575 0.029680481 -0.016428888 -0.016470017 0.002466738 0.999726415
34.066326 0.019202378 0.137624145 0.031389471 -0.016388154 -0.016017575 0.002840793 0.999733388
34.099659 0.017994620 0.137214229 0.029089192 -0.016674843 -0.016306847 0.002737331 0.999724269
34.132992 0.017699672 0.137491912 0.029612927 -0.016865171 -0.017261405 0.002737257 0.999705076
34.166325 0.017976200 0.138743982 0.028403720 -0.016688004 -0.018090257 0.003028934 0.999692559
34.199658 0.016957022 0.140302613 0.028970854 -0.016690051 -0.019013850 0.002674387 0.999676406
34.232991 0.015999366 0.141073421 0.029291281 -0.016743306 -0.019746525 0.002442043 0.999661863
34.266324 0.016004067 0.141846135 0.028981162 -0.016545229 -0.019774476 0.001945995 0.999665678
34.299657 0.016787684 0.142817333 0.029994529 -0.016438629 -0.019398304 0.001983181 0.999674737
34.332990 0.017668815 0.142062351 0.030609660 -0.016900267 -0.019213831 0.002729942 0.999668837
34.366323 0.017515641 0.141499415 0.030512644 -0.017003544 -0.019022485 0.002918484 0.999670267
34.399656 0.015571388 0.147044942 0.029793121 -0.016282005 -0.018709619 0.003084613 0.999687612
34.432989 0.015577465 0.146868259 0.029536312 -0.016607434 -0.019004835 0.003426545 0.999675632
34.466322 0.014674087 0.147007421 0.028727520 -0.016762691 -0.019299649 0.003482956 0.999667168
34.499655 0.015452941 0.147434801 0.028404921 -0.016978411 -0.019886281 0.003738118 0.999651134
34.532988 0.014727047 0.147965401 0.027823612 -0.016828729 -0.020450065 0.003975320 0.999641418
34.566321 0.013828902 0.149501830 0.029551158 -0.016855866 -0.020331340 0.004353432 0.999641716
34.599654 0.013113879 0.150785461 0.029552747 -0.016588366 -0.020109206 0.004472241 0.999650240
34.632987 0.014248297 0.150775895 0.029497201 -0.016470382 -0.020008216 0.004762559 0.999652803
34.666320 0.014176169 0.151099473 0.029200764 -0.016365560 -0.019676734 0.004852906 0.999660671
34.699653 0.015377708 0.150544882 0.029069785 -0.016419388 -0.019869702 0.004970165 0.999655366
34.732986 0.014884992 0.151103765 0.028905345 -0.016465817 -0.020270556 0.005083029 0.999646068
34.766319 0.015620896 0.150023624 0.028535154 -0.016682012 -0.020355975 0.005736121 0.999637187
34.799652 0.016511543 0.151058435 0.028445557 -0.016480431 -0.019965220 0.005871611 0.999647617
34.832985 0.016147392 0.151802480 0.027571915 -0.016062388 -0.019156767 0.005720529 0.999671102
34.866318 0.017557343 0.152049363 0.027518081 -0.016023412 -0.018766431 0.005876930 0.999678254
34.899651 0.018013177 0.150619075 0.026291043 -0.016224541 -0.018236879 0.006147955 0.999683201
34.932984 0.017190453 0.151424855 0.027139902 -0.016598007 -0.019194549 0.005394865 0.999663472
34.966317 0.016937975 0.151809946 0.027097307 -0.015874417 -0.019837629 0.005531202 0.999661922
34.999650 0.015748523 0.154449925 0.027086800 -0.014712152 -0.018639106 0.005617737 0.999702275
35.032983 0.018124541 0.151698709 0.026406175 -0.014553095 -0.017051326 0.006072532 0.999730349
35.066316 0.020527124 0.151118457 0.025330475 -0.014171820 -0.016385322 0.005440450 0.999750555
35.099649 0.019946225 0.150934562 0.024886034 -0.013642132 -0.016241366 0.005064775 0.999762177
35.132982 0.019074475 0.150769711 0.024524767 -0.013672051 -0.016248666 0.005614398 0.999758780
35.166315 0.019030325 0.150507420 0.023126274 -0.013415945 -0.016801361 0.006290036 0.999749064
35.199648 0.018712085 0.150603548 0.023021206 -0.013279042 -0.016678022 0.006428561 0.999752104
35.232981 0.018574717 0.150585487 0.021997254 -0.013092036 -0.016251966 0.006304497 0.999762356
35.266314 0.019490942 0.150970176 0.023309128 -0.013046518 -0.015744574 0.006455226 0.999770105
35.299647 0.019235451 0.150363788 0.022497514 -0.012860410 -0.015306299 0.006131155 0.999781370
35.332980 0.018798867 0.150257066 0.021948602 -0.012680016 -0.014776192 0.005908472 0.999792993
35.366313 0.018832406 0.150827572 0.022832775 -0.012947052 -0.014482447 0.005990312 0.999793351
35.399646 0.019664593 0.150424704 0.022099646 -0.012913447 -0.014469332 0.006038194 0.999793708
35.432979 0.018396730 0.151662737 0.023686459 -0.012932835 -0.014996252 0.005835659 0.999786913
35.466312 0.018900597 0.150492832 0.022989685 -0.013407612 -0.015664510 0.005891209 0.999770105
35.499645 0.018034087 0.151054472 0.023821704 -0.013799555 -0.016398925 0.005777713 0.999753594
35.532978 0.017831614 0.150287151 0.022616012 -0.014201034 -0.017836768 0.005747920 0.999723554
35.566311 0.017680293 0.150347054 0.022627944 -0.013668712 -0.019525152 0.005104132 0.999702930
35.599644 0.017182034 0.152525738 0.025200021 -0.013243851 -0.020234631 0.004632448 0.999696791
35.632977 0.016267201 0.148195550 0.026878847 -0.013907614 -0.020587267 0.004695585 0.999680281
35.666310 0.017068010 0.147492513 0.026061874 -0.014319972 -0.021093547 0.005131985 0.999661803
35.699643 0.015510333 0.148056284 0.026015352 -0.013767906 -0.021517081 0.004698155 0.999662697
35.732976 0.016353680 0.146662712 0.024350347 -0.013484074 -0.021428993 0.004633131 0.999668777
35.766309 0.016849834 0.147854343 0.025842646 -0.013353763 -0.021060642 0.004658562 0.999678135
35.799642 0.014610703 0.148101076 0.025010107 -0.013080477 -0.020149747 0.004453018 0.999701500
35.832975 0.015485066 0.146377102 0.023014367 -0.013109645 -0.019756056 0.003885732 0.999711335
35.866308 0.017924191 0.146792158 0.023468897 -0.012464256 -0.019874711 0.003893312 0.999717236
35.899641 0.015850054 0.144855037 0.020142104 -0.012814160 -0.019139459 0.003662073 0.999728024
35.932974 0.016673356 0.145706326 0.021015806 -0.012288305 -0.018641122 0.003511375 0.999744594
35.966307 0.015416938 0.144244060 0.017250409 -0.012084944 -0.017886020 0.003249143 0.999761760
35.999640 0.016147703 0.144062430 0.017798975 -0.011881172 -0.017694717 0.002931064 0.999768555
36.032973 0.013079849 0.144298404 0.015548632 -0.011304973 -0.016785653 0.002289440 0.999792635
36.066306 0.012402941 0.143966854 0.014621176 -0.011178635 -0.016459277 0.002020801 0.999800026
36.099639 0.010617580 0.142825663 0.017186970 -0.011558886 -0.016400497 0.001857890 0.999796987
36.132972 0.011843184 0.143493563 0.018663611 -0.011140702 -0.016215080 0.001988220 0.999804556
36.166305 0.009976323 0.144127160 0.017277217 -0.010383201 -0.014781852 0.001348422 0.999835968
36.199638 0.012062285 0.144458354 0.019007050 -0.010245730 -0.014654518 0.001728423 0.999838710
36.232971 0.011434715 0.144740254 0.019165698 -0.009754197 -0.014921274 0.001295633 0.999840319
36.266304 0.010171070 0.151186302 0.013858271 -0.007615462 -0.017381100 0.000980829 0.999819517
36.299637 0.005927845 0.151082277 0.011821536 -0.007645833 -0.016718989 0.001027611 0.999830484
36.332970 0.008333115 0.143271431 0.012286942 -0.008245952 -0.015962757 0.000831150 0.999838293
36.366303 0.012608770 0.145737216 0.016562203 -0.007566179 -0.017005635 0.000697479 0.999826550
36.399636 0.008513372 0.151117906 0.012055417 -0.007005360 -0.016567869 0.000385419 0.999838173
36.432969 0.007701871 0.151558429 0.012306349 -0.007067779 -0.016876129 0.000280011 0.999832630
36.466302 0.011295411 0.143523440 0.015483080 -0.008227820 -0.016925570 0.000376525 0.999822855
36.499635 0.012089830 0.143913403 0.016719455 -0.008130855 -0.016510228 0.000408772 0.999830604
36.532968 0.008874410 0.152269572 0.013167431 -0.006843089 -0.016481880 0.000199163 0.999840796
36.566301 0.008895697 0.151257306 0.012267469 -0.006848480 -0.016635649 0.000079138 0.999838173
36.599634 0.010315726 0.143455908 0.015369962 -0.007891664 -0.016784018 0.000357678 0.999827981
36.632967 0.006782530 0.143561527 0.014141928 -0.007940281 -0.016583860 0.000210825 0.999830961
36.666300 0.010352330 0.144814506 0.018749926 -0.007946371 -0.017365031 0.000216743 0.999817610
36.699633 0.006353877 0.151823685 0.012162974 -0.007034482 -0.017104380 -0.000043456 0.999829054
36.732966 0.010131486 0.145079657 0.013476172 -0.007972396 -0.017922245 0.000421039 0.999807537
36.766299 0.006850477 0.144323319 0.013493162 -0.007926729 -0.017124400 -0.000067685 0.999821961
36.799632 0.006668994 0.145254880 0.016905105 -0.007805038 -0.016024793 -0.000244543 0.999841154
36.832965 0.011138573 0.144935682 0.018522544 -0.008007655 -0.016532326 -0.000226067 0.999831319
36.866298 0.010627348 0.151169389 0.014100040 -0.007009293 -0.016716894 -0.000443136 0.999835610
36.899631 0.009655441 0.151005983 0.013709677 -0.007171582 -0.016455570 -0.000307068 0.999838889
36.932964 0.008006647 0.150370196 0.012499784 -0.007319880 -0.016724173 -0.000219867 0.999833345
36.966297 0.006832515 0.151238337 0.013196141 -0.007124604 -0.017563347 -0.000001056 0.999820411
36.999630 0.003551595 0.151616707 0.011326813 -0.007073996 -0.016303981 -0.000393280 0.999841988
37.032963 0.005089308 0.151035875 0.012706857 -0.007267418 -0.016420670 -0.000482700 0.999838710
37.066296 0.006247792 0.150988713 0.012686064 -0.007080982 -0.016729183 -0.000618312 0.999834836
37.099629 0.006397044 0.150067091 0.012196975 -0.007726745 -0.016703151 -0.000673682 0.999830425
37.132962 0.005817689 0.150550961 0.011891373 -0.007630032 -0.018076811 -0.000654514 0.999807298
37.166295 0.005970819 0.151876226 0.011981611 -0.007481248 -0.018118966 -0.000974597 0.999807358
37.199628 0.008581519 0.152951539 0.013422025 -0.007274881 -0.017540680 -0.000893909 0.999819279
37.232961 0.008848490 0.152105585 0.014311071 -0.007268542 -0.017558120 -0.000991364 0.999818981
37.266294 0.007080137 0.150824472 0.012336768 -0.007637945 -0.017285982 -0.000881948 0.999821067
37.299627 0.004580967 0.152330279 0.012698211 -0.007517345 -0.016446605 -0.001159776 0.999835849
37.332960 0.006769345 0.151253745 0.013147329 -0.007895281 -0.016569640 -0.000985117 0.999831080
37.366293 0.005884193 0.150539055 0.012200432 -0.008206550 -0.017339803 -0.000845203 0.999815643
37.399626 0.005285337 0.151967570 0.011961409 -0.008066570 -0.017308900 -0.000722924 0.999817431
37.432959 0.005768451 0.151116893 0.012387880 -0.008077734 -0.016743965 -0.000618073 0.999827027
37.466292 0.005861206 0.151046932 0.012615616 -0.008254537 -0.017154841 -0.000697843 0.999818563
37.499625 0.005987886 0.151904419 0.012984263 -0.008281738 -0.016846431 -0.000652625 0.999823630
37.532958 0.007488518 0.151333675 0.013733480 -0.008580969 -0.015997853 -0.000683210 0.999835014
37.566291 0.006533220 0.144927502 0.016289450 -0.009805843 -0.015852029 -0.000861300 0.999825895
37.599624 0.008450662 0.144691125 0.017128546 -0.009984836 -0.016164301 -0.000919527 0.999819040
37.632957 0.008348127 0.144648224 0.016979398 -0.010162943 -0.016183026 -0.000570695 0.999817252
37.666290 0.006895744 0.150514171 0.014108074 -0.009413701 -0.016608065 -0.000399338 0.999817669
37.699623 0.008589650 0.145573020 0.017024739 -0.010364812 -0.017375549 -0.000155941 0.999795318
37.732956 0.009007985 0.145081803 0.017626649 -0.010663171 -0.017499965 -0.000175702 0.999790013
37.766289 0.010914719 0.143500179 0.019369075 -0.011139742 -0.016093792 -0.000350109 0.999808371
37.799622 0.009490184 0.152192473 0.019045470 -0.010003003 -0.015150627 -0.000441841 0.999835134
37.832955 0.008524869 0.150963619 0.017274218 -0.010295029 -0.016585447 -0.000513068 0.999809384
37.866288 0.006430456 0.150759473 0.015279383 -0.010451886 -0.016656056 -0.000451936 0.999806583
37.899621 0.009268426 0.144146144 0.019307962 -0.011601050 -0.015778489 -0.000782791 0.999807954
37.932954 0.006405266 0.151259661 0.017950274 -0.010719892 -0.015058422 -0.000930344 0.999828815
37.966287 0.006895033 0.151544765 0.019160597 -0.010781178 -0.016546546 -0.000754392 0.999804735
37.999620 0.007935759 0.150525063 0.018365929 -0.011112511 -0.016806182 -0.001014443 0.999796510
38.032953 0.006935528 0.150555387 0.017834868 -0.010978560 -0.015431784 -0.001259448 0.999819875
38.066286 0.006132109 0.151806816 0.020408161 -0.011005753 -0.015368260 -0.001564975 0.999820113
38.099619 0.006460309 0.151426256 0.019870175 -0.010970224 -0.016594984 -0.001487999 0.999801040
38.132952 0.007140670 0.150233284 0.017719908 -0.011105709 -0.016563926 -0.001555988 0.999799907
38.166285 0.006015541 0.150043026 0.017544134 -0.011030179 -0.015411569 -0.001815109 0.999818742
38.199618 0.008283626 0.152018234 0.020246230 -0.010717022 -0.015791634 -0.001989836 0.999815941
38.232951 0.006906101 0.151532069 0.019447817 -0.010635527 -0.016712425 -0.002116197 0.999801576
38.266284 0.007242993 0.151018664 0.018611198 -0.010598650 -0.016496865 -0.002145244 0.999805450
38.299617 0.006649722 0.150177583 0.016498527 -0.010496224 -0.015478103 -0.002239294 0.999822617
38.332950 0.005959543 0.151680470 0.017921582 -0.010162622 -0.015869504 -0.002309481 0.999819756
38.366283 0.005394556 0.150826663 0.016952127 -0.010106513 -0.016526528 -0.002286623 0.999809742
38.399616 0.004645099 0.151292726 0.015554495 -0.009858496 -0.016070271 -0.002242085 0.999819756
38.432949 0.005904282 0.150218382 0.015048092 -0.009878629 -0.015649607 -0.002239169 0.999826252
38.466282 0.006098024 0.150784254 0.016899245 -0.009835622 -0.016202847 -0.001884073 0.999818563
38.499615 0.006204332 0.151076719 0.015436098 -0.009570110 -0.016555894 -0.001992915 0.999815166
38.532948 0.006324590 0.150723070 0.015015553 -0.009736155 -0.016044682 -0.001809948 0.999822259
38.566281 0.006271269 0.150972724 0.016041959 -0.009645195 -0.015766909 -0.001629159 0.999827921
38.599614 0.008099253 0.150060371 0.016085995 -0.009956324 -0.016343804 -0.001279959 0.999816000
38.632947 0.005409936 0.150576040 0.014095809 -0.009797792 -0.016200159 -0.001280633 0.999819934
38.666280 0.006392284 0.150860801 0.015173347 -0.009973365 -0.015760802 -0.001208176 0.999825358
38.699613 0.008941237 0.150695994 0.016475933 -0.009996094 -0.015903590 -0.001015736 0.999823093
38.732946 0.008708488 0.150817245 0.017697254 -0.010331028 -0.016370354 -0.000769621 0.999812365
38.766279 0.006336863 0.150413811 0.015601030 -0.010328105 -0.016157201 -0.000893353 0.999815762
38.799612 0.008123498 0.143608555 0.018838042 -0.011591634 -0.015960673 -0.000796169 0.999805152
38.832945 0.008903585 0.143496990 0.019926222 -0.011684815 -0.015978586 -0.000807277 0.999803722
38.866278 0.006142079 0.150385395 0.016542697 -0.010849659 -0.015994696 -0.000892223 0.999812841
38.899611 0.007478043 0.143599704 0.020355351 -0.011971862 -0.016215639 -0.000819380 0.999796569
38.932944 0.008616340 0.150583252 0.018420024 -0.011107838 -0.015879788 -0.000843261 0.999811888
38.966277 0.007607858 0.150965959 0.018803179 -0.011010099 -0.015813138 -0.000856616 0.999814034
38.999610 0.008583778 0.150702789 0.019018190 -0.011120127 -0.016362611 -0.000824591 0.999803960
39.032943 0.007938564 0.150821373 0.018365886 -0.011004250 -0.016099799 -0.001079850 0.999809265
39.066276 0.007346551 0.150678843 0.018108880 -0.010972366 -0.015654864 -0.001225261 0.999816477
39.099609 0.007393461 0.151213378 0.018988322 -0.010771117 -0.015874598 -0.001183308 0.999815285
39.132942 0.008566069 0.150997370 0.018308967 -0.010758470 -0.016322235 -0.001115706 0.999808311
39.166275 0.007926170 0.150542662 0.018182866 -0.010641597 -0.016109137 -0.001453500 0.999812603
39.199608 0.006615916 0.150419891 0.017364230 -0.010547151 -0.015684851 -0.001473779 0.999820292
39.232941 0.008191931 0.150373980 0.017018940 -0.010336159 -0.016085168 -0.001457938 0.999816179
39.266274 0.006392270 0.150761738 0.016793918 -0.010178311 -0.016162882 -0.001565461 0.999816358
39.299607 0.006905917 0.150489807 0.015936378 -0.009928083 -0.016081711 -0.001658003 0.999820054
39.332940 0.006962386 0.151259288 0.017297577 -0.009779857 -0.015948726 -0.001634039 0.999823689
39.366273 0.005428528 0.151315257 0.016512450 -0.009603593 -0.016033182 -0.001732771 0.999823809
39.399606 0.006912981 0.150419563 0.014986450 -0.009680487 -0.016212216 -0.001602144 0.999820471
39.432939 0.006179696 0.150638178 0.015422525 -0.009537961 -0.015906828 -0.001675494 0.999826610
39.466272 0.005362165 0.150380850 0.014550331 -0.009644536 -0.015840661 -0.001742702 0.999826491
39.499605 0.005575100 0.151526153 0.015886640 -0.009411494 -0.016117036 -0.001829937 0.999824166
39.532938 0.007577868 0.150776222 0.016852109 -0.009790954 -0.016213590 -0.001475043 0.999819517
39.566271 0.006190247 0.152273700 0.018096125 -0.009569001 -0.015938822 -0.001565484 0.999826014
39.599604 0.007388547 0.151277751 0.017950609 -0.009892531 -0.016090965 -0.001403280 0.999820590
39.632937 0.007552577 0.150845915 0.016534077 -0.009978886 -0.016098142 -0.001290987 0.999819815
39.666270 0.007084629 0.150637820 0.016991297 -0.010243340 -0.015981693 -0.001079879 0.999819279
39.699603 0.007128187 0.150862575 0.016736383 -0.010252412 -0.015858047 -0.001040633 0.999821186
39.732936 0.008082149 0.150851846 0.017391387 -0.010445905 -0.016025122 -0.000889622 0.999816656
39.766269 0.008746563 0.150699064 0.017524788 -0.010539368 -0.016180513 -0.000840340 0.999813259
39.799602 0.005828844 0.150927126 0.016757714 -0.010616170 -0.015673440 -0.000843449 0.999820530
39.832935 0.008702163 0.151361406 0.019341972 -0.010636548 -0.016011013 -0.000593354 0.999815106
39.866268 0.008193203 0.151338547 0.018925350 -0.010702885 -0.016022081 -0.000598516 0.999814212
39.899601 0.008111019 0.151549965 0.019040257 -0.010675125 -0.016024340 -0.000572074 0.999814510
39.932934 0.007610372 0.151097417 0.018360021 -0.010768075 -0.015875412 -0.000440300 0.999815941
39.966267 0.007742640 0.152196005 0.019525882 -0.010594434 -0.015936475 -0.000460403 0.999816775
39.999600 0.007961782 0.151814684 0.018888202 -0.010617347 -0.015985109 -0.000328115 0.999815822
40.032933 0.008003099 0.151620641 0.018774603 -0.010616886 -0.016013879 -0.000363101 0.999815345
40.066266 0.008122894 0.151448011 0.018195841 -0.010493230 -0.015921712 -0.000291574 0.999818206
40.099599 0.009179139 0.151479319 0.018658489 -0.010359576 -0.016088137 -0.000447975 0.999816835
40.132932 0.008865363 0.150894687 0.017858204 -0.010415153 -0.016035462 -0.000433318 0.999817073
40.166265 0.007410982 0.150703534 0.016918413 -0.010196844 -0.015883658 -0.000696045 0.999821663
40.199598 0.008817741 0.150847688 0.017585523 -0.010123160 -0.015991334 -0.000593859 0.999820709
40.232931 0.009140136 0.150586382 0.016731201 -0.010039883 -0.016132573 -0.000682676 0.999819279
40.266264 0.008212729 0.150579736 0.016387681 -0.009943496 -0.016119188 -0.000886086 0.999820292
40.299597 0.007377330 0.151265711 0.015882898 -0.009712053 -0.015971223 -0.000850633 0.999824941
40.332930 0.006997775 0.144327849 0.018332692 -0.010728989 -0.015966721 -0.001083796 0.999814391
40.366263 0.008333019 0.152519554 0.016557764 -0.009513620 -0.015948061 -0.001158566 0.999826908
40.399596 0.004641761 0.153366715 0.015093148 -0.009309730 -0.015883597 -0.001588116 0.999829292
40.432929 0.006399516 0.146063074 0.019946698 -0.010392891 -0.016048448 -0.001706108 0.999815762
40.466262 0.006389294 0.146401092 0.018916771 -0.010398828 -0.016021222 -0.001695345 0.999816179
40.499595 0.007706236 0.148419142 0.017903050 -0.010219516 -0.016187944 -0.001598981 0.999815464
40.532928 0.005084836 0.146413550 0.017005855 -0.010410197 -0.015888233 -0.001262586 0.999818802
40.566261 0.007914776 0.144306645 0.020757325 -0.010858055 -0.015871633 -0.000252712 0.999815047
40.599594 0.008191613 0.143556729 0.022071538 -0.011088505 -0.015712973 0.000122256 0.999815106
40.632927 0.005810943 0.140211627 0.020944944 -0.011789518 -0.015283390 0.000225503 0.999813735
40.666260 0.009539211 0.142515972 0.023590604 -0.011732142 -0.015649067 0.000001053 0.999808729
40.699593 0.008732072 0.144355819 0.025695493 -0.011544236 -0.015176224 -0.000104404 0.999818206
40.732926 0.008451379 0.151090130 0.026151258 -0.010447377 -0.014882429 -0.000758220 0.999834418
40.766259 0.007585406 0.150079414 0.026832705 -0.010912480 -0.014511458 -0.000915031 0.999834776
40.799592 0.005677504 0.149752483 0.028166486 -0.010904861 -0.013952338 -0.000398990 0.999843121
40.832925 0.013220022 0.159066215 0.035027124 -0.009265668 -0.014486760 -0.000386890 0.999852061
40.866258 0.008929459 0.151923984 0.027263340 -0.010910676 -0.015237362 -0.001404415 0.999823451
40.899591 0.001044265 0.143667147 0.016835136 -0.012279063 -0.015256807 -0.001818381 0.999806583
40.932924 0.010275161 0.151331246 0.022469180 -0.010633233 -0.015951199 -0.000893895 0.999815822
40.966257 0.001850371 0.149604812 0.021538388 -0.010804787 -0.015241124 -0.001037741 0.999824941
40.999590 0.001306854 0.149900571 0.021328900 -0.010674492 -0.015248551 -0.000939713 0.999826372
41.032923 0.003165485 0.148213357 0.023436243 -0.010939341 -0.015350377 -0.000738405 0.999822080
41.066256 0.000640148 0.151579052 0.025164768 -0.010099835 -0.014626155 -0.000908308 0.999841630
41.099589 0.001630901 0.156955242 0.027629448 -0.009071629 -0.014699959 -0.000988008 0.999850392
41.132922 0.001557863 0.154715911 0.027315984 -0.009448848 -0.014521552 -0.000815772 0.999849617
41.166255 -0.001272359 0.156730428 0.027955016 -0.008915215 -0.014281770 -0.000822918 0.999857962
41.199588 0.002219961 0.155986205 0.027821435 -0.008999462 -0.014610809 -0.000809098 0.999852419
41.232921 0.003635804 0.157180667 0.026339354 -0.008790353 -0.014935938 -0.000726038 0.999849558
41.266254 0.004907065 0.158357576 0.027173383 -0.008674266 -0.014736677 -0.000532861 0.999853671
41.299587 0.001482334 0.155654505 0.023770666 -0.009175005 -0.014013580 -0.000258327 0.999859750
41.332920 0.003491523 0.156181768 0.025083577 -0.008921595 -0.014660236 -0.000509738 0.999852598
41.366253 0.000489076 0.153355986 0.023085231 -0.009415024 -0.013884461 -0.000306996 0.999859273
41.399586 -0.004296527 0.152349710 0.025104763 -0.009523173 -0.013448770 -0.000423325 0.999864161
41.432919 -0.002845088 0.151073933 0.024167188 -0.009636787 -0.013634224 -0.000554115 0.999860466
41.466252 -0.001927809 0.153631702 0.026111562 -0.009257072 -0.013960975 -0.000565206 0.999859571
41.499585 -0.000558060 0.154226705 0.026310971 -0.009030111 -0.014383179 -0.000967006 0.999855340
41.532918 0.000305134 0.154512241 0.027017046 -0.009060318 -0.014572658 -0.000983580 0.999852359
41.566251 0.002773005 0.157100230 0.026625434 -0.008755538 -0.014779361 -0.000969007 0.999852061
41.599584 0.004037510 0.157755062 0.027448431 -0.008647510 -0.014978386 -0.001232590 0.999849737
41.632917 0.000916616 0.156902581 0.027266985 -0.008993886 -0.014621378 -0.000898151 0.999852300
41.666250 0.001068901 0.153660938 0.027236186 -0.009488946 -0.014698901 -0.001063982 0.999846399
41.699583 0.002987189 0.157810152 0.027095292 -0.009084526 -0.014972658 -0.001552420 0.999845445
41.732916 0.002057792 0.155972019 0.028300591 -0.009379142 -0.014953185 -0.001663252 0.999842882
41.766249 0.004124149 0.150571659 0.030183684 -0.010073450 -0.015273633 -0.001489195 0.999831557
41.799582 0.004549750 0.156140193 0.028080774 -0.009404016 -0.015304190 -0.001611639 0.999837399
41.832915 0.003404605 0.155434445 0.027531268 -0.009496098 -0.015130266 -0.001586002 0.999839246
41.866248 0.005162041 0.150634661 0.029323325 -0.010108368 -0.015349491 -0.001435864 0.999830067
41.899581 0.004696890 0.150890201 0.029206797 -0.010043019 -0.015319446 -0.001365952 0.999831319
41.932914 0.003458772 0.151157364 0.029253868 -0.010032951 -0.015225398 -0.001224461 0.999833047
41.966247 0.003840456 0.150933191 0.028660323 -0.010092295 -0.015142979 -0.000949881 0.999834001
41.999580 0.004899765 0.150235638 0.027994407 -0.010059359 -0.015220677 -0.001170491 0.999832869
42.032913 0.004434756 0.149786264 0.027250372 -0.010096403 -0.015159774 -0.001009168 0.999833643
42.066246 0.005372214 0.149936050 0.027407501 -0.010005182 -0.015265323 -0.001112867 0.999832809
42.099579 0.003917862 0.154602766 0.025455417 -0.009341937 -0.015125504 -0.001063548 0.999841452
42.132912 0.003894713 0.155400947 0.026025817 -0.009225228 -0.015186676 -0.001129009 0.999841511
42.166245 0.004772329 0.149810538 0.026736045 -0.009853808 -0.015256269 -0.000784323 0.999834836
42.199578 0.004550812 0.150081486 0.027204825 -0.009862875 -0.015219132 -0.000557146 0.999835432
42.232911 0.005985948 0.149507508 0.026833531 -0.009847250 -0.015313795 -0.000698338 0.999834061
42.266244 0.005337543 0.156145617 0.024874985 -0.008929649 -0.015240101 -0.000909476 0.999843657
42.299577 0.004782336 0.154084384 0.024133682 -0.009231093 -0.015131556 -0.000891690 0.999842584
42.332910 0.006537519 0.156607017 0.023601845 -0.008918616 -0.015364832 -0.001093855 0.999841571
42.366243 0.003606956 0.155085593 0.023138236 -0.009011175 -0.014817069 -0.000496532 0.999849558
42.399576 0.006023213 0.156102091 0.024243487 -0.008857220 -0.015188449 -0.000579885 0.999845266
42.432909 0.007287977 0.156401798 0.023850853 -0.008857313 -0.015209102 -0.000626548 0.999844909
42.466242 0.005837508 0.153155088 0.024083292 -0.009452416 -0.015130802 -0.000737651 0.999840617
42.499575 0.003818641 0.152455553 0.023246836 -0.009617760 -0.014949722 -0.000758438 0.999841690
42.532908 0.004828793 0.151815519 0.022771498 -0.009804302 -0.015043519 -0.000813557 0.999838531
42.566241 0.003995517 0.151871949 0.022282586 -0.009904955 -0.014958358 -0.000773477 0.999838769
42.599574 0.004261817 0.152334392 0.022291871 -0.009865424 -0.014984878 -0.000848632 0.999838769
42.632907 0.004166064 0.152376935 0.022906044 -0.009947803 -0.015066724 -0.000802804 0.999836743
42.666240 0.004885935 0.151846305 0.022620549 -0.010026692 -0.015231308 -0.000903573 0.999833405
42.699573 0.004041472 0.152878210 0.023482444 -0.009863215 -0.015148793 -0.000858870 0.999836266
42.732906 0.004437285 0.152819872 0.023396110 -0.009887593 -0.015286476 -0.000978698 0.999833822
42.766239 0.004858496 0.152691603 0.023729838 -0.009884139 -0.015349583 -0.001085582 0.999832809
42.799572 0.005627031 0.153387561 0.024287630 -0.009775127 -0.015403013 -0.001039227 0.999833107
42.832905 0.004921422 0.153381079 0.024215980 -0.009779320 -0.015256019 -0.000995147 0.999835312
42.866238 0.004890824 0.151822060 0.023285391 -0.009974575 -0.015224729 -0.000984430 0.999833882
42.899571 0.004023149 0.152770802 0.023624519 -0.009783980 -0.015195155 -0.000950064 0.999836266
42.932904 0.004222187 0.152390674 0.023786226 -0.009861895 -0.015088233 -0.000792611 0.999837279
42.966237 0.003834450 0.149987370 0.023334997 -0.010262006 -0.014921984 -0.000507981 0.999835908
42.999570 0.004118063 0.151803270 0.022727177 -0.010001921 -0.014960605 -0.000272374 0.999838114
43.032903 0.005595672 0.152964175 0.023000466 -0.009757304 -0.015032268 -0.000318442 0.999839365
43.066236 0.006036527 0.152677745 0.022714380 -0.009711578 -0.015076593 -0.000254101 0.999839187
43.099569 0.006575320 0.152046591 0.023645042 -0.009728665 -0.015207901 -0.000337660 0.999837041
43.132902 0.001718274 0.146470234 0.021945529 -0.010564402 -0.014546457 -0.000241553 0.999838412
43.166235 0.006825353 0.152877852 0.022949317 -0.009456686 -0.015456188 -0.000422568 0.999835789
43.199568 0.005867325 0.151863366 0.021434886 -0.009586923 -0.015238860 -0.000406228 0.999837935
43.232901 0.005600428 0.151936561 0.021524347 -0.009470549 -0.015254304 -0.000668319 0.999838591
43.266234 0.005394001 0.151904956 0.021278551 -0.009478563 -0.015179507 -0.000604059 0.999839723
43.299567 0.005631561 0.150785029 0.020934846 -0.009664096 -0.015297866 -0.000660123 0.999836147
43.332900 0.005277799 0.149102792 0.020320307 -0.009936964 -0.015223086 -0.000748428 0.999834478
43.366233 0.008367457 0.158326894 0.021833709 -0.008707413 -0.015763389 -0.001265266 0.999837101
43.399566 0.006184262 0.150871396 0.020229857 -0.009734902 -0.015301669 -0.000957185 0.999835134
43.432899 0.005924902 0.150211886 0.020027552 -0.009891657 -0.015275040 -0.000945591 0.999834001
43.466232 0.006258978 0.150720075 0.020343700 -0.009814137 -0.015523076 -0.001099197 0.999830782
43.499565 0.008058239 0.148244843 0.019347606 -0.010357629 -0.015632406 -0.000976320 0.999823749
43.532898 0.006502505 0.148409873 0.019849436 -0.010375078 -0.015462540 -0.001027051 0.999826133
43.566231 0.010010104 0.149081469 0.024132164 -0.010510059 -0.016045494 -0.001338384 0.999815166
43.599564 0.007561256 0.148528323 0.019108342 -0.010486541 -0.015553144 -0.001076927 0.999823511
43.632897 0.007214046 0.149222851 0.019587282 -0.010413545 -0.015530579 -0.001077416 0.999824643
43.666230 0.006526851 0.150099814 0.020341996 -0.010254843 -0.015528022 -0.001104100 0.999826252
43.699563 0.007122439 0.150154173 0.019171150 -0.010300673 -0.015518138 -0.001051744 0.999826014
43.732896 0.006561026 0.151223436 0.020237222 -0.010086381 -0.015491480 -0.001031814 0.999828637
43.766229 0.007949065 0.151116163 0.020506714 -0.010153260 -0.015702525 -0.001009353 0.999824703
43.799562 0.006952992 0.151369438 0.020723494 -0.010038930 -0.015695507 -0.001015681 0.999825895
43.832895 0.007790372 0.149857283 0.018463517 -0.010253454 -0.015679063 -0.000989930 0.999824047
43.866228 0.007158672 0.149593309 0.019176658 -0.010239962 -0.015703073 -0.000811141 0.999823928
43.899561 0.010949258 0.147687033 0.022858175 -0.010676259 -0.016354332 -0.001014726 0.999808788
43.932894 0.010647061 0.147720635 0.021826569 -0.010578986 -0.016339827 -0.001093185 0.999809921
43.966227 0.010225918 0.149684265 0.021974208 -0.010228409 -0.016297061 -0.001026884 0.999814332
43.999560 0.006976274 0.149970233 0.018120551 -0.010007809 -0.015598423 -0.000641571 0.999828100
44.032893 0.007092196 0.149482146 0.017922767 -0.010054350 -0.015625285 -0.000631985 0.999827206
44.066226 0.009338411 0.148695156 0.021456735 -0.010234823 -0.016105417 -0.000999140 0.999817431
44.099559 0.008912693 0.148606330 0.021565225 -0.010202120 -0.016122174 -0.000993079 0.999817491
44.132892 0.009505213 0.147720218 0.021149591 -0.010280963 -0.016167236 -0.001054049 0.999815941
44.166225 0.009866920 0.147185788 0.021052083 -0.010398355 -0.016215838 -0.000996591 0.999813914
44.199558 0.009409328 0.146251664 0.020774541 -0.010514870 -0.016203953 -0.000920764 0.999813020
44.232891 0.008955639 0.146863878 0.021080952 -0.010420260 -0.016153108 -0.001044392 0.999814689
44.266224 0.010151045 0.146813661 0.021337794 -0.010503941 -0.016249262 -0.000997873 0.999812305
44.299557 0.010071121 0.147613719 0.022101449 -0.010378129 -0.016314659 -0.001019687 0.999812543
44.332890 0.009669978 0.146778509 0.022100678 -0.010585684 -0.016223352 -0.001005655 0.999811888
44.366223 0.010469546 0.146287769 0.021149648 -0.010678398 -0.016290573 -0.001155715 0.999809623
44.399556 0.010137725 0.146298513 0.022043606 -0.010747656 -0.016288308 -0.001088014 0.999808967
44.432889 0.009593795 0.145909831 0.023689192 -0.010923637 -0.016268717 -0.001037590 0.999807477
44.466222 0.010190088 0.146513566 0.022980455 -0.010835855 -0.016327897 -0.001166852 0.999807298
44.499555 0.008500125 0.153112218 0.019781454 -0.009901164 -0.016020425 -0.001239464 0.999821901
44.532888 0.009999068 0.145352989 0.023188632 -0.011090796 -0.016297394 -0.001170593 0.999804974
44.566221 0.008017934 0.151622072 0.019604709 -0.010211908 -0.015945891 -0.001247880 0.999819934
44.599554 0.009850513 0.153517932 0.019924603 -0.009928281 -0.016210521 -0.001368782 0.999818385
44.632887 0.009793309 0.153163463 0.020228120 -0.010028756 -0.016261319 -0.001292563 0.999816656
44.666220 0.009780213 0.152733088 0.019931072 -0.010083199 -0.016180079 -0.001203837 0.999817550
44.699553 0.010197201 0.153642133 0.018187774 -0.009946816 -0.016211167 -0.001363682 0.999818206
44.732886 0.010673899 0.152825713 0.018341709 -0.010069370 -0.016212041 -0.001229986 0.999817133
44.766219 0.009421681 0.153376430 0.018328410 -0.009920133 -0.016046962 -0.001191273 0.999821365
44.799552 0.011407604 0.152621537 0.017974451 -0.009836105 -0.016281571 -0.001135705 0.999818444
44.832885 0.010407068 0.152936623 0.018173099 -0.009720987 -0.016256353 -0.000887890 0.999820173
44.866218 0.009473545 0.152397409 0.018074760 -0.009746183 -0.016099596 -0.000917397 0.999822438
44.899551 0.009512973 0.153221503 0.018375106 -0.009557907 -0.016105793 -0.000883416 0.999824286
44.932884 0.009835548 0.153192773 0.017991187 -0.009463043 -0.016146161 -0.000932635 0.999824405
44.966217 0.010563854 0.153090969 0.017616151 -0.009400919 -0.016237700 -0.000830386 0.999823630
44.999550 0.010278013 0.153760716 0.018251454 -0.009253507 -0.016294707 -0.000841727 0.999824107
45.032883 0.009249154 0.153092518 0.017977640 -0.009278386 -0.016139327 -0.000807683 0.999826431
45.066216 0.009804698 0.152046800 0.016641419 -0.009413534 -0.016191892 -0.000873179 0.999824226
45.099549 0.011200940 0.153718889 0.017378844 -0.009140339 -0.016351329 -0.000899907 0.999824166
45.132882 0.009933321 0.152072102 0.016350470 -0.009355718 -0.016127972 -0.000876767 0.999825835
45.166215 0.010519304 0.152578592 0.016783126 -0.009279048 -0.016315816 -0.000935183 0.999823391
45.199548 0.009842552 0.152148172 0.017355174 -0.009396096 -0.016197015 -0.000808647 0.999824345
45.232881 0.009617561 0.152622819 0.017885374 -0.009371207 -0.016109997 -0.000784907 0.999826074
45.266214 0.010706328 0.154003158 0.018923260 -0.009213482 -0.016351646 -0.000839337 0.999823511
45.299547 0.009601097 0.153036758 0.018401086 -0.009391949 -0.016102619 -0.000836106 0.999825954
45.332880 0.009145549 0.153741673 0.018795563 -0.009351203 -0.016053755 -0.000945110 0.999826968
45.366213 0.010143623 0.153041750 0.018645041 -0.009549042 -0.016163712 -0.000853767 0.999823451
45.399546 0.009548611 0.152901188 0.018612579 -0.009598345 -0.016084932 -0.000941415 0.999824107
45.432879 0.009597545 0.153925195 0.019266341 -0.009546830 -0.016082179 -0.000915335 0.999824703
45.466212 0.009911081 0.153864354 0.019601017 -0.009630122 -0.016184671 -0.000969761 0.999822199
45.499545 0.009929125 0.153678864 0.019170474 -0.009640229 -0.016276438 -0.001039168 0.999820530
45.532878 0.010221283 0.153387159 0.018935682 -0.009756370 -0.016256137 -0.001000261 0.999819756
45.566211 0.011547945 0.154006794 0.019189350 -0.009674282 -0.016447168 -0.001048478 0.999817371
45.599544 0.011478329 0.153968945 0.019340677 -0.009687315 -0.016430676 -0.001103099 0.999817550
45.632877 0.010112093 0.153199434 0.018911034 -0.009816885 -0.016194496 -0.001002217 0.999820232
45.666210 0.010659908 0.154237747 0.019366575 -0.009576342 -0.016389819 -0.001049363 0.999819279
45.699543 0.011104591 0.153623343 0.018596258 -0.009644952 -0.016479427 -0.001021306 0.999817193
45.732876 0.010788805 0.153959841 0.019217033 -0.009606582 -0.016419558 -0.000863269 0.999818742
45.766209 0.011653600 0.153663769 0.018284470 -0.009564089 -0.016582146 -0.000886890 0.999816418
45.799542 0.011279668 0.153434038 0.017832732 -0.009576770 -0.016443621 -0.000915760 0.999818504
45.832875 0.011206064 0.153872073 0.018580396 -0.009423297 -0.016497253 -0.000806690 0.999819219
45.866208 0.012227773 0.155367821 0.019823637 -0.009130031 -0.016728772 -0.000855015 0.999818027
45.899541 0.011402112 0.154674739 0.018585542 -0.009132273 -0.016494181 -0.000866453 0.999821961
45.932874 0.011117894 0.154231921 0.018159201 -0.009131935 -0.016476812 -0.000827115 0.999822199
45.966207 0.011676322 0.154265761 0.018381961 -0.009132915 -0.016507894 -0.000772570 0.999821782
45.999540 0.011563928 0.154839680 0.018374214 -0.008980788 -0.016527811 -0.000914047 0.999822676
46.032873 0.010853854 0.153882980 0.018010868 -0.009118615 -0.016398143 -0.000894780 0.999823570
46.066206 0.011310112 0.154545665 0.018626187 -0.009008673 -0.016536945 -0.000851179 0.999822378
46.099539 0.010538463 0.154252484 0.018707024 -0.009051870 -0.016440596 -0.000899602 0.999823511
46.132872 0.011951262 0.154303566 0.018139787 -0.009035364 -0.016618017 -0.000935298 0.999820650
46.166205 0.011505010 0.154465318 0.018452935 -0.009006035 -0.016566707 -0.001067136 0.999821663
46.199538 0.010256667 0.152905598 0.017792568 -0.009347008 -0.016262973 -0.000880052 0.999823749
46.232871 0.011550899 0.153230146 0.017692911 -0.009337381 -0.016484447 -0.001012246 0.999820054
46.266204 0.011526337 0.154257089 0.018603845 -0.009262283 -0.016507085 -0.001080411 0.999820232
46.299537 0.009727669 0.153387219 0.018340841 -0.009450729 -0.016235074 -0.001074646 0.999823034
46.332870 0.011145461 0.153405786 0.018032584 -0.009517726 -0.016406773 -0.001140684 0.999819458
46.366203 0.010657456 0.153153956 0.018368682 -0.009643545 -0.016374009 -0.001094934 0.999818861
46.399536 0.011103354 0.154191241 0.019413535 -0.009519654 -0.016467422 -0.001035293 0.999818563
46.432869 0.012097733 0.153472736 0.018778704 -0.009693164 -0.016468901 -0.001117703 0.999816835
46.466202 0.010779785 0.153561592 0.019031623 -0.009704278 -0.016287846 -0.001095002 0.999819696
46.499535 0.012108864 0.154458046 0.019553132 -0.009571604 -0.016470913 -0.001131182 0.999817848
46.532868 0.012025628 0.154904902 0.019731833 -0.009484411 -0.016444422 -0.001175658 0.999819160
46.566201 0.012306412 0.154581010 0.019894458 -0.009588558 -0.016490478 -0.001062685 0.999817550
46.599534 0.011748183 0.156153560 0.020784074 -0.009250569 -0.016441770 -0.001076238 0.999821484
46.632867 0.012136043 0.155946642 0.020454377 -0.009255255 -0.016540544 -0.001110807 0.999819815
46.666200 0.012875991 0.155846834 0.020744598 -0.009250322 -0.016716771 -0.000992128 0.999817014
46.699533 0.012560815 0.155158788 0.020015290 -0.009341692 -0.016617524 -0.001012105 0.999817789
46.732866 0.012524186 0.154726669 0.019398687 -0.009366517 -0.016645998 -0.000915336 0.999817193
46.766199 0.012936373 0.156160772 0.020724399 -0.009103049 -0.016683212 -0.000798376 0.999819040
46.799532 0.011528557 0.154756024 0.019114323 -0.009227793 -0.016475352 -0.000807371 0.999821365
46.832865 0.012509950 0.155546367 0.019634802 -0.009051493 -0.016664118 -0.000749458 0.999819875
46.866198 0.013231151 0.155502364 0.020088295 -0.009056265 -0.016624399 -0.000685309 0.999820530
46.899531 0.013035573 0.156083599 0.020142538 -0.008904282 -0.016642425 -0.000745956 0.999821544
46.932864 0.012239363 0.155419469 0.019485835 -0.008989955 -0.016516052 -0.000699914 0.999822974
46.966197 0.012018037 0.155925363 0.019803461 -0.008866875 -0.016425589 -0.000747021 0.999825537
46.999530 0.012077475 0.155574352 0.019627277 -0.008932589 -0.016455607 -0.000702303 0.999824464
47.032863 0.011143540 0.156564906 0.020569401 -0.008783887 -0.016209269 -0.000704210 0.999829888
47.066196 0.011780794 0.156200603 0.020144448 -0.008830456 -0.016233942 -0.000749497 0.999828994
47.099529 0.011507398 0.156288847 0.020727735 -0.008872790 -0.016272547 -0.000770458 0.999827981
47.132862 0.011136685 0.155979306 0.020066729 -0.008922364 -0.016235797 -0.000886675 0.999828041
47.166195 0.011283448 0.156151310 0.021288574 -0.009004938 -0.016196588 -0.000805502 0.999828041
47.199528 0.012090804 0.155486748 0.019221576 -0.009060105 -0.016233740 -0.000986250 0.999826729
47.232861 0.011204947 0.156333759 0.021101123 -0.009043314 -0.016235799 -0.000956317 0.999826849
47.266194 0.011573506 0.156866878 0.021996893 -0.009052056 -0.016332261 -0.000915192 0.999825299
47.299527 0.012243372 0.156321377 0.020750804 -0.009159334 -0.016320134 -0.001016222 0.999824345
47.332860 0.012140468 0.157702386 0.022565620 -0.008998347 -0.016438158 -0.000959117 0.999823928
47.366193 0.011767272 0.156563550 0.022348285 -0.009250874 -0.016412463 -0.000934663 0.999822140
47.399526 0.011691467 0.156152025 0.021368559 -0.009290400 -0.016305109 -0.000969098 0.999823451
47.432859 0.011453131 0.155808344 0.021136830 -0.009407687 -0.016248742 -0.000898411 0.999823332
47.466192 0.011450773 0.156848446 0.021894710 -0.009249517 -0.016332958 -0.000882256 0.999823451
47.499525 0.011451403 0.156561553 0.021648264 -0.009302624 -0.016251525 -0.000910146 0.999824226
47.532858 0.011616191 0.156990677 0.022233706 -0.009182328 -0.016233072 -0.000886101 0.999825716
47.566191 0.011661888 0.157194927 0.022076258 -0.009126258 -0.016218266 -0.000989422 0.999826312
47.599524 0.011970433 0.156462118 0.021177847 -0.009207307 -0.016185980 -0.000944753 0.999826193
47.632857 0.010692295 0.156848773 0.021902265 -0.009110000 -0.016108783 -0.000956823 0.999828339
47.666190 0.010552396 0.157479629 0.022190321 -0.008971151 -0.016098196 -0.000840600 0.999829829
47.699523 0.011933082 0.157404736 0.022412660 -0.008928020 -0.016312052 -0.000939528 0.999826670
47.732856 0.011454111 0.156497031 0.021297302 -0.009033198 -0.016261268 -0.000794374 0.999826670
47.766189 0.011510041 0.157362655 0.022139965 -0.008863599 -0.016255442 -0.000805666 0.999828279
47.799522 0.012220166 0.157173410 0.022261048 -0.008840463 -0.016345711 -0.000883211 0.999826908
47.832855 0.010932721 0.157058686 0.022025989 -0.008807654 -0.016215594 -0.000634541 0.999829590
47.866188 0.010612892 0.157155380 0.021863444 -0.008784714 -0.016181875 -0.000595208 0.999830306
47.899521 0.011391878 0.157729134 0.022291789 -0.008643143 -0.016377142 -0.000627164 0.999828339
47.932854 0.006902555 0.150358319 0.017782178 -0.009932573 -0.015458747 -0.000180866 0.999831200
47.966187 0.007289248 0.150355890 0.017119383 -0.009813027 -0.015534197 -0.000353678 0.999831140
47.999520 0.008704987 0.150284573 0.017877450 -0.009893720 -0.015761167 -0.000353698 0.999826789
48.032853 0.008552233 0.149730116 0.016750488 -0.009986714 -0.015659414 -0.000402574 0.999827445
48.066186 0.007584221 0.149304450 0.016591715 -0.010102310 -0.015476419 -0.000451012 0.999829173
48.099519 0.006411644 0.149439633 0.016495055 -0.010053402 -0.015359198 -0.000438238 0.999831438
48.132852 0.007376879 0.149004132 0.017180720 -0.010263830 -0.015562001 -0.000397331 0.999826193
48.166185 0.006143441 0.148943096 0.017263684 -0.010321561 -0.015424056 -0.000473917 0.999827743
48.199518 0.010099654 0.152939796 0.018617630 -0.009662082 -0.016099876 -0.000995160 0.999823213
48.232851 0.012344517 0.152131468 0.017476557 -0.009813923 -0.016241897 -0.000945559 0.999819517
48.266184 0.012228668 0.151983425 0.017388009 -0.009870963 -0.016238922 -0.001019381 0.999818921
48.299517 0.011351378 0.151395991 0.016942982 -0.010013553 -0.016051102 -0.000996657 0.999820590
48.332850 0.012288030 0.152654231 0.017872756 -0.009830042 -0.016374676 -0.001017394 0.999817073
48.366183 0.011077370 0.152347505 0.017938947 -0.009897564 -0.016193207 -0.000959508 0.999819517
48.399516 0.008109135 0.151072666 0.016648268 -0.010070272 -0.015786145 -0.000853289 0.999824345
48.432849 0.007165884 0.149944440 0.016830057 -0.010246584 -0.015592314 -0.000868886 0.999825537
48.466182 0.006578560 0.148754805 0.016462579 -0.010427068 -0.015502920 -0.000778772 0.999825180
48.499515 0.006769170 0.149245903 0.015980795 -0.010290573 -0.015542346 -0.000919357 0.999825835
48.532848 0.006323620 0.149339169 0.017101785 -0.010331206 -0.015526092 -0.000744084 0.999825835
48.566181 0.006795484 0.148316368 0.015906673 -0.010432949 -0.015460794 -0.000802902 0.999825716
48.599514 0.005868130 0.148922682 0.016153244 -0.010346729 -0.015335976 -0.000671823 0.999828637
48.632847 0.006530778 0.148475885 0.016021708 -0.010353023 -0.015380988 -0.000611531 0.999827981
48.666180 0.006686652 0.148453161 0.015249075 -0.010259240 -0.015402591 -0.000714533 0.999828517
48.699513 0.005585840 0.148888603 0.015610941 -0.010173457 -0.015311129 -0.000517327 0.999830902
48.732846 0.006068460 0.148371428 0.015706142 -0.010186128 -0.015348390 -0.000615617 0.999830186
48.766179 0.002682782 0.146300271 0.016638821 -0.010468159 -0.014999968 -0.000348033 0.999832690
48.799512 0.005532768 0.148677692 0.015604988 -0.010052390 -0.015318847 -0.000574027 0.999831975
48.832845 0.007395939 0.144857332 0.020454118 -0.010750090 -0.015757706 -0.000526533 0.999817967
48.866178 0.002250223 0.146370590 0.017202210 -0.010394335 -0.015004582 -0.000387620 0.999833405
48.899511 0.005975686 0.145584106 0.020991158 -0.010661827 -0.015607719 -0.000375977 0.999821305
48.932844 0.007471795 0.145738661 0.021557512 -0.010564347 -0.015868722 -0.000658443 0.999818087
48.966177 0.001732317 0.146793500 0.017476588 -0.010347907 -0.014938963 -0.000382749 0.999834836
48.999510 0.007715838 0.148483485 0.020836262 -0.010088093 -0.015848557 -0.000799877 0.999823213
49.032843 0.006011227 0.149416685 0.017036896 -0.010024833 -0.015366930 -0.000631626 0.999831498
49.066176 0.005844115 0.149142921 0.016813800 -0.010095183 -0.015434613 -0.000691609 0.999829769
49.099509 0.005246132 0.149412781 0.017437756 -0.010134027 -0.015337017 -0.000540477 0.999830961
49.132842 0.006206614 0.149220601 0.017203350 -0.010163086 -0.015418095 -0.000762291 0.999829233
49.166175 0.005959217 0.149557874 0.016092967 -0.010192059 -0.015354094 -0.000654568 0.999830008
49.199508 0.002600246 0.147427425 0.017946227 -0.010551004 -0.015024590 -0.000503611 0.999831378
49.232841 0.006615399 0.149507895 0.017679468 -0.010255442 -0.015480340 -0.000870284 0.999827206
49.266174 0.006930442 0.153370231 0.021115152 -0.009857353 -0.015727144 -0.000932638 0.999827325
49.299507 0.007304695 0.153807580 0.021375043 -0.009791238 -0.015774954 -0.000989755 0.999827147
49.332840 0.007664583 0.153279990 0.020987457 -0.009855628 -0.015866337 -0.001072060 0.999824941
49.366173 0.006988587 0.153476715 0.021237481 -0.009848657 -0.015790921 -0.000970502 0.999826372
49.399506 0.007591398 0.153380617 0.021060955 -0.009858714 -0.015875524 -0.000975365 0.999824882
49.432839 0.008337417 0.153301418 0.020680564 -0.009835276 -0.015948918 -0.001010233 0.999823928
49.466172 0.007299224 0.153318077 0.020769833 -0.009786940 -0.015871614 -0.001004737 0.999825716
49.499505 0.007904972 0.153122947 0.020617520 -0.009828218 -0.015817208 -0.000852096 0.999826252
49.532838 0.007840073 0.153039649 0.020702116 -0.009785361 -0.015876882 -0.000853411 0.999825716
49.566171 0.006620467 0.152776450 0.020283971 -0.009823497 -0.015666032 -0.000703119 0.999828815
49.599504 0.007346203 0.145652428 0.022983868 -0.010843767 -0.015785737 -0.000576531 0.999816418
49.632837 0.007811374 0.148219630 0.021945888 -0.010259076 -0.015842829 -0.000723975 0.999821603
49.666170 0.008249267 0.148023367 0.022208190 -0.010274437 -0.015808303 -0.000572987 0.999822140
49.699503 0.007432465 0.145196706 0.023012806 -0.010772548 -0.015798984 -0.000483620 0.999817014
49.732836 0.008280262 0.145223349 0.022345055 -0.010653984 -0.015900163 -0.000687212 0.999816597
49.766169 0.006948463 0.152094632 0.019876476 -0.009571139 -0.015724387 -0.000825122 0.999830246
49.799502 0.007861637 0.147670329 0.021336580 -0.010112115 -0.015809577 -0.000706140 0.999823630
49.832835 0.006457204 0.145905286 0.022811595 -0.010509918 -0.015749104 -0.000571300 0.999820590
49.866168 0.006592338 0.145612851 0.022712821 -0.010550267 -0.015792908 -0.000648757 0.999819458
49.899501 0.006829096 0.146029085 0.022671271 -0.010547281 -0.015727788 -0.000493432 0.999820590
49.932834 0.006887943 0.145038366 0.021949762 -0.010706333 -0.015659938 -0.000585943 0.999819934
49.966167 0.006897451 0.145878911 0.023032948 -0.010653974 -0.015700830 -0.000632222 0.999819756
49.999500 0.007710678 0.145972431 0.022803821 -0.010677330 -0.015758915 -0.000643482 0.999818623
50.032833 0.007839363 0.145594135 0.022273926 -0.010813046 -0.015782826 -0.000640429 0.999816835
50.066166 0.007380238 0.153100818 0.020286923 -0.009702724 -0.015750473 -0.000881376 0.999828517
50.099499 0.007504416 0.153156117 0.020433791 -0.009745026 -0.015819078 -0.000911816 0.999826968
50.132832 0.006145255 0.145785853 0.022546133 -0.010910788 -0.015675375 -0.000680008 0.999817371
50.166165 0.007766480 0.145931587 0.022771217 -0.010920567 -0.015901949 -0.000740481 0.999813676
50.199498 0.007976202 0.153102785 0.021040617 -0.009745742 -0.015857128 -0.000755300 0.999826491
50.232831 0.008625550 0.152235433 0.020815076 -0.009847883 -0.015992520 -0.000901531 0.999823272
50.266164 0.009858601 0.152264282 0.019971909 -0.009861837 -0.016095532 -0.000840113 0.999821544
50.299497 0.008079616 0.152491540 0.021021988 -0.009819743 -0.015998688 -0.000813985 0.999823511
50.332830 0.008919262 0.152118623 0.020603223 -0.009884846 -0.016054297 -0.000844300 0.999821961
50.366163 0.008944128 0.151436865 0.019897727 -0.010001609 -0.016018461 -0.000740824 0.999821424
50.399496 0.009857707 0.151574999 0.019363966 -0.009966036 -0.016143907 -0.000815557 0.999819696
50.432829 0.010114110 0.151391029 0.018709024 -0.009968570 -0.016115841 -0.000736627 0.999820232
50.466162 0.010202690 0.151571393 0.018632652 -0.009858643 -0.016183957 -0.000784673 0.999820173
50.499495 0.009710251 0.152065977 0.018888386 -0.009742525 -0.016047692 -0.000786246 0.999823511
50.532828 0.010211157 0.151395753 0.018738547 -0.009800912 -0.016115941 -0.000712472 0.999821901
50.566161 0.007117759 0.151930109 0.019486239 -0.009830922 -0.015821829 -0.000769271 0.999826252
50.599494 0.008482114 0.143779829 0.020716293 -0.010953550 -0.015948700 -0.000650140 0.999812603
50.632827 0.007819747 0.144277841 0.021024227 -0.010847650 -0.015893402 -0.000669249 0.999814689
50.666160 0.008145706 0.151265234 0.017973080 -0.009778109 -0.015848115 -0.000696087 0.999826372
50.699493 0.007056645 0.151822612 0.018846456 -0.009686403 -0.015846232 -0.000730396 0.999827266
50.732826 0.007480665 0.144394115 0.021234393 -0.010801082 -0.015854487 -0.000551032 0.999815822
50.766159 0.006867955 0.143746376 0.020536033 -0.010883696 -0.015767587 -0.000558472 0.999816298
50.799492 0.008347468 0.143117771 0.020058230 -0.010969697 -0.015894316 -0.000601422 0.999813378
50.832825 0.007832024 0.151052222 0.017049158 -0.009779464 -0.015832204 -0.000699243 0.999826610
50.866158 0.009441943 0.151055366 0.018235462 -0.009599935 -0.016092531 -0.000745562 0.999824166
50.899491 0.008796973 0.150954872 0.017669214 -0.009805685 -0.016020022 -0.000911039 0.999823213
50.932824 0.007915034 0.150800571 0.017451184 -0.009866400 -0.015900163 -0.000943034 0.999824464
50.966157 0.009183935 0.144057989 0.019477569 -0.010998621 -0.016074436 -0.000833261 0.999809980
50.999490 0.010541458 0.152133763 0.018547142 -0.009710172 -0.016260911 -0.000892099 0.999820292
51.032823 0.011058776 0.151644051 0.018602962 -0.009807153 -0.016299570 -0.000893709 0.999818683
51.066156 0.009509915 0.151179835 0.018587766 -0.009921489 -0.016090313 -0.000861997 0.999820948
51.099489 0.010136327 0.151237428 0.018394506 -0.009918911 -0.016188046 -0.000980889 0.999819338
51.132822 0.010517777 0.151836976 0.018798303 -0.009896601 -0.016195707 -0.000944279 0.999819398
51.166155 0.010049153 0.150938913 0.018089026 -0.010027700 -0.016146140 -0.000969751 0.999818921
51.199488 0.009584487 0.150680870 0.018602693 -0.010080223 -0.016134134 -0.000915732 0.999818623
51.232821 0.009796377 0.151099920 0.018486295 -0.009982339 -0.016179092 -0.001022343 0.999818802
51.266154 0.009829405 0.151332662 0.018597914 -0.009969456 -0.016158488 -0.001028447 0.999819219
51.299487 0.009752361 0.151058242 0.018660855 -0.009980232 -0.016184518 -0.000965501 0.999818802
51.332820 0.009766716 0.151296943 0.018501241 -0.009910696 -0.016176157 -0.001091693 0.999819517
51.366153 0.009735888 0.151477069 0.018455679 -0.009801094 -0.016137309 -0.001040480 0.999821246
51.399486 0.009066582 0.151011109 0.017003492 -0.009892456 -0.015992992 -0.001194350 0.999822497
51.432819 0.008973214 0.151349157 0.017139358 -0.009757272 -0.015984839 -0.001167116 0.999823987
51.466152 0.008954732 0.150879681 0.017071597 -0.009808048 -0.015976042 -0.001068631 0.999823749
51.499485 0.008761002 0.150487870 0.017025284 -0.009855743 -0.015964901 -0.000962001 0.999823570
51.532818 0.008514320 0.150473401 0.016986404 -0.009799941 -0.015881442 -0.000937025 0.999825478
51.566151 0.008882092 0.150007635 0.016395308 -0.009832224 -0.015891299 -0.000734463 0.999825180
51.599484 0.008909645 0.150319159 0.016603274 -0.009743308 -0.015991140 -0.000889622 0.999824286
51.632817 0.009166457 0.150516033 0.016622117 -0.009798633 -0.016011283 -0.000779515 0.999823511
51.666150 0.009128866 0.150620997 0.017377196 -0.009780741 -0.016012130 -0.000748250 0.999823689
51.699483 0.008919320 0.151037917 0.017003426 -0.009679335 -0.016009171 -0.000727746 0.999824762
51.732816 0.009144842 0.151027247 0.017584408 -0.009760644 -0.016032901 -0.000742400 0.999823570
51.766149 0.008594645 0.150424138 0.016758325 -0.009824349 -0.015932588 -0.000583831 0.999824643
51.799482 0.008952038 0.150666296 0.017524894 -0.009897470 -0.016029553 -0.000568962 0.999822378
51.832815 0.009735937 0.150410116 0.016685199 -0.009934258 -0.016103525 -0.000559210 0.999820828
51.866148 0.009182182 0.150446311 0.018535951 -0.010199800 -0.015995910 -0.000526142 0.999819934
51.899481 0.009049756 0.150604501 0.018428186 -0.010189236 -0.015985856 -0.000607870 0.999820173
51.932814 0.009483167 0.150806069 0.018253388 -0.010294776 -0.016054412 -0.000773793 0.999817848
51.966147 0.008844025 0.150667265 0.019059699 -0.010426848 -0.016076783 -0.000806009 0.999816060
51.999480 0.008796416 0.150822535 0.018976144 -0.010541162 -0.015994318 -0.000890969 0.999816120
52.032813 0.009327369 0.151995555 0.018814204 -0.010421704 -0.016052464 -0.001095299 0.999816298
52.066146 0.008241396 0.151185825 0.019055665 -0.010651791 -0.015963241 -0.001183729 0.999815166
52.099479 0.007647298 0.150464728 0.017959664 -0.010716512 -0.015933415 -0.001267506 0.999814868
52.132812 0.008461894 0.151797935 0.019648975 -0.010632837 -0.016075300 -0.001344767 0.999813378
52.166145 0.008411444 0.152238384 0.019701259 -0.010522045 -0.016068855 -0.001483987 0.999814451
52.199478 0.008201362 0.151735410 0.019357372 -0.010609994 -0.016063916 -0.001481815 0.999813616
52.232811 0.007178689 0.151032776 0.018651795 -0.010633470 -0.015925508 -0.001492080 0.999815524
52.266144 0.008579130 0.151863560 0.018936260 -0.010499586 -0.016144468 -0.001681671 0.999813139
52.299477 0.007771755 0.152125895 0.019501401 -0.010370338 -0.016062573 -0.001619955 0.999815941
52.332810 0.007724491 0.150999606 0.018489432 -0.010485119 -0.016024390 -0.001568781 0.999815464
52.366143 0.008311587 0.150475696 0.017856104 -0.010428533 -0.016111551 -0.001607379 0.999814510
52.399476 0.007672922 0.150883347 0.017953131 -0.010265265 -0.016048977 -0.001643937 0.999817193
52.432809 0.006663234 0.150773764 0.017568452 -0.010064581 -0.015913274 -0.001662253 0.999821365
52.466142 0.007562001 0.151113778 0.017685553 -0.009991921 -0.016068792 -0.001776221 0.999819458
52.499475 0.007745395 0.151174068 0.017940262 -0.009846123 -0.016111266 -0.001800951 0.999820173
52.532808 0.007354085 0.151301607 0.018438006 -0.009785119 -0.016074371 -0.001678479 0.999821484
52.566141 0.007922766 0.150888652 0.017213771 -0.009730139 -0.016103523 -0.001675478 0.999821603
52.599474 0.007496154 0.150638103 0.016787028 -0.009740466 -0.016112210 -0.001803864 0.999821126
52.632807 0.007376047 0.150750503 0.017155388 -0.009728590 -0.016052835 -0.001676385 0.999822438
52.666140 0.007689894 0.150905415 0.016939130 -0.009782818 -0.016048739 -0.001611560 0.999822080
52.699473 0.008768244 0.143669784 0.020087969 -0.010914641 -0.016169295 -0.001385260 0.999808788
52.732806 0.007199482 0.150827736 0.017945625 -0.009966772 -0.015917309 -0.001332586 0.999822795
52.766139 0.010281851 0.152116939 0.018978398 -0.009740029 -0.016369037 -0.001106447 0.999818027
52.799472 0.010087273 0.151747644 0.018667113 -0.009880890 -0.016294081 -0.001002965 0.999817967
52.832805 0.010228804 0.153165296 0.020152859 -0.009753425 -0.016311131 -0.000955433 0.999818921
52.866138 0.011439110 0.154895037 0.020310642 -0.009641481 -0.016352069 -0.001022565 0.999819338
52.899471 0.012413472 0.155002385 0.021170380 -0.009718304 -0.016476793 -0.000915670 0.999816597
52.932804 0.008527292 0.148678869 0.019558836 -0.010909909 -0.016105589 -0.001038423 0.999810219
52.966137 0.009519819 0.149003997 0.019230645 -0.010900848 -0.016307184 -0.000981368 0.999807179
52.999470 0.007806217 0.147657320 0.019572547 -0.011190210 -0.016088733 -0.000817357 0.999807596
53.032803 0.007246227 0.147946402 0.019563410 -0.011188873 -0.016039656 -0.000916661 0.999808371
53.066136 0.008977893 0.148387000 0.019381290 -0.011161141 -0.016192092 -0.000908003 0.999806225
53.099469 0.009532780 0.148384437 0.018982159 -0.011168032 -0.016303888 -0.000998287 0.999804199
53.132802 0.007332573 0.147913218 0.018880272 -0.011177910 -0.016014228 -0.000963676 0.999808848
53.166135 0.009239333 0.149039879 0.018364822 -0.011011358 -0.016180605 -0.001159392 0.999807775
53.199468 0.008911677 0.149201632 0.018612934 -0.010910631 -0.016159737 -0.001238180 0.999809146
53.232801 0.008566231 0.149221808 0.018672749 -0.010832351 -0.016119704 -0.001277883 0.999810636
53.266134 0.008566280 0.149075419 0.018350406 -0.010773930 -0.016149640 -0.001348703 0.999810696
53.299467 0.009118164 0.149942458 0.017841192 -0.010531914 -0.016251564 -0.001568143 0.999811292
53.332800 0.007923727 0.149147466 0.018269831 -0.010591396 -0.016071625 -0.001360112 0.999813795
53.366133 0.008398240 0.149138242 0.017754370 -0.010501111 -0.016122917 -0.001364438 0.999813974
53.399466 0.008782168 0.148631945 0.017130613 -0.010488592 -0.016263161 -0.001415277 0.999811769
53.432799 0.009512846 0.149770468 0.017367125 -0.010199456 -0.016270960 -0.001424462 0.999814630
53.466132 0.009245303 0.149128854 0.017670808 -0.010224524 -0.016342228 -0.001350886 0.999813318
53.499465 0.008197213 0.149432719 0.018055925 -0.010119888 -0.016212074 -0.001424235 0.999816358
53.532798 0.010030862 0.148145199 0.018989895 -0.010274901 -0.016209433 -0.000961758 0.999815345
53.566131 0.009861597 0.148392156 0.018882303 -0.010235474 -0.016080193 -0.000921021 0.999817908
53.599464 0.008608298 0.148998305 0.015863126 -0.010120763 -0.016102448 -0.001687681 0.999817729
53.632797 0.007934467 0.148919836 0.017268868 -0.010206381 -0.016018365 -0.001553202 0.999818444
53.666130 0.006631529 0.148977727 0.015652422 -0.010203761 -0.016023200 -0.001931301 0.999817729
53.699463 0.007667990 0.149386182 0.016913323 -0.010270875 -0.016321218 -0.002108495 0.999811828
53.732796 0.006866562 0.148779854 0.017076323 -0.010488694 -0.016139263 -0.002124094 0.999812484
53.766129 0.008597868 0.148745447 0.017757142 -0.010652320 -0.016399186 -0.002132240 0.999806523
53.799462 0.005458158 0.146516547 0.017673073 -0.011125115 -0.015945895 -0.001961777 0.999809086
53.832795 0.004631185 0.145383850 0.015749764 -0.011383465 -0.015858445 -0.002066143 0.999807358
53.866128 0.008410222 0.152067795 0.019450387 -0.010556848 -0.016300375 -0.002449080 0.999808431
53.899461 0.009153052 0.152252629 0.018898791 -0.010571251 -0.016376209 -0.002386049 0.999807179
53.932794 0.009383338 0.155185789 0.020382926 -0.010227500 -0.016500551 -0.002588275 0.999808192
53.966127 0.008692570 0.151732370 0.019320011 -0.010794909 -0.016347244 -0.002222999 0.999805689
53.999460 0.006603976 0.151456416 0.019509286 -0.010883133 -0.016146369 -0.002170978 0.999808073
54.032793 0.007654152 0.150500417 0.018700743 -0.011001827 -0.016193869 -0.001894611 0.999806583
54.066126 0.006598826 0.151032433 0.019408429 -0.010942638 -0.016105317 -0.001800184 0.999808788
54.099459 0.007658250 0.150170267 0.018002890 -0.010895491 -0.016124599 -0.001544700 0.999809504
54.132792 0.008320146 0.151172489 0.018333167 -0.010694156 -0.016246052 -0.001643837 0.999809504
54.166125 0.008399031 0.151065707 0.018323701 -0.010578291 -0.016274767 -0.001445246 0.999810576
54.199458 0.007456305 0.150850222 0.018109102 -0.010531447 -0.016081985 -0.001327348 0.999814332
54.232791 0.009241500 0.144182548 0.019381177 -0.011371534 -0.016330089 -0.001159824 0.999801338
54.266124 0.007938719 0.150357574 0.017303528 -0.010407206 -0.016090732 -0.001181972 0.999815643
54.299457 0.007854213 0.150617346 0.016701192 -0.010196558 -0.016057236 -0.001131206 0.999818504
54.332790 0.009359149 0.150549546 0.018121438 -0.010034619 -0.016229356 -0.001103034 0.999817371
54.366123 0.008942952 0.150437057 0.017037008 -0.010074976 -0.016209355 -0.001141159 0.999817252
54.399456 0.008722861 0.150038406 0.017104635 -0.010126568 -0.016198868 -0.001155098 0.999816835
54.432789 0.008490124 0.150025696 0.016699295 -0.010096852 -0.016127158 -0.001222892 0.999818265
54.466122 0.008955201 0.145671412 0.017794279 -0.010628957 -0.016136175 -0.001151644 0.999812663
54.499455 0.008388220 0.143970639 0.020382145 -0.011002916 -0.016244266 -0.001276894 0.999806762
54.532788 0.008317948 0.151006624 0.017959192 -0.010024942 -0.016164195 -0.001491856 0.999817967
54.566121 0.006522969 0.150855869 0.017455421 -0.009995901 -0.015951043 -0.001633962 0.999821484
54.599454 0.007752074 0.149919778 0.016950658 -0.010255133 -0.016105849 -0.001618662 0.999816418
54.632787 0.007034587 0.150184959 0.017359396 -0.010337877 -0.016084740 -0.001815432 0.999815583
54.666120 0.007167894 0.150334716 0.017046632 -0.010394216 -0.016009908 -0.001846736 0.999816120
54.699453 0.007504105 0.150285214 0.017119912 -0.010477560 -0.016034381 -0.002028007 0.999814570
54.732786 0.008039109 0.151116833 0.018160893 -0.010486765 -0.016146058 -0.002172006 0.999812305
54.766119 0.006231596 0.150083661 0.016776860 -0.010683396 -0.015968047 -0.002110062 0.999813259
54.799452 0.007030040 0.150406629 0.017749449 -0.010704807 -0.015971672 -0.002254995 0.999812663
54.832785 0.007482673 0.150960177 0.018271720 -0.010664738 -0.016044442 -0.002199842 0.999812007
54.866118 0.007199314 0.150480390 0.017995611 -0.010771445 -0.016056264 -0.002274893 0.999810517
54.899451 0.007984998 0.150688335 0.018463237 -0.010789389 -0.016173344 -0.002176580 0.999808609
54.932784 0.006379008 0.150860623 0.018789483 -0.010723233 -0.015969697 -0.002106035 0.999812722
54.966117 0.006860399 0.150647014 0.018192165 -0.010698701 -0.016022809 -0.001955180 0.999812543
54.999450 0.007703284 0.151065052 0.018286174 -0.010592940 -0.016077699 -0.001945906 0.999812782
55.032783 0.007436172 0.150511131 0.018259076 -0.010623862 -0.016081588 -0.001748766 0.999812782
55.066116 0.007262680 0.150919974 0.018305900 -0.010460970 -0.016018072 -0.001585166 0.999815762
55.099449 0.007833838 0.150353059 0.017958436 -0.010494987 -0.016086072 -0.001424400 0.999814570
55.132782 0.008721366 0.150688767 0.017871538 -0.010328700 -0.016159471 -0.001247712 0.999815345
55.166115 0.008275809 0.150469750 0.017941859 -0.010308611 -0.016125618 -0.001194743 0.999816120
55.199448 0.008607392 0.150709733 0.017463151 -0.010141498 -0.016108919 -0.001219912 0.999818087
55.232781 0.007938068 0.150593475 0.016908379 -0.010141474 -0.016036758 -0.001123622 0.999819398
55.266114 0.008561446 0.143083051 0.018811369 -0.011116218 -0.016086858 -0.000860795 0.999808431
55.299447 0.008494505 0.143577665 0.018970422 -0.010999764 -0.016144695 -0.001008063 0.999808669
55.332780 0.008682939 0.143949255 0.019310489 -0.010932528 -0.016136410 -0.001009318 0.999809504
55.366113 0.007894849 0.150774926 0.016900955 -0.009969716 -0.016036015 -0.001105516 0.999821126
55.399446 0.009340028 0.150587723 0.016694356 -0.010042615 -0.016139025 -0.001042874 0.999818802
55.432779 0.008504005 0.150290266 0.016703501 -0.010132278 -0.016067944 -0.001213873 0.999818802
55.466112 0.009182518 0.150716513 0.017466519 -0.009958308 -0.016178355 -0.001179744 0.999818861
55.499445 0.008888735 0.149999112 0.017019868 -0.010204446 -0.016156681 -0.001203576 0.999816716
55.532778 0.008055649 0.150517240 0.018748470 -0.010213600 -0.016158527 -0.001318735 0.999816477
55.566111 0.008520138 0.150292486 0.017695758 -0.010569295 -0.016199822 -0.001480551 0.999811828
55.599444 0.008469971 0.150162727 0.017284213 -0.010613871 -0.016126508 -0.001480821 0.999812603
55.632777 0.008782524 0.150631145 0.017843014 -0.010707198 -0.016152002 -0.001709617 0.999810755
55.666110 0.007238832 0.149757400 0.016861206 -0.010856576 -0.016059494 -0.001811007 0.999810517
55.699443 0.007220856 0.150343105 0.017938390 -0.010885429 -0.015998812 -0.001972653 0.999810874
55.732776 0.008222406 0.151215196 0.018729758 -0.010797917 -0.016180707 -0.002069777 0.999808669
55.766109 0.007995632 0.150153816 0.018201636 -0.011031024 -0.016089689 -0.001966068 0.999807775
55.799442 0.009103745 0.150939584 0.018723963 -0.010918294 -0.016283130 -0.002162177 0.999805510
55.832775 0.006312191 0.150928319 0.018982278 -0.010930364 -0.015910845 -0.002143694 0.999811411
55.866108 0.007455777 0.150150642 0.017974988 -0.010963572 -0.016035117 -0.002198611 0.999808967
55.899441 0.007523912 0.151178882 0.018332507 -0.010742641 -0.016060926 -0.002255320 0.999810815
55.932774 0.007877539 0.150543809 0.017523842 -0.010704449 -0.016160714 -0.002211574 0.999809682
55.966107 0.007974656 0.150994778 0.018256616 -0.010624746 -0.016178120 -0.002149341 0.999810398
55.999440 0.006782259 0.150596857 0.017414289 -0.010548124 -0.016028503 -0.002105848 0.999813676
56.032773 0.007411167 0.150736406 0.017942671 -0.010427972 -0.016038550 -0.001902935 0.999815166
56.066106 0.007961987 0.150689080 0.017116491 -0.010319820 -0.016111253 -0.001945149 0.999815047
56.099439 0.007582587 0.150748014 0.017743975 -0.010665072 -0.014524188 -0.002005936 0.999835670
56.132772 0.007800628 0.152018309 0.018938206 -0.010221924 -0.012798538 -0.002152038 0.999863625
56.166105 0.006294937 0.151380852 0.018967781 -0.010421628 -0.014168331 -0.001980505 0.999843419
56.199438 0.008357615 0.150835186 0.018301278 -0.010266496 -0.016779024 -0.001477978 0.999805450
56.232771 0.008527682 0.143958673 0.020110680 -0.011599040 -0.017185297 -0.000539398 0.999784887
56.266104 0.010029485 0.143852577 0.020893930 -0.011391160 -0.016233087 -0.000632258 0.999803185
56.299437 0.010231488 0.150779083 0.018568683 -0.010343079 -0.016389199 -0.000674837 0.999812007
56.332770 0.008973191 0.150800943 0.017908044 -0.010119916 -0.017612236 -0.000399662 0.999793589
56.366103 0.010253810 0.151361912 0.017314428 -0.010020040 -0.017103123 -0.000009720 0.999803543
56.399436 0.010088981 0.150971889 0.018244220 -0.009937542 -0.014339094 -0.000376919 0.999847770
56.432769 0.009285608 0.149359033 0.016634792 -0.009892539 -0.013384806 0.000030898 0.999861479
56.466102 0.009569018 0.143392995 0.019008098 -0.010851381 -0.015063957 0.000350219 0.999827623
56.499435 0.011887752 0.143496856 0.019680995 -0.010881876 -0.014323700 0.000521293 0.999838114
56.532768 0.011430297 0.143904924 0.020137481 -0.010621190 -0.015012753 0.001175752 0.999830246
56.566101 0.012622566 0.143915802 0.018841490 -0.010740394 -0.017179158 0.001657533 0.999793410
56.599434 0.012086724 0.143914834 0.018615726 -0.010805016 -0.018085813 0.002191975 0.999775648
56.632767 0.013059493 0.143175274 0.019059515 -0.010953637 -0.018729080 0.002425848 0.999761641
56.666100 0.012258650 0.143973276 0.017772958 -0.010780825 -0.020813903 0.003113137 0.999720395
56.699433 0.013739833 0.145206735 0.018409615 -0.010665825 -0.022425370 0.003277205 0.999686301
56.732766 0.013247387 0.144488066 0.018647160 -0.010790249 -0.022961510 0.003433212 0.999672294
56.766099 0.013784368 0.145651892 0.019454323 -0.010793497 -0.025482539 0.003818575 0.999609709
56.799432 0.012303470 0.144525394 0.020620145 -0.011283342 -0.027357647 0.004119846 0.999553561
56.832765 0.014709758 0.146428913 0.021152347 -0.010988703 -0.029157963 0.004142473 0.999505818
56.866098 0.014791436 0.152822480 0.021642067 -0.010405324 -0.030652046 0.004349343 0.999466538
56.899431 0.017165966 0.151416510 0.018535746 -0.010777298 -0.032393306 0.005291314 0.999403119
56.932764 0.015687337 0.150168464 0.016570386 -0.011012515 -0.034080744 0.005177097 0.999345064
56.966097 0.016396353 0.149408326 0.016007565 -0.011261617 -0.036288660 0.005721417 0.999261558
56.999430 0.015676178 0.149650186 0.017038045 -0.011659970 -0.038910169 0.005796150 0.999157846
57.032763 0.019523781 0.149472803 0.016948394 -0.012199555 -0.042662941 0.006191508 0.998995841
57.066096 0.017368641 0.148848251 0.015690953 -0.012453544 -0.046843830 0.005864019 0.998807430
57.099429 0.016815919 0.149857625 0.016473688 -0.012943066 -0.052809168 0.006020157 0.998502612
57.132762 0.015199346 0.146077409 0.016232809 -0.013898694 -0.059027135 0.006215658 0.998140275
57.166095 0.016551536 0.147091329 0.017406244 -0.014292579 -0.063788272 0.006804916 0.997837901
57.199428 0.018617248 0.148560748 0.019908758 -0.014794233 -0.067006797 0.006379847 0.997622430
57.232761 0.016493525 0.147806033 0.018962309 -0.015186171 -0.069181509 0.006254662 0.997468948
57.266094 0.016478013 0.148240507 0.020014385 -0.015807604 -0.072961092 0.005811756 0.997192562
57.299427 0.016294638 0.148876905 0.019356040 -0.015943930 -0.076949589 0.006396396 0.996886969
57.332760 0.013435512 0.151210308 0.022024091 -0.015890218 -0.081497893 0.006156262 0.996527851
57.366093 0.014834440 0.149791718 0.019592334 -0.016293973 -0.086635262 0.006128575 0.996088028
57.399426 0.014944921 0.150391832 0.021664865 -0.017016111 -0.091487080 0.006182957 0.995641708
57.432759 0.015070760 0.149669439 0.021366559 -0.017681677 -0.095557742 0.006307737 0.995246887
57.466092 0.017235069 0.152742758 0.021147935 -0.017895825 -0.099756181 0.006654951 0.994828701
57.499425 0.016183527 0.153790638 0.021418843 -0.017635893 -0.103210419 0.006767544 0.994480193
57.532758 0.018546361 0.154256940 0.022949964 -0.018078916 -0.106564201 0.006906297 0.994117498
57.566091 0.016309364 0.151502073 0.018685957 -0.018632373 -0.108714089 0.007470947 0.993870378
57.599424 0.016625678 0.152008653 0.019421507 -0.018406631 -0.110183798 0.007526783 0.993712306
57.632757 0.015634310 0.151765436 0.018836996 -0.018597711 -0.111652121 0.008232567 0.993539214
57.666090 0.019714054 0.153906614 0.022507949 -0.018320924 -0.114718124 0.008466402 0.993193090
57.699423 0.018258346 0.155206382 0.022234485 -0.017849419 -0.116468720 0.008907737 0.992994070
57.732756 0.015940746 0.154589877 0.020925889 -0.017772425 -0.117375940 0.009326013 0.992884755
57.766089 0.018594148 0.155279696 0.022502331 -0.017803747 -0.119303785 0.009704472 0.992650747
57.799422 0.019067014 0.153881878 0.020421498 -0.018030841 -0.121533379 0.010094390 0.992372215
57.832755 0.023595793 0.150188774 0.020432340 -0.018543240 -0.124248542 0.009799311 0.992029428
57.866088 0.021539120 0.149079889 0.018539734 -0.018791057 -0.125089407 0.010443141 0.991912544
57.899421 0.020853421 0.148553029 0.018548150 -0.018645860 -0.124785446 0.010925992 0.991948426
57.932754 0.020849390 0.149724528 0.019115232 -0.018155023 -0.124177493 0.010981078 0.992033184
57.966087 0.020113932 0.148949698 0.018116741 -0.017608041 -0.123339616 0.011271612 0.992144287
57.999420 0.021225968 0.154321730 0.021059047 -0.016549604 -0.122837044 0.011593067 0.992221177
58.032753 0.022865934 0.154631510 0.022005090 -0.016195323 -0.122866705 0.011505441 0.992224395
58.066086 0.023802739 0.149808466 0.017561117 -0.015640685 -0.124092363 0.011438753 0.992081523
58.099419 0.023185112 0.149503157 0.018306231 -0.014901263 -0.124620415 0.011248932 0.992028832
58.132752 0.024641341 0.154219911 0.020525189 -0.013742611 -0.125758827 0.011287617 0.991901457
58.166085 0.022978131 0.153038070 0.018484851 -0.013756160 -0.126713187 0.011851995 0.991773248
58.199418 0.024706056 0.152121574 0.017601494 -0.013922316 -0.128141686 0.012512279 0.991579235
58.232751 0.027041905 0.153772548 0.019953229 -0.013706569 -0.128890291 0.012636509 0.991483688
58.266084 0.027041050 0.153825238 0.020022426 -0.013879911 -0.130317539 0.013213607 0.991287112
58.299417 0.023606826 0.154878959 0.019619590 -0.013875058 -0.131493688 0.014060325 0.991120219
58.332750 0.024933381 0.154074445 0.019401269 -0.014456153 -0.133037522 0.014345665 0.990901768
58.366083 0.026767507 0.156073153 0.021985399 -0.013697566 -0.134186059 0.014551972 0.990754604
58.399416 0.026323995 0.156957150 0.022742763 -0.013467824 -0.134340644 0.015315093 0.990725338
58.432749 0.027175670 0.156723693 0.022818118 -0.013758960 -0.134662598 0.015651351 0.990672350
58.466082 0.027262621 0.155203685 0.021896942 -0.013607209 -0.134717181 0.015790178 0.990664840
58.499415 0.026293922 0.155627847 0.021547735 -0.013052737 -0.133918867 0.015599304 0.990783572
58.532748 0.030624313 0.156321347 0.022409946 -0.012956564 -0.133997753 0.015733369 0.990772009
58.566081 0.028824449 0.156600028 0.022727173 -0.012406405 -0.134126559 0.016089542 0.990755916
58.599414 0.029517071 0.155985296 0.023464508 -0.012735872 -0.133709684 0.016675813 0.990798414
58.632747 0.031111710 0.156031623 0.023202142 -0.011880613 -0.133996829 0.016846115 0.990767360
58.666080 0.031009205 0.155786380 0.023009393 -0.011761366 -0.135017216 0.017201733 0.990624130
58.699413 0.031530682 0.157789439 0.024189690 -0.012130219 -0.136036560 0.017814359 0.990469396
58.732746 0.030122936 0.157644615 0.022808684 -0.014328520 -0.139640629 0.017490901 0.989944100
58.766079 0.029736051 0.158121526 0.021829005 -0.013653000 -0.141144365 0.018304892 0.989725649
58.799412 0.028042205 0.159932658 0.024711696 -0.012466967 -0.139210105 0.017983297 0.990021110
58.832745 0.030468123 0.159113988 0.025129471 -0.011632360 -0.135805547 0.017996334 0.990503788
58.866078 0.032389168 0.158669218 0.025046961 -0.011669601 -0.133746728 0.017932374 0.990784645
58.899411 0.029246366 0.157119945 0.023030875 -0.011836000 -0.131464168 0.017403385 0.991097510
58.932744 0.032674149 0.157880843 0.024691395 -0.011224734 -0.130426511 0.016966783 0.991249263
58.966077 0.030014107 0.157235011 0.022353400 -0.011172361 -0.130289808 0.016936418 0.991268337
58.999410 0.030798238 0.157346681 0.022248244 -0.010479166 -0.129776359 0.016449476 0.991351485
59.032743 0.029761601 0.156045735 0.020773727 -0.010482552 -0.127271488 0.015629089 0.991689384
59.066076 0.029747752 0.157807708 0.022008911 -0.011164065 -0.126118422 0.015081804 0.991837740
59.099409 0.031463772 0.161050260 0.024702193 -0.011077107 -0.124531299 0.014260284 0.992051363
59.132742 0.029825313 0.160357133 0.026066646 -0.008307087 -0.120766737 0.012219800 0.992570996
59.166075 0.030159889 0.159568951 0.024588512 -0.007950687 -0.119134635 0.012540853 0.992767096
59.199408 0.030125435 0.160821706 0.024946481 -0.007654695 -0.117142230 0.012297039 0.993009567
59.232741 0.030452821 0.161640629 0.025166946 -0.008898777 -0.116213188 0.012503530 0.993105769
59.266074 0.029851029 0.162706286 0.025543235 -0.009520378 -0.115910962 0.011766382 0.993144274
59.299407 0.033119682 0.160215035 0.025136424 -0.009621335 -0.115501374 0.011376152 0.993195593
59.332740 0.031234065 0.161224395 0.025385663 -0.011054528 -0.114094265 0.011990360 0.993336141
59.366073 0.027123254 0.160313621 0.024699148 -0.011425247 -0.113224298 0.012294438 0.993427694
59.399406 0.028773200 0.160022840 0.023990272 -0.010999782 -0.112751149 0.012029816 0.993489563
59.432739 0.025484407 0.160562843 0.024013855 -0.010877444 -0.111415945 0.012116096 0.993640542
59.466072 0.025057372 0.159481466 0.021454362 -0.012250368 -0.111974716 0.012170091 0.993561089
59.499405 0.025108377 0.161607146 0.023360170 -0.012080389 -0.112278745 0.011954836 0.993531466
59.532738 0.027401911 0.166136801 0.025483795 -0.012094199 -0.111442223 0.011562992 0.993630052
59.566071 0.025783649 0.165523067 0.024291696 -0.012918585 -0.108918652 0.011363582 0.993901789
59.599404 0.027014155 0.165291533 0.025447078 -0.013335881 -0.107547551 0.011055617 0.994049072
59.632737 0.024879385 0.166463792 0.024818348 -0.013361002 -0.105354458 0.010861816 0.994285703
59.666070 0.024984222 0.167569742 0.024462737 -0.013808061 -0.105219074 0.011066639 0.994291604
59.699403 0.027271029 0.168870315 0.027691992 -0.014270094 -0.106762603 0.011179794 0.994119287
59.732736 0.026097527 0.169591859 0.028365728 -0.014074477 -0.107366569 0.011203234 0.994056761
59.766069 0.028105980 0.169900328 0.030722193 -0.014780700 -0.107256487 0.012319682 0.994045258
59.799402 0.028522203 0.171713486 0.032422967 -0.014936320 -0.106339097 0.012117690 0.994143903
59.832735 0.028560005 0.171748400 0.031827740 -0.015269548 -0.104163378 0.012029587 0.994370282
59.866068 0.030382389 0.173400134 0.035089683 -0.016031465 -0.102209754 0.012318345 0.994557381
59.899401 0.028048696 0.174749047 0.032303598 -0.016165245 -0.099797644 0.012773340 0.994794428
59.932734 0.028503582 0.174539834 0.034788150 -0.016811578 -0.098725475 0.012485656 0.994894385
59.966067 0.029511007 0.175968796 0.035017826 -0.016901605 -0.097241506 0.012560126 0.995038033
59.999400 0.029704971 0.177094862 0.035539765 -0.017514000 -0.095335595 0.013098556 0.995204926
60.032733 0.031030351 0.178911775 0.035507251 -0.017071212 -0.093784496 0.013448868 0.995355308
60.066066 0.029710775 0.176524773 0.033075970 -0.017325737 -0.091713987 0.013334854 0.995545387
60.099399 0.029834425 0.176729530 0.033017393 -0.017815920 -0.089830689 0.013597152 0.995704830
60.132732 0.033510499 0.180349529 0.035816845 -0.018026583 -0.088508278 0.014509102 0.995806634
60.166065 0.031607125 0.179759488 0.035250194 -0.018472023 -0.086362332 0.014587709 0.995985806
60.199398 0.033375833 0.182497323 0.037593264 -0.018347003 -0.085127868 0.014496171 0.996095657
60.232731 0.034050010 0.183412179 0.038018174 -0.018822217 -0.083768502 0.014888204 0.996196210
60.266064 0.034340631 0.184502006 0.038847793 -0.019160034 -0.082868978 0.015541349 0.996255040
60.299397 0.033964917 0.183612421 0.037771840 -0.019474417 -0.082843594 0.016305109 0.996238887
60.332730 0.033383887 0.184772015 0.038051393 -0.019603815 -0.082066350 0.016475372 0.996297836
60.366063 0.032942317 0.185057506 0.037864812 -0.019733101 -0.080899589 0.016505983 0.996390164
60.399396 0.033193734 0.186621651 0.039244313 -0.020078853 -0.081312418 0.016819285 0.996344447
60.432729 0.035282791 0.187822491 0.040225573 -0.020496855 -0.081895694 0.016554845 0.996292591
60.466062 0.033785913 0.187259451 0.039364096 -0.020943625 -0.081731550 0.016228588 0.996302187
60.499395 0.032393243 0.187802628 0.039409719 -0.021567812 -0.081478238 0.016276574 0.996308804
60.532728 0.032347187 0.189492539 0.041586533 -0.021820642 -0.081386589 0.016186465 0.996312261
60.566061 0.032169923 0.190423563 0.041466910 -0.021793136 -0.080875687 0.015538227 0.996364772
60.599394 0.030124584 0.189934507 0.039891332 -0.022368515 -0.079483926 0.015299349 0.996467710
60.632727 0.029254435 0.188829809 0.040317483 -0.022801371 -0.078497984 0.014620062 0.996546268
60.666060 0.028747043 0.190954626 0.042355627 -0.023028238 -0.077780500 0.014275355 0.996602297
60.699393 0.030711638 0.192582488 0.044322129 -0.023324104 -0.078145869 0.014081586 0.996569574
60.732726 0.029008204 0.193875268 0.045537774 -0.023310114 -0.077697858 0.013318261 0.996615469
60.766059 0.029409917 0.194430381 0.046760086 -0.024054483 -0.077575490 0.012721999 0.996615112
60.799392 0.031410161 0.197822675 0.046346795 -0.023689337 -0.076732911 0.012126314 0.996696472
60.832725 0.032777291 0.198222220 0.047024850 -0.024265027 -0.075432703 0.011985547 0.996783614
60.866058 0.031819787 0.198723838 0.047598016 -0.024358705 -0.073385678 0.012153461 0.996932089
60.899391 0.031186489 0.200214162 0.048443824 -0.024137212 -0.072120316 0.012036953 0.997031212
60.932724 0.031708326 0.199398890 0.046619706 -0.024007302 -0.070967570 0.011969707 0.997117877
60.966057 0.030373050 0.199695662 0.046354443 -0.023732536 -0.069369733 0.011719833 0.997239828
60.999390 0.028964732 0.199660063 0.045907378 -0.023625853 -0.067230150 0.011400835 0.997392595
61.032723 0.031855162 0.202038988 0.049100708 -0.023066085 -0.065527670 0.011268692 0.997520506
61.066056 0.030412560 0.200626582 0.046339825 -0.023037285 -0.063750952 0.010838140 0.997641027
61.099389 0.026711455 0.197915912 0.045098819 -0.023088017 -0.062044356 0.010152917 0.997754633
61.132722 0.027126327 0.199733973 0.047076069 -0.023068815 -0.062267806 0.010304747 0.997739673
61.166055 0.026622636 0.200312585 0.046625897 -0.022917869 -0.062212769 0.009868298 0.997750938
61.199388 0.026341541 0.200209603 0.044843439 -0.022851223 -0.062545620 0.009580206 0.997734487
61.232721 0.027350945 0.200646117 0.045246862 -0.023119437 -0.061719459 0.009791617 0.997777700
61.266054 0.028466944 0.201485425 0.045550946 -0.022952793 -0.060293805 0.009846071 0.997868180
61.299387 0.027721275 0.201472700 0.044449229 -0.022899823 -0.058707476 0.009760558 0.997964859
61.332720 0.028882049 0.203122333 0.044023000 -0.022492541 -0.056982733 0.009352565 0.998077989
61.366053 0.030132586 0.203483492 0.044390764 -0.022130948 -0.055770133 0.009611291 0.998152137
61.399386 0.027780598 0.205316007 0.044721529 -0.021855406 -0.055321742 0.009547448 0.998183727
61.432719 0.029039269 0.205257654 0.044301730 -0.022516618 -0.055301379 0.009663410 0.998169005
61.466052 0.028136989 0.206118166 0.043984007 -0.023508132 -0.055914558 0.010025828 0.998108447
61.499385 0.030128464 0.206736401 0.045119580 -0.024283094 -0.057015002 0.010244170 0.998025417
61.532718 0.025120988 0.208385989 0.044880223 -0.025129816 -0.056433730 0.010857892 0.998031020
61.566051 0.024494102 0.207276031 0.043105129 -0.025657414 -0.056335706 0.010651252 0.998025417
61.599384 0.026974622 0.208670840 0.044458132 -0.026264351 -0.056192417 0.010425100 0.998020053
61.632717 0.026873171 0.211086810 0.045779321 -0.026561074 -0.056343462 0.010434597 0.998003602
61.666050 0.028413218 0.211530790 0.046359513 -0.026769735 -0.057283673 0.010451731 0.997944236
61.699383 0.030043744 0.213459507 0.047691874 -0.026893588 -0.058634501 0.010771908 0.997859061
61.732716 0.029213697 0.214306712 0.048432838 -0.027206481 -0.060231175 0.010564396 0.997757792
61.766049 0.028928608 0.215239868 0.049152106 -0.028341353 -0.062747382 0.010399370 0.997572780
61.799382 0.031786717 0.216739684 0.049554151 -0.029297648 -0.064759463 0.010251755 0.997418046
61.832715 0.031869706 0.219551444 0.053098515 -0.030621374 -0.066813819 0.010468206 0.997240543
61.866048 0.032620061 0.219517082 0.051980332 -0.031219330 -0.068272613 0.010677100 0.997121036
61.899381 0.033233508 0.222975761 0.054186158 -0.030992679 -0.068153277 0.010454745 0.997138560
61.932714 0.033337146 0.223555818 0.054581735 -0.030646564 -0.067132249 0.010517757 0.997217834
61.966047 0.030819112 0.222580567 0.052674390 -0.030928552 -0.066628374 0.010848559 0.997239411
61.999380 0.031094858 0.222434700 0.053634312 -0.031400010 -0.067542039 0.010738534 0.997164428
62.032713 0.030964725 0.224860758 0.053699747 -0.031055925 -0.067866340 0.010812002 0.997152388
62.066046 0.031549774 0.225140259 0.052778609 -0.031390402 -0.069454789 0.011253392 0.997027636
62.099379 0.031735733 0.225291938 0.052837156 -0.031352695 -0.070274606 0.010988537 0.996974349
62.132712 0.031418011 0.225579903 0.052101046 -0.031306710 -0.070937872 0.010974525 0.996928930
62.166045 0.029427674 0.226048708 0.051168833 -0.031315032 -0.071272083 0.011010449 0.996904492
62.199378 0.029697051 0.227241874 0.052080769 -0.030477358 -0.071103893 0.009922436 0.996953845
62.232711 0.031143811 0.229723305 0.054846272 -0.030296160 -0.071849398 0.010181011 0.996903300
62.266044 0.030633848 0.230007738 0.053429127 -0.030144729 -0.071905807 0.010269248 0.996902943
62.299377 0.030853251 0.229820758 0.053042553 -0.029674027 -0.071361698 0.010501591 0.996953726
62.332710 0.032702535 0.230199814 0.052088629 -0.029365264 -0.070684411 0.010629495 0.997009814
62.366043 0.031731043 0.231056824 0.051355675 -0.028758343 -0.069187403 0.010409228 0.997134745
62.399376 0.030752160 0.231195062 0.050768159 -0.028501868 -0.068547882 0.009684689 0.997193635
62.432709 0.030966695 0.232283920 0.049463514 -0.027895231 -0.068342783 0.009264976 0.997228801
62.466042 0.031247739 0.232645914 0.048533175 -0.028034978 -0.068864480 0.009331253 0.997188389
62.499375 0.030965995 0.233350709 0.048282299 -0.028089149 -0.068733402 0.009270065 0.997196555
62.532708 0.031650070 0.234836340 0.049320884 -0.027694648 -0.067595467 0.009204578 0.997285903
62.566041 0.032826658 0.235580727 0.048313495 -0.027870158 -0.065764457 0.009436661 0.997401297
62.599374 0.027848329 0.235559925 0.045547467 -0.027839681 -0.062904619 0.009123255 0.997589469
62.632707 0.027176870 0.237037480 0.045404635 -0.026954819 -0.061193410 0.008508590 0.997725606
62.666040 0.028078929 0.237866879 0.046266828 -0.026708154 -0.061753422 0.008391922 0.997698784
62.699373 0.032010071 0.238313869 0.047541570 -0.026881864 -0.061962985 0.008572782 0.997679532
62.732706 0.029578375 0.240228608 0.048250526 -0.026707854 -0.060844831 0.007719158 0.997759998
62.766039 0.028980698 0.239832386 0.046540931 -0.026795117 -0.060867231 0.007493803 0.997758090
62.799372 0.032028429 0.242510796 0.048641045 -0.026681710 -0.061932668 0.007522365 0.997695267
62.832705 0.031181891 0.242706284 0.048230235 -0.026767256 -0.062251244 0.007268283 0.997675061
62.866038 0.022706561 0.275963187 0.037910514 -0.021908455 -0.061159737 0.006309192 0.997867584
62.899371 0.025028976 0.276501805 0.037948534 -0.022352487 -0.062537573 0.006130509 0.997773468
62.932704 0.019808527 0.277170748 0.037423469 -0.022417927 -0.061727494 0.005775284 0.997824550
62.966037 0.022577243 0.278078765 0.037878711 -0.022397919 -0.062056541 0.005529460 0.997806013
62.999370 0.021871008 0.279514700 0.038486436 -0.022719979 -0.062255956 0.005492173 0.997786522
63.032703 0.022624861 0.280682534 0.038939886 -0.022659879 -0.061731588 0.005293125 0.997821510
63.066036 0.025499914 0.282312721 0.039783753 -0.022284018 -0.062837251 0.005931515 0.997757435
63.099369 0.022225397 0.281541020 0.037544440 -0.022443065 -0.062785596 0.006156263 0.997755766
63.132702 0.024048466 0.283341020 0.040219121 -0.022547828 -0.062568583 0.006526896 0.997764647
63.166035 0.023767611 0.283911675 0.039720353 -0.022297828 -0.061716832 0.006297150 0.997824728
63.199368 0.023935115 0.285698920 0.038353059 -0.021838559 -0.061101388 0.005859878 0.997875452
63.232701 0.025757624 0.286372960 0.039062597 -0.021748489 -0.061431352 0.006293782 0.997854531
63.266034 0.024761360 0.287144959 0.038474280 -0.021154413 -0.060788572 0.006758669 0.997903645
63.299367 0.023842299 0.285990924 0.038240898 -0.021451984 -0.060118400 0.006756726 0.997937858
63.332700 0.025378060 0.286442548 0.038071860 -0.022116020 -0.060178310 0.007490924 0.997914553
63.366033 0.026683705 0.289272994 0.038086187 -0.022257697 -0.060560126 0.008032002 0.997884035
63.399366 0.026953766 0.288406521 0.036666930 -0.022476194 -0.060896050 0.008640446 0.997853696
63.432699 0.027416896 0.288636357 0.036052853 -0.021431128 -0.059783008 0.008714847 0.997943282
63.466032 0.026261957 0.289106846 0.037727021 -0.020111505 -0.057539169 0.008459371 0.998104811
63.499365 0.026409388 0.289167404 0.036943249 -0.019245718 -0.055088326 0.008832766 0.998256981
63.532698 0.026469493 0.288707346 0.035372905 -0.018639715 -0.053248566 0.008763970 0.998368859
63.566031 0.025294265 0.287387550 0.033326425 -0.018231580 -0.051599111 0.008708030 0.998463511
63.599364 0.031138116 0.288326204 0.034459896 -0.018224733 -0.051792610 0.009132859 0.998449802
63.632697 0.031403627 0.287906021 0.033438552 -0.018204363 -0.051797252 0.009231872 0.998449028
63.666030 0.028366858 0.287989765 0.032275353 -0.018127080 -0.051458068 0.009274687 0.998467565
63.699363 0.030629322 0.288549244 0.032742396 -0.018253868 -0.051638678 0.009957043 0.998449445
63.732696 0.030568866 0.288695931 0.032052122 -0.018357564 -0.052031800 0.010240374 0.998424172
63.766029 0.029275656 0.292160004 0.033793144 -0.017799890 -0.052447353 0.010664263 0.998408079
63.799362 0.023214944 0.292056292 0.031179214 -0.018148888 -0.051671647 0.010503384 0.998443961
63.832695 0.028053839 0.291532606 0.032897286 -0.017684197 -0.051527306 0.010961851 0.998454809
63.866028 0.028569095 0.293401450 0.033671245 -0.016313393 -0.050519686 0.011306423 0.998525858
63.899361 0.029038608 0.292794257 0.032957725 -0.015282704 -0.049992356 0.010725339 0.998575091
63.932694 0.029634334 0.293573052 0.033751141 -0.014606342 -0.049982902 0.010592680 0.998587132
63.966027 0.028792167 0.292992324 0.032546349 -0.014342909 -0.049653046 0.010105339 0.998612463
63.999360 0.030725544 0.293874919 0.032947522 -0.013904369 -0.049876757 0.009241715 0.998615861
64.032693 0.030929213 0.294413775 0.033470921 -0.014097560 -0.049943890 0.008998448 0.998612046
64.066026 0.029244551 0.294958353 0.033133753 -0.015583294 -0.050687727 0.008313361 0.998558402
64.099359 0.025679352 0.292585373 0.028901892 -0.014567913 -0.048303459 0.007447721 0.998698771
64.132692 0.027950650 0.294867516 0.033382025 -0.014794968 -0.047344081 0.007261517 0.998742700
64.166025 0.028194061 0.294999927 0.033334374 -0.014571212 -0.045684110 0.007217542 0.998823583
64.199358 0.028834980 0.294588745 0.032872863 -0.014450364 -0.044260021 0.006433671 0.998894811
64.232691 0.026361577 0.292977959 0.031554695 -0.014495146 -0.042587921 0.005987421 0.998969674
64.266024 0.027129931 0.292206585 0.030434459 -0.014508112 -0.042078834 0.005805645 0.998992145
64.299357 0.026964840 0.292249292 0.030612275 -0.014202017 -0.042521920 0.005989570 0.998976707
64.332690 0.027006140 0.292970747 0.030119296 -0.014700515 -0.043444883 0.005453511 0.998932838
64.366023 0.027172543 0.293555081 0.029631691 -0.017599536 -0.047454394 0.004942317 0.998706162
64.399356 0.027993482 0.299032986 0.035910867 -0.015864598 -0.048006490 0.004963458 0.998708725
64.432689 0.026393637 0.297931254 0.033958629 -0.016562028 -0.049171232 0.004987322 0.998640656
64.466022 0.025879335 0.298548847 0.034480538 -0.016640624 -0.047243368 0.005497555 0.998729706
64.499355 0.026120193 0.299088240 0.035102986 -0.015730433 -0.045954145 0.005283362 0.998805761
64.532688 0.027562082 0.298310876 0.033698168 -0.015332101 -0.043734826 0.005196929 0.998912036
64.566021 0.027314337 0.298049957 0.032833390 -0.015091037 -0.042138457 0.004301096 0.998988628
64.599354 0.027218319 0.299175441 0.033754699 -0.014109511 -0.040979501 0.004116829 0.999051929
64.632687 0.027273627 0.298470557 0.032132350 -0.013414493 -0.041091550 0.004295887 0.999056101
64.666020 0.026021365 0.297435075 0.029362403 -0.012874914 -0.041152496 0.004051309 0.999061704
64.699353 0.026908243 0.297257751 0.028882811 -0.012142794 -0.041239340 0.003762576 0.999068439
64.732686 0.026783491 0.298338085 0.030314192 -0.011060149 -0.040971868 0.003760045 0.999091983
64.766019 0.027814168 0.298595160 0.030506792 -0.010379643 -0.040071234 0.002941664 0.999138653
64.799352 0.027744254 0.300475955 0.031462759 -0.009605811 -0.039538458 0.002333687 0.999169171
64.832685 0.028513178 0.301587433 0.032785907 -0.008792990 -0.038561758 0.001254887 0.999216735
64.866018 0.028261261 0.301590681 0.032520596 -0.008594245 -0.037689582 0.000834495 0.999252260
64.899351 0.028119242 0.302479416 0.033449061 -0.008585281 -0.036914602 0.000836123 0.999281228
64.932684 0.026381774 0.302219689 0.033152711 -0.008828757 -0.035652749 0.000299375 0.999325216
64.966017 0.026042080 0.302176028 0.031533577 -0.010354456 -0.034022603 0.000109633 0.999367416
64.999350 0.026453437 0.302990317 0.030613651 -0.015328394 -0.038088128 -0.000334466 0.999156773
65.032683 0.028729716 0.307870299 0.035574023 -0.015385077 -0.040626489 0.000683010 0.999055743
65.066016 0.030000731 0.304070204 0.036137205 -0.017048720 -0.041211464 0.001137857 0.999004364
65.099349 0.028282946 0.309038401 0.037119076 -0.016261598 -0.038873948 0.001329234 0.999110937
65.132682 0.028501458 0.309570223 0.037327841 -0.013676113 -0.034954894 0.000882698 0.999294937
65.166015 0.028981419 0.302690387 0.034073245 -0.014420054 -0.034099810 0.000264317 0.999314427
65.199348 0.026674306 0.303074509 0.033091448 -0.014466261 -0.033757932 -0.000014797 0.999325335
65.232681 0.026627026 0.302351803 0.032456309 -0.013916114 -0.034249231 0.000055607 0.999316454
65.266014 0.030409988 0.303115219 0.034007378 -0.013033791 -0.036143236 0.000647583 0.999261439
65.299347 0.027242808 0.307034582 0.033491962 -0.011938708 -0.036612678 0.000891954 0.999257803
65.332680 0.028146908 0.307354629 0.034100004 -0.011863312 -0.037244119 0.001069284 0.999235213
65.366013 0.027381290 0.306977242 0.032962754 -0.011886665 -0.037650466 0.001208251 0.999219537
65.399346 0.028157922 0.307308555 0.033537146 -0.012183066 -0.038641073 0.001246530 0.999178112
65.432679 0.027079530 0.307685524 0.033955712 -0.012171434 -0.039548211 0.001521719 0.999142408
65.466012 0.024932330 0.306770861 0.032708161 -0.012397934 -0.039401371 0.001034577 0.999146044
65.499345 0.027133023 0.307560921 0.033612762 -0.012428528 -0.039706338 0.000341435 0.999134064
65.532678 0.028740929 0.308155656 0.034280960 -0.012392228 -0.039501537 0.000261828 0.999142706
65.566011 0.026482681 0.307106912 0.033060201 -0.012834180 -0.039425507 0.000124906 0.999140084
65.599344 0.027683303 0.307491124 0.033380289 -0.012726641 -0.040154807 0.000407189 0.999112368
65.632677 0.025518335 0.306621104 0.031492848 -0.013027073 -0.041082423 0.000986770 0.999070406
65.666010 0.024847867 0.306445658 0.031481706 -0.013669780 -0.042271789 0.001417931 0.999011636
65.699343 0.027412655 0.305431902 0.030477835 -0.014521119 -0.043844804 0.002044691 0.998930752
65.732676 0.026818326 0.306420714 0.032098573 -0.015291616 -0.044408984 0.002990293 0.998891950
65.766009 0.027635954 0.308643401 0.035615508 -0.015627177 -0.045194957 0.003793200 0.998848736
65.799342 0.028096292 0.308828264 0.036070347 -0.016013522 -0.044322949 0.003491072 0.998882830
65.832675 0.026514569 0.308464468 0.036157724 -0.016541963 -0.043120794 0.003466872 0.998926878
65.866008 0.027816230 0.308914006 0.036651928 -0.016818736 -0.043049995 0.003905683 0.998923719
65.899341 0.026363084 0.308818609 0.036051851 -0.017045949 -0.042998560 0.004702525 0.998918712
65.932674 0.025851812 0.308352232 0.035732407 -0.017015019 -0.042978641 0.004835309 0.998919427
65.966007 0.024920102 0.307912171 0.035191018 -0.017459555 -0.042471282 0.004982978 0.998932719
65.999340 0.026051614 0.308613956 0.035968490 -0.017727092 -0.042580623 0.005323935 0.998921573
66.032673 0.023785714 0.308030427 0.035696689 -0.018296717 -0.041775100 0.005378597 0.998944998
66.066006 0.024894977 0.308499962 0.036061313 -0.018478472 -0.041671559 0.005084386 0.998947561
66.099339 0.024712713 0.308760583 0.036377195 -0.018639993 -0.041097719 0.004945248 0.998969018
66.132672 0.024956178 0.308580637 0.036305726 -0.019008953 -0.041038264 0.004828418 0.998965144
66.166005 0.024401497 0.308713794 0.036282152 -0.019125305 -0.041042045 0.004710024 0.998963296
66.199338 0.023016971 0.308314323 0.035615858 -0.019143470 -0.040490404 0.004078231 0.998988211
66.232671 0.021758998 0.307259470 0.034321643 -0.019635176 -0.040386479 0.003774946 0.998984098
66.266004 0.022486337 0.307537109 0.034836385 -0.019576430 -0.040360294 0.003128479 0.998988569
66.299337 0.020093517 0.307556212 0.035038143 -0.019604385 -0.039520282 0.002099802 0.999024272
66.332670 0.022859724 0.310447574 0.038907778 -0.019156618 -0.040651791 0.001629813 0.998988450
66.366003 0.021661084 0.309015214 0.036925677 -0.019808985 -0.040687501 0.001128374 0.998974919
66.399336 0.021157561 0.309473664 0.037939407 -0.019895865 -0.040873695 0.000861545 0.998965859
66.432669 0.021934791 0.308566093 0.036146354 -0.020340636 -0.041523241 0.001291954 0.998929679
66.466002 0.021803502 0.308650106 0.036722265 -0.020136897 -0.041717332 0.000933959 0.998926103
66.499335 0.021819804 0.308715880 0.036702532 -0.020161275 -0.041719794 0.000751492 0.998925686
66.532668 0.022346776 0.309615940 0.037519701 -0.020058043 -0.041922737 -0.000017870 0.998919547
66.566001 0.020616669 0.308513314 0.036805332 -0.020412663 -0.040796150 -0.000685374 0.998958707
66.599334 0.021106601 0.309704244 0.038291819 -0.020343747 -0.040301666 -0.001027303 0.998979926
66.632667 0.020131877 0.310441792 0.039693736 -0.020427151 -0.040840663 -0.000970255 0.998956382
66.666000 0.019596912 0.309448093 0.038114168 -0.020864248 -0.041274201 -0.000946214 0.998929620
66.699333 0.020558411 0.309506834 0.038038235 -0.021058112 -0.042064451 -0.001407941 0.998892009
66.732666 0.020980615 0.309395254 0.037624888 -0.020996619 -0.041561972 -0.001944027 0.998913467
66.765999 0.017510854 0.307946116 0.036306061 -0.021261169 -0.041560367 -0.002729984 0.998906076
66.799332 0.016743151 0.308629245 0.036965307 -0.020967238 -0.042663924 -0.002781497 0.998865604
66.832665 0.015421658 0.309773535 0.038521919 -0.020704286 -0.042419702 -0.003476148 0.998879313
66.865998 0.018216144 0.309396684 0.039094269 -0.020969218 -0.041362859 -0.003960993 0.998916268
66.899331 0.015931958 0.308999389 0.038135890 -0.020911852 -0.041663077 -0.004228696 0.998903990
66.932664 0.017320504 0.309156358 0.037533853 -0.020821402 -0.043849789 -0.004075894 0.998812854
66.965997 0.016204027 0.308669448 0.037102647 -0.020716814 -0.043024398 -0.004306150 0.998849988
66.999330 0.017496042 0.308897913 0.038134411 -0.020639474 -0.042482208 -0.004597698 0.998873472
67.032663 0.018311668 0.309011519 0.038372319 -0.020614479 -0.043066632 -0.004320457 0.998850226
67.065996 0.018354375 0.310291708 0.039684828 -0.020230995 -0.043707374 -0.004113732 0.998831034
67.099329 0.015551645 0.309086144 0.038110673 -0.020462073 -0.042623382 -0.004057502 0.998873413
67.132662 0.017218741 0.309293628 0.037970543 -0.020259554 -0.042490616 -0.003934167 0.998883724
67.165995 0.018900024 0.308716536 0.037514750 -0.020394765 -0.043185640 -0.003513147 0.998852730
67.199328 0.015297959 0.309139162 0.037969407 -0.020403931 -0.042740706 -0.003447603 0.998871922
67.232661 0.018257458 0.309228033 0.038299207 -0.020347307 -0.042517394 -0.002883393 0.998884380
67.265994 0.018317869 0.308560222 0.037366658 -0.020537544 -0.042487118 -0.002661718 0.998882413
67.299327 0.017961236 0.308211178 0.036103148 -0.020543102 -0.042834580 -0.002474372 0.998867869
67.332660 0.017708937 0.308579266 0.036920689 -0.020631490 -0.042811714 -0.002317199 0.998867452
67.365993 0.019362569 0.309287995 0.038250230 -0.020673065 -0.042645555 -0.001941393 0.998874545
67.399326 0.019355992 0.308388501 0.037411891 -0.020942934 -0.042450875 -0.001910726 0.998877227
67.432659 0.018435722 0.308441520 0.036612466 -0.020920580 -0.042805236 -0.001889917 0.998862624
67.465992 0.017013675 0.308607668 0.037071042 -0.020937745 -0.042649377 -0.002006616 0.998868704
67.499325 0.018675281 0.308932245 0.037829719 -0.020912781 -0.042380631 -0.001952073 0.998880744
67.532658 0.019355394 0.308338553 0.036855169 -0.021045614 -0.042461954 -0.001989499 0.998874485
67.565991 0.018468283 0.308568001 0.037271474 -0.020875897 -0.042827770 -0.002279167 0.998861790
67.599324 0.018717092 0.308925033 0.037842780 -0.020821126 -0.042736426 -0.002294678 0.998866796
67.632657 0.018234007 0.309218615 0.037930336 -0.020598775 -0.042444695 -0.002664583 0.998882890
67.665990 0.017057598 0.309036791 0.037676435 -0.020552492 -0.042467300 -0.002954183 0.998882115
67.699323 0.017757189 0.308877170 0.037529584 -0.020533876 -0.042853311 -0.003170726 0.998865366
67.732656 0.017361738 0.309151530 0.037642587 -0.020395543 -0.042793728 -0.003383336 0.998870015
67.765989 0.017077245 0.309400558 0.038197517 -0.020381937 -0.042476211 -0.003577097 0.998883188
67.799322 0.017609932 0.309202343 0.037947297 -0.020317523 -0.042734701 -0.003838242 0.998872519
67.832655 0.017914878 0.309197068 0.038413402 -0.020442139 -0.042966228 -0.003917538 0.998859704
67.865988 0.016397856 0.309324503 0.038658347 -0.020492494 -0.042626482 -0.004070732 0.998872638
67.899321 0.018197704 0.309610069 0.039047830 -0.020442953 -0.042785991 -0.003859826 0.998867691
67.932654 0.017942332 0.309371650 0.038632721 -0.020551704 -0.042836715 -0.003826958 0.998863339
67.965987 0.017397119 0.308764637 0.037557259 -0.020622926 -0.042816937 -0.003648376 0.998863399
67.999320 0.016736904 0.309318006 0.037974238 -0.020540453 -0.042600363 -0.003566310 0.998874724
68.032653 0.018468769 0.309275120 0.038144872 -0.020616522 -0.042768225 -0.003334894 0.998866677
68.065986 0.017253311 0.308813751 0.037928533 -0.020806795 -0.042748194 -0.003201855 0.998864055
68.099319 0.014500908 0.308550000 0.036417756 -0.020810213 -0.042348493 -0.003172056 0.998881161
68.132652 0.017324025 0.308975071 0.037840497 -0.020767827 -0.042467076 -0.002802869 0.998878121
68.165985 0.018075021 0.308709413 0.036948815 -0.020804869 -0.042532846 -0.002466150 0.998875439
68.199318 0.017332966 0.308707535 0.037449334 -0.020906100 -0.042695630 -0.002527676 0.998866200
68.232651 0.017272327 0.309197038 0.037908088 -0.020794606 -0.042621475 -0.002250651 0.998872399
68.265984 0.016408904 0.308848053 0.036933448 -0.020823374 -0.042301554 -0.002114317 0.998885632
68.299317 0.016882779 0.308472484 0.036530253 -0.020790050 -0.042297870 -0.002260198 0.998886168
68.332650 0.018844236 0.308401704 0.036776252 -0.020808287 -0.042749763 -0.002246113 0.998866558
68.365983 0.016999071 0.308581978 0.036686491 -0.020640958 -0.042440016 -0.002304847 0.998883188
68.399316 0.018441895 0.308289081 0.036034681 -0.020548768 -0.042472474 -0.002364960 0.998883545
68.432649 0.018051608 0.308416069 0.036327068 -0.020527871 -0.042547036 -0.002376334 0.998880804
68.465982 0.018351592 0.308350921 0.036355238 -0.020405443 -0.042734340 -0.002660359 0.998874545
68.499315 0.018762177 0.309129685 0.037885580 -0.020393742 -0.042679362 -0.002584788 0.998877347
68.532648 0.018171921 0.308799058 0.037536442 -0.020347765 -0.042544615 -0.002753483 0.998883605
68.565981 0.018742673 0.308897853 0.037713066 -0.020401662 -0.042691894 -0.002828238 0.998876035
68.599314 0.018186720 0.308804691 0.037831761 -0.020447200 -0.042690519 -0.003050493 0.998874485
68.632647 0.017399650 0.308949411 0.037375335 -0.020309847 -0.042592689 -0.003416087 0.998880267
68.665980 0.017521337 0.309167564 0.037878517 -0.020418800 -0.042578999 -0.003375878 0.998878717
68.699313 0.017527718 0.309251517 0.037737150 -0.020377319 -0.042501997 -0.003451524 0.998882651
68.732646 0.018641882 0.308896601 0.038194299 -0.020740788 -0.042773545 -0.003420984 0.998863637
68.765979 0.018092252 0.309227079 0.038215656 -0.020613266 -0.042608507 -0.003330592 0.998873651
68.799312 0.016622968 0.308941305 0.037911844 -0.020692810 -0.042424798 -0.003420036 0.998879492
68.832645 0.016708378 0.308968365 0.037586894 -0.020672465 -0.042512279 -0.003391854 0.998876333
68.865978 0.019259159 0.308931679 0.037557881 -0.020716473 -0.042968132 -0.003205139 0.998856485
68.899311 0.017396314 0.308494568 0.037511442 -0.020916389 -0.042477988 -0.003071475 0.998873770
68.932644 0.016963432 0.309270352 0.037650958 -0.020596044 -0.042412266 -0.002876434 0.998883784
68.965977 0.018646464 0.308714837 0.037344050 -0.020756833 -0.042658627 -0.002758525 0.998870313
68.999310 0.018400088 0.308531106 0.037232108 -0.020755200 -0.042430200 -0.002575507 0.998880565
69.032643 0.019017301 0.309069872 0.037886601 -0.020586902 -0.042580407 -0.002238076 0.998878479
69.065976 0.020104006 0.308823705 0.037701860 -0.020622669 -0.042783547 -0.002062882 0.998869419
69.099309 0.019612504 0.308400810 0.037130523 -0.020620214 -0.042671848 -0.001990769 0.998874366
69.132642 0.018963447 0.308591813 0.037090749 -0.020484475 -0.042475589 -0.001783695 0.998885930
69.165975 0.018937234 0.308592260 0.037123896 -0.020372299 -0.042363618 -0.001732938 0.998893023
69.199308 0.020422410 0.308679998 0.037439428 -0.020333255 -0.042557050 -0.001713054 0.998885632
69.232641 0.020061284 0.308742493 0.037241794 -0.020191653 -0.042589497 -0.001646567 0.998887300
69.265974 0.020439226 0.308951437 0.037601169 -0.020104418 -0.042661998 -0.001541917 0.998886108
69.299307 0.020891389 0.309064180 0.037393600 -0.019984135 -0.042648587 -0.001463943 0.998889208
69.332640 0.021117723 0.310007513 0.039046511 -0.019853253 -0.042683940 -0.001625656 0.998890042
69.365973 0.020043913 0.308996618 0.037193444 -0.019957067 -0.042453587 -0.001732837 0.998897612
69.399306 0.020877419 0.309429884 0.038199846 -0.019992787 -0.042689878 -0.001699834 0.998886943
69.432639 0.019665390 0.308708221 0.036890641 -0.020085694 -0.042336255 -0.001852576 0.998899817
69.465972 0.018399028 0.308544278 0.036908701 -0.020228460 -0.042270157 -0.001931085 0.998899579
69.499305 0.019384462 0.308954000 0.036905568 -0.020144055 -0.042400837 -0.001807839 0.998896003
69.532638 0.019708080 0.309394449 0.038202293 -0.020260094 -0.042433482 -0.001926102 0.998892009
69.565971 0.020065891 0.309096217 0.037623331 -0.020346215 -0.042522285 -0.002038959 0.998886228
69.599304 0.018973812 0.308482558 0.036901414 -0.020523747 -0.042309839 -0.002158138 0.998891413
69.632637 0.019189797 0.308133155 0.035846107 -0.020539440 -0.042514268 -0.002261185 0.998882174
69.665970 0.020154016 0.308118492 0.035915941 -0.020570610 -0.042531833 -0.002268272 0.998880744
69.699303 0.019679284 0.308438748 0.036895797 -0.020640058 -0.042498004 -0.002173013 0.998880982
69.732636 0.018914020 0.308155477 0.035883684 -0.020599252 -0.042404007 -0.002161741 0.998885870
69.765969 0.019475209 0.308234990 0.035999056 -0.020606900 -0.042419963 -0.002115656 0.998885095
69.799302 0.019503409 0.308304429 0.035882656 -0.020513954 -0.042462222 -0.002058369 0.998885393
69.832635 0.019710444 0.307634622 0.034880567 -0.020522630 -0.042519171 -0.002108776 0.998882711
69.865968 0.019449592 0.308167905 0.035394561 -0.020378958 -0.042419504 -0.002056688 0.998889923
69.899301 0.018455796 0.308156013 0.035920687 -0.020376191 -0.042175673 -0.001924657 0.998900592
69.932634 0.019535994 0.308635294 0.036386248 -0.020204103 -0.042379517 -0.001765122 0.998895764
69.965967 0.019434249 0.308375418 0.035940386 -0.020147022 -0.042396720 -0.001796365 0.998896122
69.999300 0.019816183 0.308672577 0.036305737 -0.020081321 -0.042453546 -0.001688174 0.998895228
70.032633 0.019402409 0.308416545 0.036504012 -0.020168105 -0.042383417 -0.001781845 0.998896301
70.065966 0.019687038 0.308732092 0.036817558 -0.020044573 -0.042468041 -0.001683339 0.998895347
70.099299 0.019201217 0.308693409 0.036758143 -0.020050226 -0.042362623 -0.001719492 0.998899639
70.132632 0.020945033 0.310889393 0.039547402 -0.019712733 -0.042555932 -0.001572928 0.998898387
70.165965 0.016199725 0.308951885 0.036577985 -0.019966746 -0.041801117 -0.001765957 0.998924911
70.199298 0.013161958 0.306925327 0.034229808 -0.020397840 -0.041436709 -0.001805617 0.998931289
70.232631 0.016821576 0.308544725 0.036382180 -0.020116514 -0.041884512 -0.001548648 0.998918772
70.265964 0.015862811 0.308319032 0.033869680 -0.019969217 -0.041792616 -0.001517838 0.998925626
70.299297 0.013264213 0.311734349 0.035297595 -0.019624766 -0.041465405 -0.002187866 0.998944879
70.332630 0.013331541 0.302577823 0.032184344 -0.021004340 -0.041536797 -0.001387581 0.998915195
70.365963 0.012717724 0.308050275 0.033067338 -0.020146534 -0.041450050 -0.001834413 0.998935819
70.399296 0.012728809 0.308195382 0.032081466 -0.020322649 -0.041916098 -0.002586105 0.998911083
70.432629 0.012619440 0.308565736 0.033344623 -0.020317795 -0.041579708 -0.002481978 0.998925567
70.465962 0.012994822 0.310436457 0.037524480 -0.020075276 -0.040817458 -0.002161168 0.998962641
70.499295 0.013319404 0.309055090 0.042069022 -0.020637786 -0.040435944 -0.002256819 0.998966455
70.532628 0.014099306 0.307265848 0.035065170 -0.020743119 -0.041836869 -0.002503667 0.998905957
70.565961 0.020053219 0.309445024 0.036422290 -0.020605057 -0.043218598 -0.003524296 0.998847008
70.599294 0.013827676 0.306778342 0.034308776 -0.021074073 -0.042616665 -0.003810825 0.998861969
70.632627 0.013285859 0.307356715 0.034834843 -0.020658256 -0.042425282 -0.003259896 0.998880744
70.665960 0.018652387 0.311465830 0.038997725 -0.020259002 -0.042814363 -0.003904010 0.998870015
70.699293 0.016366646 0.308150738 0.037155438 -0.020570504 -0.042801350 -0.003415989 0.998865962
70.732626 0.009141793 0.310822189 0.043116789 -0.020136898 -0.041232094 -0.002993881 0.998942196
70.765959 0.000746369 0.307851404 0.043951809 -0.020671211 -0.039808456 -0.003132082 0.998988628
70.799292 0.000574875 0.303047270 0.041731197 -0.021515651 -0.040278688 -0.002883906 0.998952687
70.832625 0.000987147 0.303714484 0.040238742 -0.021172082 -0.040609270 -0.002214625 0.998948336
70.865958 0.001392706 0.303803205 0.044216000 -0.021419261 -0.040373258 -0.002290466 0.998952508
70.899291 0.004363895 0.306640208 0.046652559 -0.020784413 -0.040602911 -0.002164840 0.998956859
70.932624 -0.001418122 0.308705807 0.047474992 -0.020545632 -0.039121043 -0.002463124 0.999020278
70.965957 0.004058654 0.312367380 0.049209431 -0.019797420 -0.040057003 -0.002604368 0.998997867
70.999290 0.010089066 0.313471645 0.052532397 -0.019651812 -0.041148365 -0.002190429 0.998957455
71.032623 0.014890294 0.317171216 0.052203916 -0.018917639 -0.041583437 -0.002105242 0.998953760
71.065956 0.020412115 0.316793382 0.053370606 -0.019076601 -0.042353138 -0.001707893 0.998919129
71.099289 0.012793151 0.316436321 0.053829927 -0.019190716 -0.041155640 -0.001881518 0.998966694
71.132622 0.015742637 0.314648360 0.051654503 -0.019509668 -0.041610938 -0.001863059 0.998941660
71.165955 0.014847371 0.315692723 0.053169060 -0.019339820 -0.041607678 -0.001840506 0.998945117
71.199288 0.015054183 0.315522701 0.053023666 -0.019343741 -0.041529849 -0.001993940 0.998948038
71.232621 0.013918827 0.313600987 0.050074935 -0.019648653 -0.041325364 -0.002068584 0.998950422
71.265954 0.010731218 0.308685720 0.041205719 -0.020077541 -0.040090661 -0.002504031 0.998991251
71.299287 0.013585439 0.307745844 0.039350808 -0.019997640 -0.040435016 -0.002866958 0.998977959
71.332620 0.014239329 0.306989133 0.038142812 -0.020005325 -0.040542386 -0.003218603 0.998972416
71.365953 0.011327595 0.309366196 0.040658053 -0.019787382 -0.040285565 -0.003116001 0.998987436
71.399286 0.015867244 0.314140648 0.047748275 -0.019364001 -0.041448630 -0.002703442 0.998949349
71.432619 0.016137777 0.311401755 0.043755215 -0.019871393 -0.041380525 -0.002689181 0.998942256
71.465952 0.016151343 0.313208282 0.047995921 -0.020029135 -0.041680917 -0.001961845 0.998928308
71.499285 0.015890485 0.310478210 0.043088119 -0.020116283 -0.041357294 -0.002568219 0.998938620
71.532618 0.014514703 0.312495798 0.045714378 -0.019909890 -0.041233964 -0.002447384 0.998948157
71.565951 0.014695548 0.312455952 0.045793846 -0.019935321 -0.041258167 -0.002525248 0.998946428
71.599284 0.012276679 0.310968518 0.043705504 -0.020070883 -0.040896002 -0.002719706 0.998958170
71.632617 0.011772654 0.310712546 0.042802986 -0.020031942 -0.040718045 -0.002832676 0.998965919
71.665950 0.012974454 0.311362505 0.043718986 -0.019982072 -0.041057799 -0.002633347 0.998953521
71.699283 0.014382951 0.309812486 0.041528258 -0.020218423 -0.041188501 -0.002551876 0.998943627
71.732616 0.012529820 0.309572726 0.041008137 -0.020195091 -0.040906835 -0.002722639 0.998955250
71.765949 0.013285747 0.308474272 0.039193716 -0.020308621 -0.041029006 -0.002599233 0.998948157
71.799282 0.013007236 0.309825987 0.041226156 -0.020078640 -0.041058827 -0.002622890 0.998951614
71.832615 0.011468170 0.310275763 0.041849814 -0.020017793 -0.040957749 -0.002555500 0.998957098
71.865948 0.009727381 0.311576873 0.042584799 -0.019591669 -0.040857092 -0.002874781 0.998968780
71.899281 0.010483759 0.311510086 0.042679854 -0.019690581 -0.040918753 -0.002734494 0.998964727
71.932614 0.014102786 0.310126096 0.040392019 -0.019946015 -0.041188262 -0.002500303 0.998949170
71.965947 0.012411476 0.310430169 0.040943298 -0.019919828 -0.041043680 -0.002469396 0.998955786
71.999280 0.013665396 0.309800357 0.040198021 -0.020095639 -0.041215282 -0.002315671 0.998945534
72.032613 0.019382188 0.310555696 0.040926352 -0.019931208 -0.042013917 -0.002352988 0.998915493
72.065946 0.018904865 0.310041308 0.040740225 -0.020121818 -0.041973148 -0.002314840 0.998913467
72.099279 0.019663932 0.311380535 0.043225531 -0.019840177 -0.042146727 -0.002220169 0.998911977
72.132612 0.020377122 0.311808676 0.044142723 -0.019789718 -0.042308286 -0.002296065 0.998906016
72.165945 0.019305672 0.312625796 0.046105102 -0.019685367 -0.042182684 -0.002346112 0.998913229
72.199278 0.018087858 0.312790841 0.046580091 -0.019676689 -0.042000216 -0.002666982 0.998920321
72.232611 0.016625792 0.312380642 0.046043389 -0.019739039 -0.041762270 -0.002815830 0.998928666
72.265944 0.020380575 0.312105954 0.044505723 -0.019767649 -0.042303864 -0.002538846 0.998906016
72.299277 0.018826807 0.310152769 0.041598137 -0.020055769 -0.042125475 -0.002682455 0.998907447
72.332610 0.018993080 0.311014831 0.042736102 -0.019900845 -0.042246219 -0.002685802 0.998905480
72.365943 0.018358860 0.311177552 0.042915206 -0.019906508 -0.042099744 -0.002693798 0.998911500
72.399276 0.017394150 0.310983211 0.042679116 -0.019903244 -0.042089880 -0.002663365 0.998912036
72.432609 0.017774694 0.311311811 0.043202508 -0.019853126 -0.042271264 -0.002628366 0.998905420
72.465942 0.018495752 0.310639471 0.042471379 -0.020003982 -0.042407960 -0.002656995 0.998896599
72.499275 0.017907269 0.311284482 0.043369319 -0.019869341 -0.042366318 -0.002760949 0.998900771
72.532608 0.018163521 0.313005835 0.045663599 -0.019705260 -0.042295899 -0.002662014 0.998907328
72.565941 0.016957285 0.310739160 0.042146064 -0.019970840 -0.042060371 -0.002642961 0.998911977
72.599274 0.015873961 0.309220493 0.038677514 -0.019936828 -0.041341096 -0.002972586 0.998941720
72.632607 0.014526629 0.307201594 0.035857655 -0.020246850 -0.041042127 -0.003196238 0.998947144
72.665940 0.016941184 0.308703274 0.038330738 -0.020060880 -0.041414831 -0.003058274 0.998935938
72.699273 0.015024390 0.307842851 0.036858246 -0.020242155 -0.041053195 -0.002929474 0.998947620
72.732606 0.016838528 0.308443576 0.037860200 -0.020153040 -0.041271731 -0.002933656 0.998940408
72.765939 0.017002447 0.308007747 0.037153397 -0.020224556 -0.041310925 -0.002881576 0.998937488
72.799272 0.017939109 0.311191410 0.042289689 -0.019912275 -0.042145062 -0.002468230 0.998910069
72.832605 0.018201636 0.310363650 0.041092969 -0.020029793 -0.042284999 -0.002310463 0.998902202
72.865938 0.016673254 0.310157508 0.040519077 -0.020052971 -0.041959174 -0.002340352 0.998915315
72.899271 0.017836029 0.310692459 0.041820325 -0.019999474 -0.042360902 -0.002397156 0.998899400
72.932604 0.017012056 0.310415506 0.041118771 -0.020043582 -0.042259675 -0.002423517 0.998902678
72.965937 0.017134247 0.310384750 0.040849429 -0.020032164 -0.042267621 -0.002291132 0.998902917
72.999270 0.017102290 0.310935616 0.041836269 -0.019986015 -0.042238198 -0.002380063 0.998904884
73.032603 0.017255522 0.310716242 0.041470159 -0.020060811 -0.042310435 -0.002269012 0.998900533
73.065936 0.019119820 0.311803848 0.042896222 -0.019946067 -0.042447139 -0.002244065 0.998897076
73.099269 0.018081345 0.311185360 0.041894298 -0.020047804 -0.042338304 -0.002246890 0.998899639
73.132602 0.017666820 0.310234755 0.040366646 -0.020118333 -0.042168025 -0.002304902 0.998905301
73.165935 0.018418362 0.309954226 0.040092468 -0.020165205 -0.042411730 -0.002224473 0.998894215
73.199268 0.016889736 0.310177833 0.040168088 -0.020106342 -0.041998986 -0.002350172 0.998912573
73.232601 0.016962187 0.310084522 0.039956953 -0.020105798 -0.042010002 -0.002312596 0.998912215
73.265934 0.018565893 0.310806781 0.041024409 -0.019994156 -0.042321909 -0.002222354 0.998901486
73.299267 0.016766395 0.310244739 0.040013321 -0.020042719 -0.041987736 -0.002443409 0.998914123
73.332600 0.016758705 0.310312033 0.039854575 -0.019995514 -0.041994423 -0.002394862 0.998914897
73.365933 0.015054844 0.309450418 0.038397301 -0.020144390 -0.041743249 -0.002495150 0.998922229
73.399266 0.017415507 0.309252590 0.038222320 -0.020100145 -0.042215660 -0.002456333 0.998903334
73.432599 0.017143920 0.308916807 0.037567213 -0.020159891 -0.042374507 -0.002403418 0.998895526
73.465932 0.014654911 0.308953524 0.037207827 -0.020220604 -0.042087272 -0.002421708 0.998906374
73.499265 0.015162818 0.309299499 0.037628848 -0.020154096 -0.042032965 -0.002344797 0.998910189
73.532598 0.015115985 0.309106618 0.037323236 -0.020183591 -0.042057976 -0.002309481 0.998908639
73.565931 0.019173449 0.309832513 0.039025191 -0.020081194 -0.042693131 -0.002145168 0.998884082
73.599264 0.017873352 0.309614003 0.038733948 -0.020142552 -0.042462353 -0.002219295 0.998892605
73.632597 0.018397296 0.310158193 0.039678566 -0.020077474 -0.042599544 -0.002139248 0.998888195
73.665930 0.017373459 0.309526831 0.038526658 -0.020143211 -0.042409681 -0.002154447 0.998894930
73.699263 0.015649825 0.308861405 0.037321933 -0.020259533 -0.042237394 -0.002342803 0.998899460
73.732596 0.016933117 0.308857143 0.037367716 -0.020270152 -0.042345922 -0.002277815 0.998894811
73.765929 0.016844857 0.308857173 0.037492234 -0.020261139 -0.042355895 -0.002399883 0.998894215
73.799262 0.018577175 0.309684515 0.038606320 -0.020130565 -0.042540520 -0.002267636 0.998889327
73.832595 0.017350657 0.309433013 0.038175225 -0.020162323 -0.042425152 -0.002417543 0.998893261
73.865928 0.019327449 0.310084820 0.039378740 -0.020079546 -0.042778373 -0.002303105 0.998880148
73.899261 0.017945576 0.309361517 0.038274433 -0.020218318 -0.042505573 -0.002411028 0.998888731
73.932594 0.018756483 0.308737099 0.037669118 -0.020346927 -0.042569991 -0.002377107 0.998883486
73.965927 0.019601675 0.309702873 0.039072990 -0.020172985 -0.042760432 -0.002233234 0.998879194
73.999260 0.019378636 0.309125125 0.038184322 -0.020265803 -0.042818472 -0.002282651 0.998874784
74.032593 0.019722119 0.309409052 0.038601272 -0.020205058 -0.042724591 -0.002302136 0.998879910
74.065926 0.021295238 0.310805529 0.039942607 -0.019979713 -0.042937472 -0.002373810 0.998875201
74.099259 0.018951222 0.309687555 0.038764324 -0.020142665 -0.042681899 -0.002387593 0.998882830
74.132592 0.021224761 0.310813636 0.040238664 -0.020028725 -0.042992529 -0.002311244 0.998871982
74.165925 0.020452861 0.309361428 0.038424209 -0.020227952 -0.042896960 -0.002191883 0.998872340
74.199258 0.020145997 0.309245348 0.037877250 -0.020161716 -0.042944673 -0.002220792 0.998871565
74.232591 0.019621126 0.308558196 0.037145052 -0.020303192 -0.042843390 -0.002256712 0.998872995
74.265924 0.020283567 0.309167713 0.038299657 -0.020308277 -0.042843346 -0.002145746 0.998873115
74.299257 0.018586751 0.308997601 0.037723534 -0.020267364 -0.042593129 -0.002244113 0.998884439
74.332590 0.018722650 0.308920890 0.037597913 -0.020260772 -0.042634327 -0.002251738 0.998882771
74.365923 0.019870713 0.309606552 0.038780935 -0.020201290 -0.042894181 -0.002080794 0.998873234
74.399256 0.018690033 0.309095830 0.037940159 -0.020278174 -0.042683702 -0.002247420 0.998880386
74.432589 0.018542983 0.308839828 0.037494134 -0.020317817 -0.042662490 -0.002270221 0.998880386
74.465922 0.018979218 0.309391886 0.038212206 -0.020233113 -0.042752668 -0.002136969 0.998878598
74.499255 0.017483186 0.309963852 0.038807351 -0.020093722 -0.042512689 -0.002345388 0.998891115
74.532588 0.017580898 0.309519023 0.037848953 -0.020145021 -0.042617656 -0.002407287 0.998885453
74.565921 0.017054861 0.309346110 0.037573282 -0.020167194 -0.042452123 -0.002465448 0.998891950
74.599254 0.016779637 0.309245259 0.037504334 -0.020206718 -0.042350855 -0.002503867 0.998895347
74.632587 0.018505584 0.309250236 0.037908759 -0.020229090 -0.042622589 -0.002395718 0.998883605
74.665920 0.017652992 0.309119761 0.037564546 -0.020262646 -0.042486031 -0.002527195 0.998888373
74.699253 0.019670935 0.309333086 0.038325075 -0.020237446 -0.042784993 -0.002454250 0.998876333
74.732586 0.018716175 0.308648378 0.037314545 -0.020372570 -0.042579554 -0.002337758 0.998882651
74.765919 0.018318515 0.308583677 0.037114110 -0.020379189 -0.042496588 -0.002401083 0.998885870
74.799252 0.017978141 0.308532476 0.036923517 -0.020377193 -0.042532176 -0.002449789 0.998884261
74.832585 0.017615605 0.308067441 0.035954840 -0.020407990 -0.042388495 -0.002528301 0.998889565
74.865918 0.017937884 0.308640391 0.036886774 -0.020317182 -0.042618074 -0.002395509 0.998882055
74.899251 0.018876407 0.308820754 0.037300188 -0.020284932 -0.042700883 -0.002394004 0.998879135
74.932584 0.017257582 0.308642387 0.036613949 -0.020297313 -0.042509187 -0.002518208 0.998886764
74.965917 0.019643551 0.309837431 0.038628399 -0.020104362 -0.042733081 -0.002404594 0.998881400
74.999250 0.019206839 0.309382111 0.037956815 -0.020199185 -0.042748671 -0.002186070 0.998879313
75.032583 0.019494113 0.308757097 0.037420429 -0.020355823 -0.042680290 -0.002297656 0.998878777
75.065916 0.019709801 0.309209436 0.038006514 -0.020278154 -0.042652827 -0.002258057 0.998881638
75.099249 0.017669145 0.309496462 0.037679031 -0.020114429 -0.042432461 -0.002302884 0.998894215
75.132582 0.019886371 0.310526520 0.039419774 -0.020021090 -0.042634312 -0.002245925 0.998887599
75.165915 0.018854499 0.309924990 0.038910955 -0.020152729 -0.042461168 -0.002240880 0.998892367
75.199248 0.018969579 0.309994787 0.038838815 -0.020110717 -0.042469978 -0.002126453 0.998893082
75.232581 0.018571168 0.310106665 0.038986702 -0.020104056 -0.042321518 -0.002182906 0.998899400
75.265914 0.018356089 0.310162097 0.038926311 -0.020052813 -0.042227577 -0.002219069 0.998904347
75.299247 0.018638112 0.309078336 0.037445147 -0.020266844 -0.042242330 -0.002277342 0.998899221
75.332580 0.019013258 0.309820890 0.038563665 -0.020150313 -0.042323273 -0.002279265 0.998898208
75.365913 0.019011160 0.309423894 0.038112614 -0.020222731 -0.042398710 -0.002285997 0.998893499
75.399246 0.018539032 0.309411794 0.038121209 -0.020216685 -0.042378582 -0.002294079 0.998894453
75.432579 0.017841160 0.309087396 0.037456758 -0.020306647 -0.042368691 -0.002201738 0.998893261
75.465912 0.017915694 0.308202654 0.036095865 -0.020408064 -0.042324949 -0.002390065 0.998892605
75.499245 0.017397923 0.309066862 0.037347972 -0.020263890 -0.042352989 -0.002349283 0.998894453
75.532578 0.018353051 0.308946460 0.037344754 -0.020314680 -0.042489722 -0.002314698 0.998887658
75.565911 0.018365676 0.308827579 0.037397016 -0.020360637 -0.042494137 -0.002370711 0.998886466
75.599244 0.018407011 0.308854103 0.037411988 -0.020331101 -0.042484045 -0.002381323 0.998887479
75.632577 0.018714890 0.309537590 0.038376857 -0.020230889 -0.042507000 -0.002337646 0.998888612
75.665910 0.018484190 0.308775932 0.037131421 -0.020327313 -0.042397279 -0.002404010 0.998891175
75.699243 0.018405592 0.308782518 0.037133019 -0.020325257 -0.042427890 -0.002315043 0.998890102
75.732576 0.018578727 0.308923513 0.037269875 -0.020289611 -0.042444427 -0.002325919 0.998890102
75.765909 0.016683055 0.308644503 0.036529820 -0.020335333 -0.042107549 -0.002358235 0.998903394
75.799242 0.019383663 0.309398741 0.038102366 -0.020222163 -0.042560447 -0.002241870 0.998886704
75.832575 0.019062052 0.309463173 0.038302906 -0.020233283 -0.042538796 -0.002202493 0.998887479
75.865908 0.018517947 0.309377730 0.038236585 -0.020256801 -0.042389043 -0.002339234 0.998893082
75.899241 0.019281941 0.309289873 0.037979063 -0.020244977 -0.042508468 -0.002213673 0.998888493
75.932574 0.018893149 0.308819771 0.037244566 -0.020303383 -0.042468969 -0.002286927 0.998888850
75.965907 0.018445771 0.309576124 0.038184304 -0.020183617 -0.042404260 -0.002194449 0.998894274
75.999240 0.019418558 0.310007572 0.038942974 -0.020137725 -0.042478461 -0.002228982 0.998891950
76.032573 0.018901730 0.309979707 0.038941883 -0.020139666 -0.042483926 -0.002167734 0.998891830
76.065906 0.019029841 0.310133427 0.039026849 -0.020094516 -0.042536993 -0.002191227 0.998890400
76.099239 0.019517159 0.310872734 0.039874490 -0.019971015 -0.042513233 -0.002410425 0.998893380
76.132572 0.021028558 0.311165452 0.039957415 -0.019945143 -0.042735241 -0.002329782 0.998884678
76.165905 0.019461399 0.310384750 0.039564542 -0.020111721 -0.042479258 -0.002308550 0.998892307
76.199238 0.018846413 0.309518456 0.038166054 -0.020226883 -0.042517181 -0.002342960 0.998888254
76.232571 0.019165656 0.309338570 0.037773952 -0.020249961 -0.042542137 -0.002270641 0.998886883
76.265904 0.018528398 0.309615999 0.038263235 -0.020214289 -0.042413481 -0.002285925 0.998893023
76.299237 0.018563693 0.309467256 0.038117222 -0.020264028 -0.042495687 -0.002218738 0.998888731
76.332570 0.018087547 0.309247553 0.037647568 -0.020272622 -0.042461317 -0.002226037 0.998889983
76.365903 0.017616473 0.309373707 0.037566472 -0.020235300 -0.042160794 -0.002283363 0.998903334
76.399236 0.018262640 0.308935344 0.037176944 -0.020359831 -0.042293221 -0.002278621 0.998895228
76.432569 0.017039049 0.309372365 0.037621841 -0.020284593 -0.042169981 -0.002258276 0.998901963
76.465902 0.017224466 0.309227854 0.037375603 -0.020269582 -0.042157151 -0.002326293 0.998902678
76.499235 0.018148657 0.308519304 0.036221828 -0.020379381 -0.041980326 -0.002330246 0.998907864
76.532568 0.017950822 0.308632135 0.036229264 -0.020332744 -0.042004891 -0.002246249 0.998908043
76.565901 0.018253760 0.309209675 0.037607629 -0.020314623 -0.042117797 -0.002225080 0.998903632
76.599234 0.018676193 0.309391797 0.037993658 -0.020315155 -0.042088572 -0.002203688 0.998904943
76.632567 0.016434610 0.308438420 0.035826981 -0.020398315 -0.041737735 -0.002375496 0.998917580
76.665900 0.016186006 0.308338314 0.035558272 -0.020359267 -0.041624367 -0.002409425 0.998923004
76.699233 0.015861128 0.308970213 0.036545590 -0.020260168 -0.041794404 -0.002322449 0.998918116
76.732566 0.015515939 0.309769422 0.037612651 -0.020123413 -0.041781086 -0.002286897 0.998921514
76.765899 0.017057830 0.308951676 0.036950916 -0.020272000 -0.042013373 -0.002221758 0.998908937
76.799232 0.017354740 0.309792042 0.038212243 -0.020133844 -0.042181067 -0.002130800 0.998904884
76.832565 0.016916336 0.308788776 0.036779050 -0.020286802 -0.042028841 -0.002228608 0.998907983
76.865898 0.018125147 0.308552295 0.036794428 -0.020346560 -0.042357363 -0.002267028 0.998892784
76.899231 0.016396798 0.308964312 0.036838099 -0.020218505 -0.042248555 -0.002234945 0.998900056
76.932564 0.016545024 0.309056222 0.036570340 -0.020165365 -0.042128533 -0.002270909 0.998906136
76.965897 0.017191991 0.309034467 0.036777757 -0.020181727 -0.042332076 -0.002238929 0.998897254
76.999230 0.017150505 0.308797270 0.036386762 -0.020212678 -0.042206690 -0.002166898 0.998902082
77.032563 0.019661050 0.309470415 0.037694294 -0.020153694 -0.042636581 -0.002079717 0.998885274
77.065896 0.018726433 0.309524447 0.037863534 -0.020182410 -0.042346783 -0.002174416 0.998896778
77.099229 0.018033497 0.308611810 0.036520496 -0.020329019 -0.042451877 -0.002154220 0.998889387
77.132562 0.016539901 0.308835596 0.036695417 -0.020305790 -0.042046569 -0.002310373 0.998906612
77.165895 0.016203992 0.308979094 0.036770772 -0.020259317 -0.042209223 -0.002243932 0.998900831
77.199228 0.016049070 0.309510827 0.037265737 -0.020137882 -0.042093661 -0.002310523 0.998908043
77.232561 0.019158807 0.309818894 0.038357012 -0.020158818 -0.042382929 -0.002239028 0.998895586
77.265894 0.018519238 0.309344143 0.037718982 -0.020205017 -0.042376168 -0.002223865 0.998894989
77.299227 0.018360101 0.308617085 0.036656640 -0.020346073 -0.042277131 -0.002234037 0.998896241
77.332560 0.019075515 0.309773833 0.038169194 -0.020085733 -0.042474471 -0.002272016 0.998893082
77.365893 0.019541685 0.309765756 0.038148697 -0.020084091 -0.042553976 -0.002244069 0.998889744
77.399226 0.019300848 0.309380919 0.038168151 -0.020275544 -0.042530555 -0.001998184 0.998887420
77.432559 0.017346617 0.308829308 0.036749031 -0.020218834 -0.042194676 -0.002145464 0.998902559
77.465892 0.019169338 0.309612155 0.038190164 -0.020103017 -0.042560130 -0.002168663 0.998889267
77.499225 0.020458752 0.311029702 0.040082164 -0.019953227 -0.042648889 -0.002071972 0.998888731
77.532558 0.019809900 0.310842663 0.040163849 -0.020077098 -0.042402294 -0.002293322 0.998896241
77.565891 0.019102048 0.309690446 0.038701538 -0.020236149 -0.042396832 -0.002384297 0.998893082
77.599224 0.018833876 0.310988456 0.040701687 -0.020054664 -0.042607192 -0.002218670 0.998888195
77.632557 0.020370433 0.310832828 0.040363003 -0.020109292 -0.042820692 -0.002178423 0.998878002
77.665890 0.018326977 0.310717285 0.040570702 -0.020101039 -0.042536084 -0.002293150 0.998890102
77.699223 0.018747997 0.310152918 0.039259721 -0.020040670 -0.042492673 -0.002375817 0.998892963
77.732556 0.018581321 0.309922278 0.039171733 -0.020076746 -0.042449392 -0.002521322 0.998893738
77.765889 0.020082215 0.309748769 0.039028492 -0.020149671 -0.042609755 -0.002568337 0.998885334
77.799222 0.020663377 0.310427755 0.039338555 -0.020062318 -0.042645376 -0.002296867 0.998886168
77.832555 0.021134457 0.310765177 0.039986998 -0.020022212 -0.042705417 -0.002192632 0.998884678
77.865888 0.021785295 0.310674101 0.040003024 -0.020094126 -0.042963017 -0.002076301 0.998872459
77.899221 0.021909900 0.309883088 0.038748801 -0.020205183 -0.042938765 -0.002114881 0.998871148
77.932554 0.019633794 0.308594763 0.036581885 -0.020283328 -0.042412035 -0.002472643 0.998891294
77.965887 0.018921951 0.307724863 0.035446409 -0.020306215 -0.042155191 -0.002678922 0.998901129
77.999220 0.017947856 0.308515996 0.036393028 -0.020201597 -0.042078089 -0.002553331 0.998906851
78.032553 0.018921765 0.308554262 0.036850914 -0.020248136 -0.042295333 -0.002490732 0.998896837
78.065886 0.020346213 0.308502257 0.036804583 -0.020257469 -0.042472195 -0.002429720 0.998889387
78.099219 0.020317545 0.308475137 0.036629386 -0.020238565 -0.042435572 -0.002432320 0.998891294
78.132552 0.020171389 0.306939214 0.034500372 -0.020492781 -0.042395663 -0.002381265 0.998887956
78.165885 0.020310624 0.307324529 0.034996323 -0.020414885 -0.042369682 -0.002315750 0.998890758
78.199218 0.019551734 0.308242470 0.036424339 -0.020236259 -0.042211577 -0.002466670 0.998900771
78.232551 0.020137634 0.308103651 0.036329962 -0.020290615 -0.042432074 -0.002374100 0.998890460
78.265884 0.018585740 0.308134884 0.036189273 -0.020203117 -0.042171162 -0.002509547 0.998903036
78.299217 0.018350052 0.308355749 0.036424182 -0.020161321 -0.042066064 -0.002544408 0.998908162
78.332550 0.019309675 0.307928503 0.036035884 -0.020263312 -0.042225499 -0.002478143 0.998899579
78.365883 0.017668130 0.307597071 0.035244957 -0.020261616 -0.041915365 -0.002604894 0.998912334
78.399216 0.018211411 0.307418466 0.035007916 -0.020254180 -0.042015765 -0.002699988 0.998908043
78.432549 0.019586850 0.308129281 0.036410455 -0.020234264 -0.042226523 -0.002517150 0.998900056
78.465882 0.019647306 0.307721585 0.035821863 -0.020307219 -0.042265415 -0.002501565 0.998896956
78.499215 0.019232346 0.307671636 0.035747502 -0.020313246 -0.042134613 -0.002568197 0.998902202
78.532548 0.019605353 0.307861894 0.036148682 -0.020322410 -0.042250495 -0.002453000 0.998897374
78.565881 0.016728370 0.308262289 0.036125187 -0.020202119 -0.041822385 -0.002569584 0.998917520
78.599214 0.014145791 0.307896972 0.034912113 -0.020212555 -0.041417170 -0.002713469 0.998933792
78.632547 0.016911002 0.308630168 0.037353650 -0.020365512 -0.041850749 -0.002361400 0.998913527
78.665880 0.015301970 0.308745116 0.036675669 -0.020147892 -0.041643068 -0.002570820 0.998926103
78.699213 0.014327669 0.308710277 0.036710721 -0.020294562 -0.041551989 -0.002385502 0.998927414
78.732546 0.012349421 0.307878494 0.034674380 -0.020192951 -0.041008554 -0.002855959 0.998950660
78.765879 0.014407591 0.308182597 0.035930548 -0.020382009 -0.041462161 -0.002447991 0.998929203
78.799212 0.013162816 0.307273567 0.034761950 -0.020545973 -0.041333772 -0.002419422 0.998931229
78.832545 0.014403101 0.308391094 0.036438096 -0.020400045 -0.041497119 -0.002420110 0.998927414
78.865878 0.012732694 0.309736431 0.037884109 -0.019966660 -0.041242797 -0.002769578 0.998945832
78.899211 0.013640632 0.310143530 0.038900223 -0.019998990 -0.041332003 -0.002570187 0.998942018
78.932544 0.014940562 0.309650213 0.038798392 -0.020192645 -0.041644674 -0.002410938 0.998925567
78.965877 0.012904808 0.308725864 0.037100565 -0.020255050 -0.041303135 -0.002592214 0.998937964
78.999210 0.012476202 0.309467793 0.038425308 -0.020207463 -0.041228428 -0.002547432 0.998942137
79.032543 0.012944330 0.307751447 0.034916826 -0.020286547 -0.041106276 -0.002563671 0.998945534
79.065876 0.012917673 0.307798743 0.034862481 -0.020245109 -0.041120309 -0.002595047 0.998945713
79.099209 0.013609630 0.309995741 0.039469808 -0.020110693 -0.041527484 -0.002522516 0.998931766
79.132542 0.013861534 0.309828669 0.039383173 -0.020154174 -0.041682690 -0.002404114 0.998924732
79.165875 0.013590083 0.308460981 0.036699887 -0.020276979 -0.041539147 -0.002423673 0.998928249
79.199208 0.014415481 0.309893101 0.039806623 -0.020098686 -0.041747969 -0.002588866 0.998922646
79.232541 0.012832778 0.310792029 0.041207086 -0.020071367 -0.041595574 -0.002473567 0.998929918
79.265874 0.011683519 0.309143960 0.037619367 -0.020039128 -0.040988676 -0.002873685 0.998954535
79.299207 0.013320301 0.309359819 0.038666394 -0.020226566 -0.041335590 -0.002476667 0.998937547
79.332540 0.011597120 0.309144497 0.037959740 -0.020114308 -0.041081764 -0.002806364 0.998949409
79.365873 0.011332810 0.309165955 0.037858002 -0.020096418 -0.041036706 -0.002810970 0.998951614
79.399206 0.011971420 0.309528679 0.039037336 -0.020273102 -0.041070756 -0.002506924 0.998947382
79.432539 0.014034625 0.311637998 0.042710215 -0.019849150 -0.041355349 -0.002650932 0.998943806
79.465872 0.013616108 0.311477154 0.042387966 -0.019855238 -0.041346233 -0.002606142 0.998944223
79.499205 0.012744154 0.311414748 0.042368248 -0.019932816 -0.041253835 -0.002414323 0.998946965
79.532538 0.016408656 0.311152995 0.042384416 -0.019937787 -0.041539624 -0.002488282 0.998934865
79.565871 0.012357163 0.311680466 0.043219496 -0.019843955 -0.041058879 -0.002579964 0.998956382
79.599204 0.012802273 0.312370777 0.043781061 -0.019473998 -0.040931690 -0.003005216 0.998967648
79.632537 0.016044166 0.314343512 0.047995027 -0.019371813 -0.041467000 -0.002469150 0.998948991
79.665870 0.017236054 0.312813371 0.045920055 -0.019684715 -0.042010125 -0.002166624 0.998920977
79.699203 0.016751951 0.312529504 0.045338608 -0.019712131 -0.041488171 -0.002274954 0.998941958
79.732536 0.017736994 0.313341647 0.047047690 -0.019677067 -0.041839432 -0.002031685 0.998928547
79.765869 0.016145028 0.315517902 0.050753161 -0.019705882 -0.041651506 -0.001417428 0.998936892
79.799202 0.014922608 0.311044961 0.048047505 -0.020095440 -0.041039761 -0.002229682 0.998952985
79.832535 0.014832010 0.311832637 0.049272761 -0.019928845 -0.041502737 -0.001986934 0.998937726
79.865868 0.010688363 0.310300618 0.052632153 -0.020701943 -0.040872335 -0.002130014 0.998947620
79.899201 0.013551779 0.307794094 0.049031705 -0.020866381 -0.040718064 -0.002423512 0.998949885
79.932534 0.011433952 0.308160901 0.051798463 -0.021181270 -0.040692553 -0.002737610 0.998943508
79.965867 0.009086454 0.310222656 0.049335975 -0.020134781 -0.040630568 -0.002454427 0.998968303
79.999200 0.013396284 0.311229765 0.048243385 -0.019694932 -0.041666452 -0.001951075 0.998935580
80.032533 0.009859151 0.309474736 0.041618146 -0.019732203 -0.041881144 -0.002321330 0.998925030
80.065866 0.013883622 0.309833378 0.038496763 -0.019772420 -0.043135691 -0.003002447 0.998869061
80.099199 0.009725918 0.309200376 0.038020380 -0.019752905 -0.042562176 -0.002845776 0.998894453
80.132532 0.024781426 0.311763793 0.049190827 -0.019944476 -0.043804888 -0.002863537 0.998836935
80.165865 0.026588138 0.313293248 0.050337721 -0.019718705 -0.043951400 -0.003012528 0.998834550
80.199198 0.023925468 0.312268317 0.047808774 -0.019693904 -0.044068880 -0.002879334 0.998830259
80.232531 0.021022314 0.312873542 0.051569793 -0.019865932 -0.043327119 -0.003213290 0.998858273
80.265864 0.015954297 0.309113890 0.047819443 -0.020044239 -0.042882293 -0.002160242 0.998876810
80.299197 0.015634952 0.310838789 0.046593718 -0.019610835 -0.043060191 -0.002288490 0.998877406
80.332530 0.016507532 0.310731202 0.048505947 -0.019897083 -0.043266296 -0.002796470 0.998861551
80.365863 0.018325446 0.311655879 0.048586532 -0.019533398 -0.043535721 -0.002288492 0.998858273
80.399196 0.019833710 0.313725322 0.049575862 -0.019308805 -0.043813106 -0.002861811 0.998849094
80.432529 0.014799587 0.314191341 0.048073336 -0.019455126 -0.043351863 -0.003774494 0.998863280
80.465862 0.014612303 0.313833386 0.047220871 -0.019435700 -0.043246623 -0.003623270 0.998868823
80.499195 0.025235413 0.319209635 0.051969387 -0.018931735 -0.044950873 -0.004249935 0.998800755
80.532528 0.017164035 0.314745396 0.049275674 -0.019715995 -0.044236694 -0.004204642 0.998817682
80.565861 0.021060200 0.316111296 0.050992489 -0.019601740 -0.044836748 -0.004527080 0.998791754
80.599194 0.018131532 0.313302904 0.050806306 -0.020191060 -0.044501927 -0.004683898 0.998794258
80.632527 0.010131972 0.308866113 0.046910405 -0.020667993 -0.043797884 -0.004688530 0.998815596
80.665860 0.008568425 0.306566507 0.044187363 -0.021054141 -0.043692004 -0.004943386 0.998810947
80.699193 0.015559847 0.314922065 0.049907722 -0.019968564 -0.044567492 -0.005854164 0.998789668
80.732526 0.016779009 0.312625915 0.051273849 -0.020283014 -0.044651702 -0.005502586 0.998781562
80.765859 0.016887590 0.307951093 0.048900001 -0.020937309 -0.045043632 -0.005323377 0.998751402
80.799192 0.016198687 0.305957466 0.046697680 -0.021339636 -0.045317717 -0.005474981 0.998729765
80.832525 0.015336927 0.307375401 0.048939191 -0.020951577 -0.045077693 -0.005281455 0.998749852
80.865858 0.015454507 0.307401121 0.052331626 -0.020952227 -0.044697694 -0.005007570 0.998768270
80.899191 0.015061373 0.309675723 0.056381065 -0.020648319 -0.044272792 -0.005014982 0.998793483
80.932524 0.021746073 0.309033573 0.053256847 -0.020497328 -0.045896094 -0.004546511 0.998725593
80.965857 0.015856663 0.307743371 0.054381367 -0.020567728 -0.044086888 -0.003766926 0.998808920
80.999190 0.017869247 0.305572689 0.048075467 -0.020619452 -0.044918217 -0.003890818 0.998770356
81.032523 0.015502464 0.311184198 0.055297460 -0.019664226 -0.043540135 -0.002956880 0.998853803
81.065856 0.013530490 0.312003374 0.054876890 -0.019572154 -0.042880550 -0.002790549 0.998884618
81.099189 0.015021609 0.309920609 0.053548891 -0.020070970 -0.043328416 -0.002782796 0.998855412
81.132522 0.016763784 0.310685277 0.054306719 -0.020025644 -0.043795571 -0.002409041 0.998836935
81.165855 0.016283629 0.310434371 0.053120807 -0.020160967 -0.043271612 -0.002250730 0.998857439
81.199188 0.016007235 0.310702294 0.052914143 -0.020136096 -0.043304276 -0.002127863 0.998856783
81.232521 0.016500719 0.310358703 0.051984102 -0.020208053 -0.043278690 -0.001858585 0.998856962
81.265854 0.015956061 0.311385363 0.054079540 -0.020288784 -0.042977478 -0.001754625 0.998868525
81.299187 0.014713874 0.313757062 0.055932969 -0.019978102 -0.042264223 -0.001882323 0.998904943
81.332520 0.011776567 0.315226555 0.053228900 -0.019455405 -0.041716438 -0.002221837 0.998937607
81.365853 0.009705704 0.315612018 0.053304605 -0.019513717 -0.041409016 -0.002435263 0.998948753
81.399186 0.010850163 0.315737396 0.053705990 -0.019491406 -0.041451409 -0.002730364 0.998946667
81.432519 0.010683394 0.316225886 0.054355919 -0.019569976 -0.041543718 -0.002899387 0.998940885
81.465852 0.012371100 0.316739947 0.055708166 -0.019585282 -0.041876305 -0.003110057 0.998926044
81.499185 0.011513884 0.316432565 0.054524247 -0.019664926 -0.041843098 -0.003479561 0.998924673
81.532518 0.009938361 0.316296250 0.053860892 -0.019719856 -0.041624837 -0.003689973 0.998931944
81.565851 0.009697463 0.315521777 0.052377783 -0.019870833 -0.041495569 -0.003943450 0.998933375
81.599184 0.010448652 0.314647853 0.051119428 -0.019952821 -0.041633945 -0.004226414 0.998924792
81.632517 0.012094538 0.313211679 0.048389781 -0.020035801 -0.041848026 -0.004308681 0.998913825
81.665850 0.010200694 0.315120965 0.051246487 -0.019843012 -0.041608281 -0.004248615 0.998927951
81.699183 0.012086389 0.314144224 0.049617399 -0.019895101 -0.041834701 -0.004148544 0.998917818
81.732516 0.012904536 0.313083589 0.046658289 -0.019783551 -0.042011525 -0.003912512 0.998913586
81.765849 0.014586062 0.313592434 0.047897533 -0.019722717 -0.042411804 -0.003695057 0.998898745
81.799182 0.013353389 0.313163847 0.047188316 -0.019776039 -0.041938011 -0.003534808 0.998918235
81.832515 0.013400888 0.313452691 0.047333635 -0.019691344 -0.041963436 -0.003266192 0.998919785
81.865848 0.016082510 0.313073188 0.047071479 -0.019736471 -0.042291176 -0.002831686 0.998906374
81.899181 0.016357917 0.313439816 0.047885954 -0.019723006 -0.042334907 -0.002527016 0.998905659
81.932514 0.014556063 0.313288480 0.047065254 -0.019670859 -0.041928120 -0.002431248 0.998924077
81.965847 0.015793612 0.313373893 0.047152065 -0.019686472 -0.042101566 -0.002151987 0.998917043
81.999180 0.015548474 0.312456995 0.045515370 -0.019889144 -0.042235520 -0.001905659 0.998907924
82.032513 0.015907943 0.313057363 0.046117198 -0.019789752 -0.042226173 -0.001730339 0.998910546
82.065846 0.016008768 0.313266695 0.046789523 -0.019928217 -0.042078152 -0.001657840 0.998914182
82.099179 0.016359370 0.312682092 0.045569886 -0.019957948 -0.042093568 -0.001647666 0.998912990
82.132512 0.016224653 0.312605321 0.045520682 -0.020007843 -0.042201281 -0.001663304 0.998907387
82.165845 0.015936516 0.312688440 0.045390442 -0.019987322 -0.042139102 -0.001739330 0.998910367
82.199178 0.015655156 0.312202036 0.044703033 -0.020057099 -0.041944388 -0.001935181 0.998916745
82.232511 0.016031038 0.312108576 0.044505116 -0.020083848 -0.041980252 -0.002130288 0.998914301
82.265844 0.016184626 0.312293798 0.044760637 -0.020009968 -0.042374194 -0.002262723 0.998898864
82.299177 0.015811050 0.312349021 0.044679668 -0.019990869 -0.042224869 -0.002483553 0.998905063
82.332510 0.018316217 0.311752915 0.042956829 -0.019924408 -0.042538814 -0.002585092 0.998892784
82.365843 0.016845236 0.311485171 0.042618532 -0.019982753 -0.042474438 -0.002998861 0.998893201
82.399176 0.015892578 0.311592877 0.042701874 -0.020018883 -0.042516943 -0.003286120 0.998889804
82.432509 0.016856926 0.311018586 0.041541535 -0.020076627 -0.042585976 -0.003383317 0.998885393
82.465842 0.016157949 0.310980052 0.041655943 -0.020174291 -0.042459805 -0.003619876 0.998887956
82.499175 0.015642820 0.310788304 0.041624073 -0.020192899 -0.042458888 -0.003792337 0.998887002
82.532508 0.015897989 0.309798509 0.040032644 -0.020347441 -0.042587746 -0.003942318 0.998877823
82.565841 0.016482787 0.310067147 0.039879974 -0.020283027 -0.042512815 -0.003745789 0.998883069
82.599174 0.016584940 0.310033739 0.040133227 -0.020393310 -0.042507026 -0.003860505 0.998880625
82.632507 0.014998315 0.309778601 0.039278280 -0.020413743 -0.042434849 -0.003784565 0.998883486
82.665840 0.015130639 0.309918165 0.039334450 -0.020339699 -0.042506158 -0.003690795 0.998882353
82.699173 0.015001693 0.309858263 0.039313115 -0.020354759 -0.042312119 -0.003535408 0.998890817
82.732506 0.015859166 0.309660017 0.038924601 -0.020396799 -0.042459816 -0.003264535 0.998884618
82.765839 0.016931796 0.309337437 0.038477849 -0.020403001 -0.042528037 -0.002887632 0.998882771
82.799172 0.017385513 0.309945315 0.039329316 -0.020298585 -0.042585876 -0.002659178 0.998883069
82.832505 0.017480751 0.309666306 0.039162993 -0.020368842 -0.042553142 -0.002462694 0.998883545
82.865838 0.017715234 0.309208184 0.038565472 -0.020456573 -0.042517737 -0.002369405 0.998883545
82.899171 0.016979141 0.308971405 0.037849788 -0.020451322 -0.042359676 -0.002288695 0.998890460
82.932504 0.017166803 0.309379786 0.038116537 -0.020286024 -0.042341702 -0.002093074 0.998895049
82.965837 0.015792323 0.309783876 0.038615171 -0.020325879 -0.042099137 -0.001993575 0.998904705
82.999170 0.017166419 0.309463054 0.038163576 -0.020297047 -0.042252310 -0.001929663 0.998898983
83.032503 0.016832454 0.308947533 0.037439190 -0.020370554 -0.042250548 -0.001968192 0.998897433
83.065836 0.015869960 0.309860617 0.038496993 -0.020182624 -0.042092998 -0.001874355 0.998908103
83.099169 0.014995110 0.310368985 0.038696464 -0.020072836 -0.041967489 -0.002033102 0.998915315
83.132502 0.017279748 0.309268951 0.037767049 -0.020268366 -0.042291068 -0.002056501 0.998897672
83.165835 0.017843816 0.308988214 0.037410472 -0.020271581 -0.042382322 -0.002209433 0.998893380
83.199168 0.018227806 0.309315205 0.038321234 -0.020300690 -0.042451799 -0.002396146 0.998889446
83.232501 0.017985962 0.308822602 0.037373662 -0.020321261 -0.042381085 -0.002557642 0.998891592
83.265834 0.016671786 0.309168071 0.037765171 -0.020267092 -0.042337511 -0.002669148 0.998894274
83.299167 0.015362594 0.309190333 0.037535757 -0.020366205 -0.042149384 -0.002828981 0.998899758
83.332500 0.015906844 0.309096038 0.037424117 -0.020367062 -0.042162392 -0.002978144 0.998898804
83.365833 0.016455267 0.309363246 0.037912272 -0.020397404 -0.042401578 -0.003003953 0.998887956
83.399166 0.015556199 0.309713453 0.038264111 -0.020425634 -0.042310264 -0.003124484 0.998890877
83.432499 0.015156169 0.309526980 0.038285378 -0.020551050 -0.042252440 -0.003324056 0.998890042
83.465832 0.016181434 0.309168428 0.037725314 -0.020600040 -0.042365342 -0.003408668 0.998884022
83.499165 0.014179529 0.309709281 0.038085978 -0.020575933 -0.042056937 -0.003526557 0.998897135
83.532498 0.016138218 0.309565723 0.038357310 -0.020641981 -0.042446777 -0.003386386 0.998879790
83.565831 0.014458346 0.309738427 0.038215857 -0.020603012 -0.042195275 -0.003514542 0.998890758
83.599164 0.013428249 0.309053570 0.037047230 -0.020703588 -0.042085383 -0.003506805 0.998893321
83.632497 0.014574295 0.309527606 0.037553463 -0.020615846 -0.042131759 -0.003367272 0.998893738
83.665830 0.014866425 0.309020340 0.036926351 -0.020649148 -0.042187788 -0.003205686 0.998891175
83.699163 0.015323190 0.309196204 0.037232652 -0.020557711 -0.042282220 -0.003091179 0.998889387
83.732496 0.014745295 0.309144527 0.037049711 -0.020503201 -0.042175721 -0.002943828 0.998895526
83.765829 0.017760169 0.308913797 0.037247397 -0.020462453 -0.042441048 -0.002662943 0.998885870
83.799162 0.016281484 0.308874696 0.037224516 -0.020431107 -0.042252496 -0.002666089 0.998894513
83.832495 0.016559029 0.309041560 0.037300609 -0.020312538 -0.042353701 -0.002573950 0.998892844
83.865828 0.018249189 0.308777213 0.037102628 -0.020322844 -0.042501673 -0.002470542 0.998886645
83.899161 0.016944109 0.308633685 0.036782160 -0.020295076 -0.042258780 -0.002389592 0.998897731
83.932494 0.015845144 0.309139729 0.037145797 -0.020207012 -0.042066354 -0.002406585 0.998907626
83.965827 0.017272562 0.309256494 0.037483860 -0.020190187 -0.042354107 -0.002229656 0.998896241
83.999160 0.015664292 0.309085786 0.037263323 -0.020262517 -0.042081509 -0.002350238 0.998905957
84.032493 0.017043477 0.309330583 0.037621491 -0.020229135 -0.042263687 -0.002303289 0.998899102
84.065826 0.016649242 0.309414715 0.037802350 -0.020268042 -0.042226654 -0.002337095 0.998899758
84.099159 0.017229879 0.309166521 0.037437744 -0.020304788 -0.042297717 -0.002400350 0.998895824
84.132492 0.015563113 0.309555560 0.037830185 -0.020322325 -0.042085379 -0.002499170 0.998904228
84.165825 0.017787583 0.308771789 0.037193973 -0.020494223 -0.042427476 -0.002606763 0.998885930
84.199158 0.015671240 0.309321463 0.037321970 -0.020463385 -0.042142425 -0.002647710 0.998898566
84.232491 0.015308179 0.309189260 0.037046667 -0.020564353 -0.042087629 -0.002841984 0.998898268
84.265824 0.017475884 0.308559000 0.036911096 -0.020707438 -0.042369865 -0.002930102 0.998883128
84.299157 0.016844425 0.308246672 0.036599100 -0.020801572 -0.042369623 -0.003107569 0.998880684
84.332490 0.016243037 0.308316916 0.036683224 -0.020809565 -0.042333029 -0.003151202 0.998881876
84.365823 0.015470669 0.309073597 0.037558038 -0.020733768 -0.042244192 -0.003115073 0.998887360
84.399156 0.015139857 0.309029460 0.037520159 -0.020751985 -0.042166974 -0.003193630 0.998889983
84.432489 0.014880307 0.308928877 0.037054423 -0.020719921 -0.042076468 -0.003246123 0.998894274
84.465822 0.015345279 0.308857411 0.037139930 -0.020684225 -0.042252604 -0.003236987 0.998887658
84.499155 0.016653948 0.309331298 0.037816923 -0.020568911 -0.042444151 -0.003031329 0.998882532
84.532488 0.015863150 0.308949471 0.037041165 -0.020511875 -0.042250287 -0.003187013 0.998891413
84.565821 0.014319712 0.309694380 0.037298147 -0.020352527 -0.041988999 -0.003134687 0.998905838
84.599154 0.015625497 0.309323430 0.037301809 -0.020405633 -0.042285111 -0.003006283 0.998892665
84.632487 0.015994035 0.309431553 0.037857722 -0.020302150 -0.042298455 -0.002909717 0.998894513
84.665820 0.015565223 0.308963537 0.037134487 -0.020336693 -0.042152338 -0.002947119 0.998899937
84.699153 0.014672786 0.308871716 0.036603980 -0.020367740 -0.042079877 -0.002901401 0.998902440
84.732486 0.016921664 0.309258431 0.037527218 -0.020279227 -0.042411376 -0.002653399 0.998890877
84.765819 0.016460750 0.308546633 0.036208756 -0.020301530 -0.042275310 -0.002781447 0.998895884
84.799152 0.016821269 0.308722854 0.036537386 -0.019697586 -0.042391092 -0.002253439 0.998904347
84.832485 0.017261429 0.310366511 0.039382838 -0.019792449 -0.042815484 -0.002429315 0.998884022
84.865818 0.016774852 0.309767932 0.038658448 -0.020913519 -0.042624101 -0.002729628 0.998868585
84.899151 0.014631419 0.309011012 0.037186310 -0.021354299 -0.041658144 -0.003139728 0.998898804
84.932484 0.015074070 0.309677511 0.039027989 -0.022086171 -0.041849516 -0.003085917 0.998875022
84.965817 0.014978146 0.309589416 0.038755845 -0.022212099 -0.042488132 -0.003177389 0.998844981
84.999150 0.014383329 0.309184968 0.038452815 -0.022595348 -0.042218596 -0.003209622 0.998847783
85.032483 0.014043188 0.309780121 0.039190084 -0.022534188 -0.041651461 -0.003425692 0.998872221
85.065816 0.015389767 0.309471220 0.039217647 -0.022230422 -0.042266425 -0.003346516 0.998853445
85.099149 0.014706647 0.309761465 0.039277438 -0.021770287 -0.042421181 -0.003591153 0.998856187
85.132482 0.016951902 0.309395462 0.038662355 -0.021104988 -0.042138070 -0.003752524 0.998881876
85.165815 0.015694030 0.309068769 0.038116876 -0.020726634 -0.041364618 -0.003625161 0.998922586
85.199148 0.014414032 0.308422208 0.036940724 -0.021154780 -0.041806318 -0.002567809 0.998898447
85.232481 0.015252192 0.308878154 0.037432291 -0.021613954 -0.043025322 -0.001541018 0.998838961
85.265814 0.017236769 0.308995694 0.038344596 -0.022313304 -0.043021951 -0.000849184 0.998824596
85.299147 0.014695208 0.308809310 0.037346262 -0.021714168 -0.042131677 -0.000900565 0.998875678
85.332480 0.015853405 0.309463143 0.038603496 -0.020645341 -0.042520747 -0.002131950 0.998880029
85.365813 0.016122447 0.309358001 0.039023183 -0.020817218 -0.042015415 -0.001980396 0.998898149
85.399146 0.015151968 0.309274107 0.038951628 -0.022298541 -0.042578045 -0.001972963 0.998842359
85.432479 0.014127149 0.309246659 0.039285909 -0.022110613 -0.043709733 -0.002427144 0.998796642
85.465812 0.013927344 0.309614658 0.040708136 -0.022060223 -0.042568743 -0.002395227 0.998847127
85.499145 0.013829049 0.308875740 0.040387016 -0.022993794 -0.042552538 -0.003352251 0.998824000
85.532478 0.014013974 0.310228527 0.043317035 -0.022688940 -0.043673720 -0.003760152 0.998781085
85.565811 0.014225679 0.309053242 0.043373931 -0.023308568 -0.044509105 -0.003624304 0.998730481
85.599144 0.016260820 0.309574962 0.045539699 -0.025495457 -0.045112636 -0.003348389 0.998650968
85.632477 0.015563474 0.310593218 0.048493180 -0.026185442 -0.044565834 -0.002858023 0.998659194
85.665810 0.013240743 0.311321497 0.051210579 -0.026296200 -0.044719391 -0.003258089 0.998648167
85.699143 0.014720387 0.311444163 0.052890729 -0.027358947 -0.045178495 -0.003527583 0.998597980
85.732476 0.012085336 0.310215056 0.053237583 -0.029612716 -0.044495609 -0.003199611 0.998565495
85.765809 0.013182776 0.310096353 0.054398417 -0.031446319 -0.044649377 -0.003780944 0.998500526
85.799142 0.015522186 0.309320837 0.055685677 -0.032944344 -0.044912674 -0.003126899 0.998442650
85.832475 0.013211347 0.307997227 0.056475196 -0.034069676 -0.045166455 -0.001687228 0.998396933
85.865808 0.011731569 0.308385372 0.059943803 -0.035501435 -0.044673420 -0.002559308 0.998367369
85.899141 0.010371595 0.307893991 0.061205667 -0.035940047 -0.042146001 -0.002661797 0.998461306
85.932474 0.007844255 0.307959110 0.075561121 -0.037294168 -0.041869059 -0.002661360 0.998423338
85.965807 0.010494900 0.308468729 0.075844899 -0.038036007 -0.041964907 -0.003392362 0.998389065
85.999140 0.004140364 0.307854563 0.080648787 -0.039041404 -0.038258281 -0.004518605 0.998494685
86.032473 0.009145022 0.312413841 0.085930914 -0.038964901 -0.037002850 -0.004323710 0.998545945
86.065806 0.008394490 0.310901046 0.086661100 -0.039639331 -0.036595453 -0.005314665 0.998529553
86.099139 0.004321712 0.310837030 0.094406635 -0.039788317 -0.033106513 -0.006766086 0.998636603
86.132472 0.002917924 0.307457983 0.093159437 -0.040407654 -0.031620286 -0.007501468 0.998654664
86.165805 0.006404107 0.309157044 0.091714449 -0.040341388 -0.034565218 -0.008154928 0.998554647
86.199138 0.002845373 0.310309500 0.101736873 -0.040664308 -0.034765549 -0.008821889 0.998528957
86.232471 0.002575912 0.310221583 0.103788257 -0.039716117 -0.036828417 -0.009555879 0.998486459
86.265804 0.005652890 0.315374613 0.098593198 -0.038380884 -0.041914605 -0.009947284 0.998334169
86.299137 0.001751811 0.310843289 0.098867565 -0.039713047 -0.045028713 -0.010313955 0.998142779
86.332470 0.004350665 0.313829511 0.101408631 -0.038946882 -0.047782600 -0.011530600 0.998031616
86.365803 0.004562597 0.313067317 0.103575453 -0.037650600 -0.052202076 -0.011465777 0.997860670
86.399136 0.004745999 0.313350916 0.106927089 -0.036885291 -0.057186160 -0.011229193 0.997618794
86.432469 -0.000692057 0.305986613 0.117130883 -0.038399756 -0.058955789 -0.012403976 0.997444630
86.465802 -0.002834757 0.304850906 0.119222030 -0.037873246 -0.060119256 -0.013415323 0.997382283
86.499135 -0.002005198 0.306192815 0.124807827 -0.036330625 -0.062763870 -0.013725805 0.997272491
86.532468 -0.003858588 0.305024832 0.127604634 -0.036847968 -0.063223168 -0.013546195 0.997226954
86.565801 -0.004326130 0.304924339 0.131985351 -0.037538901 -0.063512020 -0.014927036 0.997163117
86.599134 -0.006985462 0.306008339 0.139306456 -0.036928400 -0.064391196 -0.015541456 0.997120142
86.632467 -0.006769614 0.286860228 0.155551463 -0.038515802 -0.066263065 -0.016332770 0.996924758
86.665800 -0.006944647 0.288260043 0.163744047 -0.038381446 -0.067575201 -0.017387625 0.996824026
86.699133 -0.007179955 0.286293477 0.166362375 -0.039072052 -0.070987798 -0.016575051 0.996573806
86.732466 -0.006666763 0.285403877 0.171572179 -0.038941152 -0.075131133 -0.016158985 0.996281981
86.765799 -0.009245800 0.290491968 0.177727312 -0.037262917 -0.076856554 -0.016798371 0.996203959
86.799132 -0.008317638 0.288988233 0.185476542 -0.037885066 -0.079451866 -0.016597264 0.995980263
86.832465 -0.008367876 0.288413703 0.191121191 -0.037498336 -0.080492675 -0.017772412 0.995891035
86.865798 -0.009549923 0.286939263 0.195476592 -0.036828790 -0.079615757 -0.017076863 0.995998740
86.899131 -0.006207495 0.281709194 0.208773941 -0.037781525 -0.081178419 -0.015732972 0.995858967
86.932464 -0.007545170 0.280418187 0.213361651 -0.037727680 -0.079842761 -0.016539415 0.995955944
86.965797 -0.002570859 0.280409604 0.222595185 -0.036551479 -0.075407907 -0.017264586 0.996333063
86.999130 -0.003824348 0.279372841 0.226711601 -0.035932258 -0.072364226 -0.017402165 0.996578932
87.032463 -0.002956781 0.279372633 0.233429089 -0.036374446 -0.070638411 -0.017577400 0.996683538
87.065796 -0.001453273 0.280141830 0.240337908 -0.035745677 -0.065668732 -0.017503224 0.997047424
87.099129 -0.001001403 0.281201780 0.247194245 -0.034656040 -0.061601624 -0.017535150 0.997344911
87.132462 -0.003123463 0.279055923 0.251930326 -0.035106607 -0.057585564 -0.017975578 0.997561157
87.165795 -0.002902596 0.279055208 0.257430077 -0.034774013 -0.051157475 -0.019036196 0.997903466
87.199128 -0.004474272 0.277840197 0.262723893 -0.034598179 -0.046696324 -0.018596850 0.998136580
87.232461 -0.003137030 0.279150099 0.270290315 -0.034010265 -0.045038044 -0.018483946 0.998235106
87.265794 -0.001627614 0.279218823 0.274463058 -0.032935798 -0.040573761 -0.018886168 0.998454988
87.299127 -0.002692153 0.276647121 0.280004859 -0.032531694 -0.037336294 -0.019027518 0.998591840
87.332460 -0.000497491 0.275859624 0.285452187 -0.032727219 -0.037385404 -0.019220021 0.998579979
87.365793 -0.000307091 0.274884462 0.290341794 -0.032531571 -0.035531368 -0.019340990 0.998651683
87.399126 -0.001828509 0.274522483 0.297353715 -0.032027222 -0.033195674 -0.020073563 0.998733878
87.432459 -0.001536030 0.272952169 0.300859064 -0.031664740 -0.033851072 -0.020152032 0.998721898
87.465792 -0.002395668 0.271247834 0.308062106 -0.032119904 -0.034461919 -0.020355515 0.998682320
87.499125 0.000082399 0.271441996 0.315049827 -0.032028262 -0.037238572 -0.020140098 0.998589993
87.532458 -0.000105864 0.271086782 0.322270364 -0.032033090 -0.041445959 -0.020126389 0.998424292
87.565791 0.009348631 0.259812415 0.360490292 -0.034962736 -0.045632306 -0.020576704 0.998134255
87.599124 0.010586107 0.257855475 0.364933819 -0.034361918 -0.048198089 -0.021320023 0.998018920
87.632457 0.013234961 0.257560521 0.369652808 -0.033636201 -0.053606458 -0.020899767 0.997776628
87.665790 0.012186621 0.253310323 0.374131590 -0.034676772 -0.059748124 -0.020674016 0.997396767
87.699123 0.010855180 0.255119652 0.382814854 -0.033956479 -0.061695296 -0.021776438 0.997279525
87.732456 0.011153630 0.255141288 0.388069600 -0.032753929 -0.064378947 -0.022605648 0.997131705
87.765789 0.009775816 0.254383564 0.393305928 -0.032274660 -0.067274645 -0.023546118 0.996934354
87.799122 0.011780423 0.252324939 0.397823006 -0.031804889 -0.069402382 -0.023289490 0.996809602
87.832455 0.013123512 0.253265142 0.403898925 -0.031233780 -0.072305679 -0.022872102 0.996630967
87.865788 0.010988590 0.249324366 0.405987382 -0.030862909 -0.073272556 -0.024293389 0.996538222
87.899121 0.011588452 0.248564482 0.411953121 -0.029912686 -0.071747318 -0.025468947 0.996648848
87.932454 0.013804168 0.249988735 0.418461084 -0.028918186 -0.073043972 -0.025463084 0.996584117
87.965787 0.010941349 0.247904643 0.421235919 -0.028741738 -0.074756928 -0.026692485 0.996430039
87.999120 0.011931927 0.247513324 0.425585061 -0.027234079 -0.073379286 -0.027940689 0.996540606
88.032453 0.018134611 0.241845340 0.440210730 -0.026766835 -0.074793100 -0.027982326 0.996446967
88.065786 0.016976172 0.241493955 0.444224179 -0.026921423 -0.078439564 -0.028270049 0.996154308
88.099119 0.019030845 0.239710078 0.447989285 -0.026108842 -0.079458438 -0.028531969 0.996087670
88.132452 0.018817840 0.239186242 0.451144665 -0.024430061 -0.080285594 -0.029513266 0.996035337
88.165785 0.020916894 0.239114106 0.451176852 -0.023206417 -0.084215432 -0.029909329 0.995728195
88.199118 0.023617275 0.242398575 0.457211524 -0.021844469 -0.088027671 -0.030203810 0.995420396
88.232451 0.027506642 0.243207306 0.459589720 -0.020733038 -0.092446014 -0.030729415 0.995027423
88.265784 0.024370190 0.242156863 0.463305265 -0.019711627 -0.097553849 -0.031459447 0.994537592
88.299117 0.026165698 0.242592931 0.466555357 -0.018930120 -0.102626614 -0.032172211 0.994019330
88.332450 0.027056221 0.240800768 0.470921159 -0.018355154 -0.109304041 -0.032402184 0.993310511
88.365783 0.030989666 0.239986718 0.472510636 -0.017344996 -0.118246265 -0.030965965 0.992349803
88.399116 0.031396389 0.241228789 0.473860174 -0.015726447 -0.124715932 -0.031219710 0.991576493
88.432449 0.032621413 0.242242321 0.475178003 -0.014512817 -0.127945930 -0.032033741 0.991157472
88.465782 0.034633059 0.240149334 0.477550358 -0.014631509 -0.133657068 -0.030968655 0.990435600
88.499115 0.036804307 0.240400225 0.480209321 -0.014374143 -0.140313238 -0.029571453 0.989561081
88.532448 0.037228569 0.244516104 0.484200925 -0.013266278 -0.143276766 -0.028520390 0.989182711
88.565781 0.037761189 0.244662389 0.489331782 -0.012737280 -0.145104945 -0.028008480 0.988937736
88.599114 0.038728386 0.242207915 0.489479184 -0.012413504 -0.145989805 -0.027901338 0.988814712
88.632447 0.040585116 0.243359357 0.491850764 -0.011587021 -0.144789562 -0.026549228 0.989038348
88.665780 0.041597772 0.243178576 0.495033383 -0.011296422 -0.144442871 -0.025071038 0.989130974
88.699113 0.044092249 0.244673878 0.498479068 -0.011444326 -0.143597290 -0.024438564 0.989268303
88.732446 0.045214996 0.244972363 0.501095951 -0.011193988 -0.140507117 -0.023615004 0.989734769
88.765779 0.050925557 0.240768537 0.500496566 -0.011186582 -0.141336262 -0.021965561 0.989654720
88.799112 0.054516997 0.241304308 0.503179193 -0.011963411 -0.143337637 -0.020371454 0.989391863
88.832445 0.055794012 0.241851583 0.505350292 -0.012646202 -0.142618731 -0.019877061 0.989497364
88.865778 0.057515413 0.241059735 0.506629646 -0.012150452 -0.143675894 -0.018847553 0.989370704
88.899111 0.057588503 0.243294731 0.509456277 -0.011703288 -0.147612229 -0.017074401 0.988828659
88.932444 0.062839538 0.240239054 0.510886490 -0.014125941 -0.151035160 -0.016087905 0.988296568
88.965777 0.060830876 0.242159203 0.512395978 -0.015191169 -0.151891887 -0.015313013 0.988161802
88.999110 0.064950496 0.244688705 0.517595470 -0.014638077 -0.156469032 -0.013186644 0.987486422
89.032443 0.071236730 0.244798079 0.520449877 -0.016195692 -0.161092967 -0.011482549 0.986739576
89.065776 0.073633417 0.244728491 0.523438931 -0.018163186 -0.161663041 -0.010741792 0.986620426
89.099109 0.072543539 0.246612087 0.525787950 -0.018292719 -0.162392586 -0.008682738 0.986518502
89.132442 0.080780476 0.241686746 0.529964149 -0.019582281 -0.166237965 -0.006912891 0.985867023
89.165775 0.082470380 0.242893174 0.530666769 -0.021100804 -0.165108159 -0.005980018 0.986031592
89.199108 0.079769649 0.241508305 0.528995693 -0.021939240 -0.161157489 -0.006521299 0.986663282
89.232441 0.078968443 0.240854263 0.530218065 -0.021337241 -0.159766406 -0.005108820 0.986911058
89.265774 0.088231392 0.239485860 0.538234055 -0.022734866 -0.161066145 -0.003667801 0.986674905
89.299107 0.088174991 0.241550058 0.542754412 -0.024109265 -0.157760546 -0.004133815 0.987174392
89.332440 0.089649670 0.237189025 0.541136503 -0.024920443 -0.155372769 -0.003629163 0.987534881
89.365773 0.091613546 0.238253310 0.543841481 -0.024748454 -0.156095535 -0.002612301 0.987428427
89.399106 0.090261780 0.236295134 0.544004440 -0.026593274 -0.154831022 -0.002152469 0.987580657
89.432439 0.093070492 0.238939941 0.549831688 -0.027022634 -0.153547004 -0.001675529 0.987770379
89.465772 0.096296109 0.238422275 0.553799272 -0.026967021 -0.153322488 -0.001560425 0.987806976
89.499105 0.098372601 0.238127872 0.556298316 -0.027662935 -0.152011991 -0.001038813 0.987990975
89.532438 0.101401262 0.237670615 0.561657786 -0.029430110 -0.151563540 -0.001322935 0.988008380
89.565771 0.101487443 0.238493517 0.564176977 -0.029280648 -0.150315538 -0.001629936 0.988203049
89.599104 0.103918374 0.237644136 0.567684174 -0.029264815 -0.149510980 -0.001347492 0.988326013
89.632437 0.100762077 0.238211378 0.569057763 -0.030713385 -0.149368003 -0.001664523 0.988303244
89.665770 0.104274638 0.237655208 0.574226201 -0.031951167 -0.149148434 -0.002103010 0.988296270
89.699103 0.104785837 0.238975912 0.578265548 -0.031123990 -0.148533210 -0.001955451 0.988415658
89.732436 0.106566519 0.239772633 0.582747102 -0.031208642 -0.149269164 -0.002711546 0.988300264
89.765769 0.106123865 0.238191918 0.586447537 -0.032976296 -0.147641748 -0.004248154 0.988481879
89.799102 0.108395003 0.239860684 0.591977894 -0.032858733 -0.146171942 -0.004793473 0.988701761
89.832435 0.107645370 0.240811050 0.595897019 -0.032039873 -0.145552650 -0.006066126 0.988812983
89.865768 0.106234476 0.241135389 0.600794792 -0.033482626 -0.142960995 -0.007864888 0.989130557
89.899101 0.106709398 0.243304625 0.607203782 -0.034669753 -0.140303284 -0.009540969 0.989455462
89.932434 0.104880989 0.242463619 0.612452149 -0.034281380 -0.139617145 -0.011048992 0.989550292
89.965767 0.104769222 0.245163500 0.619458437 -0.035106808 -0.139764830 -0.011399874 0.989496529
89.999100 0.104397319 0.243497834 0.623629987 -0.036746308 -0.140117273 -0.012315108 0.989376187
90.032433 0.107424974 0.244560257 0.629663765 -0.035637446 -0.140224710 -0.013793137 0.989382029
90.065766 0.110819846 0.243931890 0.634935737 -0.035623077 -0.140773997 -0.014881556 0.989288747
90.099099 0.115062863 0.247207209 0.644171715 -0.037386559 -0.143566594 -0.014595040 0.988826513
90.132432 0.117027640 0.247735620 0.651879072 -0.038532119 -0.144407406 -0.015918847 0.988639653
90.165765 0.117673025 0.247355506 0.657666564 -0.037116509 -0.141427740 -0.018051540 0.989087820
90.199098 0.116946235 0.250371903 0.657469809 -0.034800425 -0.139179587 -0.018743912 0.989477992
90.232431 0.119803123 0.246806189 0.663520217 -0.035600491 -0.138885349 -0.019449662 0.989477217
90.265764 0.120541282 0.247194156 0.669081032 -0.034902375 -0.134495258 -0.021485481 0.990066290
90.299097 0.117845893 0.249146968 0.672432184 -0.032824092 -0.128571257 -0.022846630 0.990893602
90.332430 0.114147738 0.249311268 0.672821641 -0.032614104 -0.125652060 -0.024350023 0.991239130
90.365763 0.117572621 0.248860270 0.679198802 -0.032702617 -0.122060589 -0.025612151 0.991653085
90.399096 0.117586836 0.247969180 0.687392056 -0.030370343 -0.117165864 -0.026583372 0.992291868
90.432429 0.117907874 0.246602848 0.688116014 -0.028059058 -0.114316292 -0.028363220 0.992642939
90.465762 0.118069105 0.247644871 0.691692948 -0.027239034 -0.111378372 -0.029173041 0.992976308
90.499095 0.120065860 0.248245314 0.699669898 -0.026707498 -0.109048650 -0.030092005 0.993221819
90.532428 0.116428122 0.248834625 0.702549815 -0.024914911 -0.108011439 -0.031565610 0.993336022
90.565761 0.118244603 0.249151021 0.706806481 -0.023771787 -0.109051526 -0.032408923 0.993223250
90.599094 0.119363509 0.249409825 0.709657073 -0.023684407 -0.111669555 -0.032720629 0.992924213
90.632427 0.123113520 0.247243881 0.714003861 -0.023368213 -0.116300471 -0.032560401 0.992405176
90.665760 0.120275363 0.246023387 0.714061916 -0.022051876 -0.119441040 -0.033443782 0.992032886
90.699093 0.124962404 0.245029777 0.717804670 -0.021798946 -0.123439454 -0.033962775 0.991531193
90.732426 0.127932206 0.247525662 0.724780738 -0.021405064 -0.129062578 -0.033536218 0.990838110
90.765759 0.126869261 0.245633826 0.723999143 -0.020697042 -0.132975250 -0.033442929 0.990338802
90.799092 0.132149309 0.245807871 0.730006933 -0.019572953 -0.135790601 -0.033826165 0.989966512
90.832425 0.133872062 0.244926095 0.732467949 -0.019955246 -0.138827622 -0.033869073 0.989536047
90.865758 0.134294584 0.244382918 0.734487712 -0.020138131 -0.141983867 -0.034040418 0.989078522
90.899091 0.133788422 0.244942382 0.739287853 -0.018813118 -0.143256471 -0.033226099 0.988948762
90.932424 0.136933178 0.243743703 0.738976002 -0.018387184 -0.145551518 -0.033792626 0.988602459
90.965757 0.141218364 0.244134486 0.745353520 -0.018929193 -0.147387683 -0.033270311 0.988337874
90.999090 0.142615482 0.242813304 0.748296797 -0.018986668 -0.148917273 -0.032138299 0.988144934
91.032423 0.148075834 0.244769901 0.755042374 -0.018539000 -0.151977465 -0.031570595 0.987705648
91.065756 0.150731757 0.244899198 0.760622323 -0.018885085 -0.151765794 -0.031174228 0.987744272
91.099089 0.154489622 0.243996993 0.764948666 -0.019471271 -0.153001338 -0.030476112 0.987564027
91.132422 0.157592773 0.243134722 0.768651903 -0.019773483 -0.155899063 -0.029215319 0.987142861
91.165755 0.160022482 0.243425936 0.774549782 -0.019825818 -0.156144276 -0.028629486 0.987120211
91.199088 0.164959788 0.243833914 0.779168785 -0.020371692 -0.156905368 -0.027130567 0.987030804
91.232421 0.170205966 0.244581088 0.784723163 -0.020672947 -0.159825265 -0.025302552 0.986604452
91.265754 0.171759501 0.242769539 0.787375510 -0.021832416 -0.160805210 -0.023935216 0.986454308
91.299087 0.177928448 0.243748248 0.794404566 -0.023205182 -0.162505120 -0.022417352 0.986180067
91.332420 0.186310157 0.241487890 0.800096512 -0.023815628 -0.164814025 -0.021595409 0.985800624
91.365753 0.192946494 0.242117316 0.806042433 -0.023388982 -0.165367618 -0.019339839 0.985764921
91.399086 0.198364347 0.243103415 0.812391400 -0.024506357 -0.167474166 -0.017375354 0.985418677
91.432419 0.202861384 0.243254438 0.817456484 -0.025986999 -0.168545663 -0.015524651 0.985228956
91.465752 0.207633346 0.245450974 0.824622035 -0.025821839 -0.166982979 -0.013838924 0.985524416
91.499085 0.213349402 0.245142877 0.828582823 -0.025913114 -0.166390359 -0.011826713 0.985648513
91.532418 0.220080167 0.244185701 0.833230674 -0.026933024 -0.165914118 -0.010586032 0.985715508
91.565751 0.225418657 0.245615840 0.839611411 -0.026918588 -0.162058875 -0.009935575 0.986363888
91.599084 0.230291694 0.245392129 0.843929470 -0.026667489 -0.159532636 -0.009191649 0.986789644
91.632417 0.237514183 0.246468037 0.849550605 -0.026968220 -0.159403116 -0.007620295 0.986815751
91.665750 0.246517599 0.247414425 0.857358754 -0.027400490 -0.157938018 -0.006308492 0.987048686
91.699083 0.250751346 0.247287512 0.862444639 -0.026986705 -0.156160250 -0.005226167 0.987349212
91.732416 0.259158373 0.246741980 0.867833257 -0.026815487 -0.156557024 -0.003997198 0.987296760
91.765749 0.263172686 0.249365255 0.873522341 -0.027058817 -0.155343801 -0.002940031 0.987485409
91.799082 0.267619312 0.249236524 0.878405988 -0.026648484 -0.154351994 -0.002414768 0.987653553
91.832415 0.274532259 0.248137295 0.880533755 -0.026472459 -0.155536652 -0.001451497 0.987474263
91.865748 0.278667301 0.248369843 0.884895623 -0.026502658 -0.155868039 -0.000760786 0.987421989
91.899081 0.285321027 0.247670725 0.888781905 -0.025995912 -0.156650171 -0.000027691 0.987312019
91.932414 0.293636650 0.247011811 0.895842731 -0.025425060 -0.159463838 0.000936091 0.986875892
91.965747 0.299218476 0.247621730 0.900488615 -0.025073884 -0.161173612 0.001222841 0.986606777
91.999080 0.307754904 0.247829020 0.908910751 -0.024841804 -0.162451848 0.001097864 0.986403167
92.032413 0.312830538 0.248663753 0.913086951 -0.024474135 -0.164302126 0.001173990 0.986105740
92.065746 0.315869272 0.249641418 0.918420315 -0.024093485 -0.165906593 0.000889080 0.985846758
92.099079 0.318712056 0.250034481 0.922744989 -0.024123859 -0.166556910 0.000140256 0.985736728
92.132412 0.321505576 0.246576652 0.922936678 -0.023991475 -0.168167353 -0.000626541 0.985466301
92.165745 0.326632559 0.247161403 0.928205848 -0.022914888 -0.170454428 -0.001991734 0.985097110
92.199078 0.328471273 0.247132927 0.932820022 -0.022897167 -0.170905337 -0.003561007 0.985014975
92.232411 0.329707980 0.245355353 0.934738696 -0.023494307 -0.173124582 -0.004720477 0.984608412
92.265744 0.334222496 0.245178312 0.939230144 -0.022591731 -0.176652893 -0.006015519 0.983995557
92.299077 0.338977665 0.246154130 0.944862187 -0.021650223 -0.178132251 -0.008068078 0.983735263
92.332410 0.341853976 0.245587721 0.950636089 -0.022231242 -0.180214494 -0.010520047 0.983319879
92.365743 0.339857191 0.245725214 0.953798890 -0.022576459 -0.183390126 -0.012214845 0.982705116
92.399076 0.339758426 0.245550469 0.957238913 -0.021441553 -0.185206831 -0.014249689 0.982362270
92.432409 0.339288324 0.246261120 0.959980309 -0.021635866 -0.186407536 -0.016891617 0.982089043
92.465742 0.339440405 0.246663764 0.964525700 -0.023159362 -0.189394817 -0.019030273 0.981443405
92.499075 0.339870065 0.246795535 0.968073487 -0.022235639 -0.191388711 -0.020889362 0.981040120
92.532408 0.341495395 0.246955112 0.972988427 -0.021687524 -0.192856431 -0.023247892 0.980711818
92.565741 0.343238503 0.247950435 0.978105962 -0.023317279 -0.195105091 -0.025569716 0.980171680
92.599074 0.342343628 0.246876433 0.980385959 -0.023440968 -0.196160734 -0.027560998 0.979904056
92.632407 0.346801639 0.248621240 0.989408135 -0.022281075 -0.198248610 -0.028841102 0.979473948
92.665740 0.348518074 0.250416011 0.995162129 -0.022915116 -0.199976265 -0.031160394 0.979036987
92.699073 0.348429859 0.251476586 1.000029087 -0.024420988 -0.200785205 -0.033127032 0.978770435
92.732406 0.348709822 0.253637761 1.006043911 -0.023767345 -0.202991903 -0.033667039 0.978312850
92.765739 0.352323264 0.253312141 1.010482788 -0.023312915 -0.205915570 -0.035336625 0.977653623
92.799072 0.352834195 0.254875988 1.016884565 -0.024798431 -0.205593735 -0.036784615 0.977631390
92.832405 0.354878098 0.255187154 1.022951484 -0.026772171 -0.206932709 -0.037477247 0.977270484
92.865738 0.355895251 0.255432159 1.028919458 -0.026075851 -0.209017590 -0.037751857 0.976834953
92.899071 0.356592923 0.256199479 1.035709977 -0.023891928 -0.206965536 -0.039117590 0.977273941
92.932404 0.355870336 0.257109582 1.039094687 -0.024385480 -0.204192936 -0.040743906 0.977778375
92.965737 0.359160632 0.257755607 1.046490788 -0.026015088 -0.205839410 -0.040291365 0.977409840
92.999070 0.362246931 0.256881982 1.053680778 -0.026075916 -0.206799716 -0.040211376 0.977208793
93.032403 0.361400962 0.257134795 1.059333801 -0.024630472 -0.204113856 -0.041688859 0.977748930
93.065736 0.363500327 0.257348120 1.066384792 -0.023733912 -0.203064188 -0.040980715 0.978019595
93.099069 0.367032111 0.256343573 1.069678187 -0.024947621 -0.205623478 -0.038719993 0.977546692
93.132402 0.370303780 0.255480111 1.079814553 -0.025882306 -0.204841062 -0.038898621 0.977679491
93.165735 0.371515304 0.255040020 1.085425854 -0.023810994 -0.198418051 -0.039994977 0.979011595
93.199068 0.372978657 0.254099965 1.091461062 -0.022862582 -0.195576668 -0.039389089 0.979630351
93.232401 0.375158608 0.253177851 1.095090151 -0.024040872 -0.194904938 -0.038370039 0.979776442
93.265734 0.375633419 0.254125118 1.101274610 -0.023398770 -0.190704837 -0.037815712 0.980639696
93.299067 0.379480869 0.254663438 1.108304024 -0.022129316 -0.186931714 -0.037816081 0.981395364
93.332400 0.380246669 0.254482448 1.115593553 -0.022969138 -0.184553459 -0.036816087 0.981864035
93.365733 0.381813437 0.253637284 1.119763017 -0.023232857 -0.182486966 -0.036296915 0.982263386
93.399066 0.384916067 0.253758550 1.126126885 -0.022235822 -0.180408880 -0.035929672 0.982683718
93.432399 0.385883093 0.253706425 1.130858660 -0.022441018 -0.179053217 -0.035381205 0.982946873
93.465732 0.386061370 0.255008608 1.136310339 -0.022927538 -0.178296328 -0.035441544 0.983071029
93.499065 0.389633477 0.256120384 1.143863797 -0.022198185 -0.178021684 -0.034518130 0.983170390
93.532398 0.391994119 0.257120550 1.149242997 -0.021782402 -0.179330960 -0.033121068 0.982989848
93.565731 0.393970072 0.258234382 1.153863072 -0.021643929 -0.181144506 -0.032567266 0.982678831
93.599064 0.396874875 0.258798033 1.158807039 -0.021152476 -0.180981070 -0.032453239 0.982723415
93.632397 0.398777634 0.259378195 1.162848949 -0.020721996 -0.182072803 -0.031314950 0.982567847
93.665730 0.402064502 0.259635955 1.167816520 -0.020896384 -0.185209513 -0.029838430 0.982023656
93.699063 0.404863268 0.259454340 1.172301412 -0.020720646 -0.185623378 -0.029222950 0.981967807
93.732396 0.407342672 0.260283172 1.176264882 -0.019986911 -0.185403571 -0.028405771 0.982048452
93.765729 0.410212845 0.260919303 1.181352019 -0.020217072 -0.187489480 -0.026670968 0.981696308
93.799062 0.412846118 0.261461765 1.186008811 -0.020645659 -0.188254401 -0.025958836 0.981560051
93.832395 0.414256096 0.261638522 1.190680027 -0.020033458 -0.186210275 -0.025390254 0.981977463
93.865728 0.417949677 0.260650516 1.195338845 -0.019849366 -0.186364353 -0.024225289 0.981981397
93.899061 0.421985567 0.261594117 1.201928139 -0.019977681 -0.187852874 -0.023327509 0.981716931
93.932394 0.425221264 0.260725349 1.206555486 -0.019929672 -0.187138423 -0.022672098 0.981869698
93.965727 0.429309607 0.260622412 1.212525487 -0.019736892 -0.187894568 -0.021645578 0.981752336
93.999060 0.433419257 0.260866374 1.217190504 -0.020118019 -0.190577090 -0.019956123 0.981263220
94.032393 0.436671466 0.260870159 1.223012090 -0.020978302 -0.192358971 -0.018961120 0.980917215
94.065726 0.440946490 0.260396242 1.228908539 -0.020947265 -0.192899689 -0.018502982 0.980820417
94.099059 0.444973022 0.260061622 1.233784914 -0.020389173 -0.194369555 -0.017490676 0.980560482
94.132392 0.452491820 0.259121567 1.241982579 -0.021484431 -0.197757646 -0.016104177 0.979883134
94.165725 0.457803726 0.260032803 1.249832749 -0.022261735 -0.199428514 -0.015443204 0.979537725
94.199058 0.462345660 0.258965284 1.254456401 -0.022248568 -0.200388744 -0.014926809 0.979350150
94.232391 0.466970950 0.257491976 1.260565400 -0.021942789 -0.202874839 -0.014272661 0.978854835
94.265724 0.472682655 0.255771548 1.266725779 -0.022209080 -0.205697611 -0.013541358 0.978269935
94.299057 0.477649450 0.255492389 1.272170424 -0.022718979 -0.208020210 -0.013031858 0.977773845
94.332390 0.483342528 0.255441517 1.278799415 -0.022847468 -0.211235285 -0.012530284 0.977087915
94.365723 0.489328027 0.254924387 1.284059167 -0.022243585 -0.214758247 -0.012149102 0.976338327
94.399056 0.493526131 0.255106211 1.289239168 -0.022304466 -0.217909500 -0.011569805 0.975645483
94.432389 0.504234433 0.252039313 1.297758460 -0.023062989 -0.222462058 -0.010447232 0.974612534
94.465722 0.511840940 0.252030492 1.305581450 -0.022804115 -0.226816073 -0.009853968 0.973620713
94.499055 0.516437173 0.251447827 1.308652639 -0.021918211 -0.228669181 -0.010393120 0.973201990
94.532388 0.522480607 0.250823468 1.314490438 -0.021834180 -0.231950641 -0.010130278 0.972429693
94.565721 0.527445734 0.250422329 1.318314791 -0.021893170 -0.236636311 -0.009919761 0.971301019
94.599054 0.533618569 0.249603122 1.324445605 -0.020562066 -0.240388125 -0.009974451 0.970407784
94.632387 0.538983881 0.247969821 1.328752160 -0.019485833 -0.244728893 -0.009737725 0.969346881
94.665720 0.546432674 0.246695697 1.334471464 -0.019441159 -0.251321822 -0.009803180 0.967658699
94.699053 0.551006973 0.247896716 1.336711407 -0.018432023 -0.255533844 -0.010306959 0.966569483
94.732386 0.559398711 0.244804338 1.342465401 -0.017122678 -0.260412514 -0.010949387 0.965283573
94.765719 0.567065001 0.246088564 1.349346280 -0.016154388 -0.266931087 -0.011277650 0.963514268
94.799052 0.573483825 0.244956851 1.353137374 -0.016297825 -0.272858500 -0.011073538 0.961852372
94.832385 0.577908158 0.246426806 1.360899687 -0.015133201 -0.277872324 -0.011420949 0.960430920
94.865718 0.581396699 0.244700536 1.365169764 -0.014646129 -0.281570911 -0.012090745 0.959352493
94.899051 0.588957191 0.241886958 1.367918253 -0.015174320 -0.284667671 -0.013333606 0.958413422
94.932384 0.595104158 0.240765825 1.373325825 -0.014816717 -0.286590338 -0.014602743 0.957827389
94.965717 0.598775029 0.242385164 1.381293058 -0.013777244 -0.288372934 -0.015624132 0.957291603
94.999050 0.598312914 0.242545694 1.385442972 -0.014684848 -0.289986640 -0.016828932 0.956770062
95.032383 0.604345560 0.241845310 1.390698910 -0.015684901 -0.291304708 -0.018393934 0.956324935
95.065716 0.609309554 0.241414398 1.397051692 -0.014798768 -0.291663557 -0.019641640 0.956204772
95.099049 0.610721469 0.242492080 1.400164366 -0.014679717 -0.292820692 -0.020608872 0.955832541
95.132382 0.616647601 0.244126424 1.406114340 -0.016022913 -0.294906616 -0.021759707 0.955143929
95.165715 0.621879637 0.244933799 1.413776040 -0.015782775 -0.295483142 -0.022937976 0.954942167
95.199048 0.626164436 0.246073663 1.419177771 -0.015514648 -0.296302170 -0.023830710 0.954670906
95.232381 0.630734503 0.247543424 1.426902056 -0.017612053 -0.298744977 -0.025187286 0.953838050
95.265714 0.636357844 0.247535050 1.435286283 -0.019479211 -0.300372660 -0.026572794 0.953252792
95.299047 0.643114567 0.249531329 1.439458132 -0.019215727 -0.301066786 -0.027344944 0.953017235
95.332380 0.646312296 0.249305546 1.447120547 -0.020512393 -0.302204102 -0.028701143 0.952590287
95.365713 0.652477562 0.250631720 1.459298849 -0.022807688 -0.303370327 -0.029723447 0.952135980
95.399046 0.656872928 0.251521617 1.471290827 -0.024220884 -0.304306030 -0.030335233 0.951783061
95.432379 0.657192886 0.252471656 1.475767612 -0.025164088 -0.304023623 -0.031189902 0.951821208
95.465712 0.657444358 0.254636884 1.475049615 -0.026126718 -0.301637977 -0.032165162 0.952521622
95.499045 0.660683572 0.257828921 1.486249328 -0.026868740 -0.300779492 -0.033559635 0.952724278
95.532378 0.662647784 0.256871700 1.491190076 -0.028682915 -0.301453173 -0.034670159 0.952418685
95.565711 0.670503139 0.255016208 1.506025195 -0.032039244 -0.304721951 -0.035374157 0.951244891
95.599044 0.674026251 0.255006969 1.515076280 -0.034285650 -0.306835771 -0.036204588 0.950455546
95.632377 0.674826145 0.256154835 1.522483826 -0.035297193 -0.308816403 -0.036764566 0.949755251
95.665710 0.676249385 0.256448925 1.529807568 -0.036203355 -0.311339915 -0.037426785 0.948870957
95.699043 0.678734422 0.255826920 1.534622312 -0.037427869 -0.313205510 -0.038340278 0.948172748
95.732376 0.680687785 0.256038368 1.542169213 -0.039041705 -0.315301865 -0.039201617 0.947377384
95.765709 0.683693171 0.258178443 1.552206993 -0.039563671 -0.318818808 -0.038982108 0.946186960
95.799042 0.687007189 0.258067846 1.557505250 -0.039916497 -0.322352588 -0.039278500 0.944961786
95.832375 0.687177300 0.260941684 1.565558434 -0.040519860 -0.325707406 -0.039094772 0.943792641
95.865708 0.688218236 0.261798233 1.573336601 -0.040521611 -0.329788983 -0.038478024 0.942399502
95.899041 0.691587865 0.261710405 1.581891894 -0.040596448 -0.333513707 -0.038249191 0.941093862
95.932374 0.693284094 0.261985242 1.582869053 -0.040153276 -0.335369974 -0.038642123 0.940436959
95.965707 0.697907090 0.264163315 1.590490103 -0.039290108 -0.338052899 -0.037651535 0.939552546
95.999040 0.699806631 0.262858599 1.593306541 -0.039390929 -0.342114389 -0.037077326 0.938099921
96.032373 0.705610216 0.261802912 1.600743651 -0.039604310 -0.346908808 -0.036401507 0.936355054
96.065706 0.704981685 0.266633123 1.605120778 -0.037891228 -0.350952506 -0.035261493 0.934961677
96.099039 0.708697021 0.266129017 1.612710476 -0.036669992 -0.356628299 -0.034652367 0.932883143
96.132372 0.712101221 0.267592490 1.620483637 -0.036363047 -0.362849891 -0.032740653 0.930562079
96.165705 0.715551496 0.266378343 1.626123071 -0.036627132 -0.370591640 -0.030524936 0.927571297
96.199038 0.719937801 0.266353607 1.637185216 -0.035198856 -0.377975434 -0.028915675 0.924694300
96.232371 0.723260522 0.268245965 1.644482613 -0.033074427 -0.383308977 -0.027486468 0.922618449
96.265704 0.725377560 0.265874922 1.644738793 -0.032275401 -0.389413089 -0.025656581 0.920139909
96.299037 0.728636265 0.265634149 1.649567366 -0.031474631 -0.397233725 -0.022458276 0.916902661
96.332370 0.734083712 0.264541805 1.657177925 -0.029624879 -0.404076874 -0.020647096 0.914012015
96.365703 0.737558067 0.261335790 1.661695957 -0.027552208 -0.408522338 -0.020329263 0.912105858
96.399036 0.736585319 0.263898879 1.664388776 -0.026257796 -0.414512753 -0.018125346 0.909484029
96.432369 0.737020969 0.264921814 1.673387289 -0.025980897 -0.423917413 -0.015933271 0.905187964
96.465702 0.740558922 0.264637828 1.685534000 -0.024803923 -0.430246502 -0.014940129 0.902246892
96.499035 0.743071198 0.261748850 1.687462568 -0.023189539 -0.434258550 -0.015165961 0.900362015
96.532368 0.743684471 0.260615915 1.686537266 -0.021941159 -0.440949291 -0.013724265 0.897158861
96.565701 0.745271027 0.262212723 1.693498015 -0.020541877 -0.448379099 -0.012060405 0.893526018
96.599034 0.743380904 0.261240929 1.693513393 -0.018599052 -0.452321708 -0.012347299 0.891575456
96.632367 0.744466603 0.263780355 1.689840317 -0.016657300 -0.457031518 -0.011597593 0.889218867
96.665700 0.744931698 0.263329804 1.694010973 -0.016579572 -0.465243578 -0.011556351 0.884952009
96.699033 0.751946986 0.257543534 1.708242655 -0.016517352 -0.473518699 -0.011672819 0.880551577
96.732366 0.748998761 0.260307878 1.707990527 -0.014172254 -0.478270888 -0.011319193 0.878025115
96.765699 0.749899030 0.258216441 1.707172036 -0.014087166 -0.485084385 -0.011178269 0.874282420
96.799032 0.748629153 0.257910311 1.713626385 -0.014812750 -0.492212385 -0.011175874 0.870277405
96.832365 0.745636523 0.261910439 1.711966276 -0.013452065 -0.495881081 -0.010626435 0.868221223
96.865698 0.745840669 0.259167254 1.711383820 -0.012323601 -0.499576896 -0.011660771 0.866103411
96.899031 0.745820642 0.259967625 1.714473009 -0.012360771 -0.503732324 -0.011747979 0.863691509
96.932364 0.741496444 0.262836069 1.715440750 -0.012393848 -0.507905900 -0.011935458 0.861240745
96.965697 0.744886518 0.259790391 1.714928627 -0.011611978 -0.510631680 -0.012822902 0.859625518
96.999030 0.744030476 0.260529578 1.715970755 -0.010304779 -0.512089074 -0.013643760 0.858762145
97.032363 0.746388316 0.258607298 1.717772484 -0.010511061 -0.516200423 -0.014475035 0.856281042
97.065696 0.740922153 0.256785095 1.709511161 -0.010373406 -0.518232465 -0.015415990 0.855037987
97.099029 0.739840865 0.259469271 1.714774966 -0.009216315 -0.520862579 -0.016177699 0.853437483
97.132362 0.740165591 0.260164261 1.718457699 -0.009105169 -0.524766326 -0.017267391 0.851022542
97.165695 0.741638184 0.260353357 1.720670462 -0.009700631 -0.528896630 -0.017826980 0.848443568
97.199028 0.740707517 0.260797024 1.721371174 -0.009921993 -0.531169772 -0.018635659 0.847002327
97.232361 0.742212415 0.260651499 1.722568035 -0.010817509 -0.533646166 -0.019439470 0.845415235
97.265694 0.740971923 0.261614472 1.729057670 -0.011126633 -0.536850393 -0.020225484 0.843361616
97.299027 0.739664793 0.260228842 1.724305153 -0.011606346 -0.537459970 -0.020652786 0.842956424
97.332360 0.738125443 0.263811529 1.732731581 -0.012333792 -0.539641321 -0.021024767 0.841542184
97.365693 0.737288594 0.263639838 1.732756019 -0.013318790 -0.539983451 -0.021867083 0.841286123
97.399026 0.737150073 0.263291925 1.733260393 -0.014224342 -0.539527833 -0.022095973 0.841557622
97.432359 0.736021280 0.263163477 1.733206749 -0.015434572 -0.539511800 -0.022704864 0.841530383
97.465692 0.735672951 0.263039440 1.736141205 -0.017513368 -0.538997352 -0.023671761 0.841792643
97.499025 0.736283064 0.262907594 1.738281965 -0.019688385 -0.537095010 -0.024370702 0.842939794
97.532358 0.738412261 0.259880334 1.735230923 -0.021078547 -0.534886897 -0.024404312 0.844308138
97.565691 0.738982201 0.260436654 1.740816951 -0.020985702 -0.532526851 -0.024822794 0.845788836
97.599024 0.737314463 0.263284504 1.740428686 -0.021454478 -0.527731538 -0.025198884 0.848766208
97.632357 0.736318707 0.264583528 1.743407130 -0.023557194 -0.525281072 -0.025336446 0.850225210
97.665690 0.735318661 0.265381396 1.742534161 -0.024845520 -0.522912323 -0.025392650 0.851645827
97.699023 0.736636639 0.264125079 1.742275119 -0.025128331 -0.518799543 -0.025944192 0.854132652
97.732356 0.735978723 0.265519172 1.742640615 -0.026405174 -0.515011430 -0.026648562 0.856361985
97.765689 0.735159218 0.266625196 1.747131944 -0.028779065 -0.514157295 -0.026596263 0.856800318
97.799022 0.734838247 0.268427879 1.750243664 -0.028556626 -0.511845171 -0.026247144 0.858201683
97.832355 0.733385980 0.271126121 1.747382045 -0.028503327 -0.506142914 -0.026996352 0.861555636
97.865688 0.732355654 0.272102714 1.751398325 -0.031189457 -0.504144371 -0.028677696 0.862579465
97.899021 0.731925189 0.272284508 1.752553582 -0.032329731 -0.503132999 -0.028298110 0.863140345
97.932354 0.733686566 0.272311091 1.757808566 -0.031464975 -0.501030266 -0.028641295 0.864383280
97.965687 0.730557978 0.273438394 1.753461123 -0.032619696 -0.497881204 -0.030032013 0.866111040
97.999020 0.728094578 0.275775969 1.754744172 -0.034277532 -0.498225540 -0.029619440 0.865863204
98.032353 0.728805125 0.275565207 1.757912159 -0.033686168 -0.499019295 -0.029491728 0.865433574
98.065686 0.730809569 0.274484783 1.760356307 -0.033491332 -0.498381257 -0.030006815 0.865791082
98.099019 0.729430974 0.277115673 1.760455251 -0.034384783 -0.499785125 -0.029672882 0.864957809
98.132352 0.726741672 0.278906256 1.756864905 -0.034703292 -0.502656043 -0.028290000 0.863326252
98.165685 0.726429999 0.278121978 1.757232308 -0.033898294 -0.504259944 -0.027842963 0.862437010
98.199018 0.727889538 0.277722955 1.759091258 -0.033620227 -0.506314397 -0.027625205 0.861250460
98.232351 0.727487564 0.277917802 1.757429123 -0.034277793 -0.509091616 -0.026290892 0.859627604
98.265684 0.729600370 0.277619660 1.761641622 -0.034135949 -0.513253212 -0.024105892 0.857219279
98.299017 0.730752826 0.277030587 1.764333963 -0.033933636 -0.516111732 -0.023288161 0.855531931
98.332350 0.731729269 0.275409579 1.761604667 -0.034908980 -0.517016470 -0.022598997 0.854964793
98.365683 0.731871247 0.275693625 1.765655279 -0.034800433 -0.519502878 -0.020873835 0.853504539
98.399016 0.732363701 0.273678511 1.763126373 -0.033146389 -0.519642830 -0.019354044 0.853520989
98.432349 0.732121229 0.274087578 1.761774540 -0.031841502 -0.517768383 -0.018793985 0.854721546
98.465682 0.733539939 0.274757266 1.766882777 -0.031251960 -0.517578244 -0.018128430 0.854872763
98.499015 0.733691454 0.273895055 1.767451167 -0.029948296 -0.518388152 -0.016502988 0.854461491
98.532348 0.738373399 0.272069156 1.771558762 -0.028223425 -0.519145966 -0.014929148 0.854089081
98.565681 0.740438223 0.270311236 1.772945285 -0.027471401 -0.518757582 -0.014384343 0.854358852
98.599014 0.740239143 0.271012574 1.770704269 -0.026692118 -0.519009709 -0.012945578 0.854253411
98.632347 0.741680384 0.270325005 1.768308401 -0.025559727 -0.520083070 -0.011219223 0.853659451
98.665680 0.740083218 0.269436419 1.767573833 -0.024625544 -0.519273162 -0.011964593 0.854169726
98.699013 0.738667250 0.271164507 1.770089030 -0.024331138 -0.518763185 -0.011611893 0.854492784
98.732346 0.738383412 0.272268325 1.768279552 -0.023170985 -0.520427227 -0.010049036 0.853532434
98.765679 0.741730332 0.269787997 1.772941589 -0.022942679 -0.522617519 -0.010061332 0.852199137
98.799012 0.740600467 0.270934522 1.771373272 -0.022316061 -0.521167636 -0.010462860 0.853098333
98.832345 0.740774870 0.271113008 1.768959165 -0.021266328 -0.521618605 -0.010177660 0.852853000
98.865678 0.743081808 0.269937783 1.771488309 -0.021291740 -0.524040580 -0.009628189 0.851372719
98.899011 0.742527366 0.269896239 1.771735549 -0.021397848 -0.523679018 -0.010049668 0.851587594
98.932344 0.740779161 0.272801906 1.773019791 -0.020226285 -0.522710741 -0.010479645 0.852205694
98.965677 0.741336226 0.272759348 1.773155928 -0.019868433 -0.522771180 -0.010534602 0.852176368
98.999010 0.743048668 0.272011459 1.775038958 -0.020000188 -0.523335278 -0.010836897 0.851823270
99.032343 0.741922736 0.272551000 1.773778319 -0.019671468 -0.522626042 -0.011452657 0.852258205
99.065676 0.741557121 0.272902608 1.772353172 -0.019277316 -0.522471309 -0.011626864 0.852359712
99.099009 0.741103053 0.273749650 1.774263978 -0.019422345 -0.523659706 -0.011788211 0.851624608
99.132342 0.741327405 0.273478001 1.775391459 -0.020312263 -0.524643064 -0.012219335 0.850992143
99.165675 0.741871953 0.273218840 1.772279739 -0.020713096 -0.524420679 -0.012841911 0.851110458
99.199008 0.740874290 0.273767114 1.771928787 -0.020779025 -0.524250150 -0.013239203 0.851207852
99.232341 0.740793943 0.272036672 1.771071434 -0.021564413 -0.524805307 -0.014188678 0.850830853
99.265674 0.741026163 0.272203505 1.772642136 -0.022080127 -0.524661124 -0.015086300 0.850891054
99.299007 0.742360115 0.271660686 1.774954438 -0.022042982 -0.524214566 -0.015598161 0.851158023
99.332340 0.741847515 0.270945281 1.773878813 -0.022489468 -0.525180697 -0.016255226 0.850538254
99.365673 0.741392255 0.271556854 1.775267243 -0.023301844 -0.526081979 -0.016637083 0.849951804
99.399006 0.742001772 0.270937502 1.775839806 -0.023487072 -0.526329219 -0.016921235 0.849788010
99.432339 0.742100000 0.270739287 1.775782585 -0.023552394 -0.527659953 -0.017402355 0.848950863
99.465672 0.743380070 0.271531433 1.778352618 -0.024062708 -0.529014707 -0.017348601 0.848093987
99.499005 0.743788600 0.272393078 1.777617931 -0.024483364 -0.529530466 -0.016925033 0.847768664
99.532338 0.744683981 0.272201717 1.780046225 -0.024896001 -0.531025708 -0.017191837 0.846815348
99.565671 0.741847634 0.274861068 1.780045509 -0.024679031 -0.530648589 -0.017078344 0.847060382
99.599004 0.742643595 0.274068832 1.780252695 -0.024826352 -0.530561149 -0.017355699 0.847105265
99.632337 0.743138671 0.273227870 1.778863788 -0.025399631 -0.530231357 -0.017485101 0.847292125
99.665670 0.744167447 0.272841394 1.781298161 -0.025895201 -0.529887915 -0.017564153 0.847490311
99.699003 0.744295239 0.271804541 1.778284073 -0.025422182 -0.528013945 -0.018370971 0.848656297
99.732336 0.744348645 0.271929890 1.778512836 -0.025434071 -0.525968969 -0.018325832 0.849925876
99.765669 0.744166613 0.273044229 1.776960611 -0.026017236 -0.525258541 -0.018027119 0.850353837
99.799002 0.744526982 0.273143768 1.778351784 -0.025959039 -0.524503231 -0.018248651 0.850816965
99.832335 0.743494153 0.274373055 1.778371572 -0.025623076 -0.522284806 -0.018537160 0.852184534
99.865668 0.744699597 0.274333030 1.780511618 -0.026149668 -0.522349775 -0.018944416 0.852119684
99.899001 0.743632436 0.275363445 1.776157260 -0.025941424 -0.521958292 -0.018583471 0.852373898
99.932334 0.745175362 0.275752306 1.779285789 -0.025590753 -0.521035492 -0.018305777 0.852954865
99.965667 0.745823145 0.276517093 1.780528307 -0.025900967 -0.520667076 -0.018837251 0.853158951
99.999000 0.745236874 0.277291477 1.779064298 -0.026242942 -0.520453453 -0.018784970 0.853280008
100.032333 0.745222330 0.278461963 1.777579069 -0.026236758 -0.520002067 -0.018549241 0.853560507
100.065666 0.744663000 0.279383063 1.778191328 -0.026721859 -0.519441843 -0.018772675 0.853881598
100.098999 0.743623614 0.280488253 1.775665164 -0.027019443 -0.518355131 -0.018986739 0.854527652
100.132332 0.742803574 0.282058954 1.775546789 -0.027438669 -0.518050849 -0.018724671 0.854704559
100.165665 0.741613626 0.284352452 1.774145961 -0.027433638 -0.516650200 -0.019061027 0.855544686
100.198998 0.741528988 0.287317753 1.775734305 -0.027801856 -0.514821649 -0.019004613 0.856635630
100.232331 0.738142848 0.290304244 1.771230817 -0.028141497 -0.513637364 -0.018935814 0.857336760
100.265664 0.738246143 0.290362746 1.773095965 -0.028870484 -0.513041914 -0.019332416 0.857660055
100.298997 0.738574624 0.292878777 1.774878621 -0.029233808 -0.510775328 -0.019477380 0.858996272
100.332330 0.736849964 0.293885499 1.770715356 -0.029840322 -0.508919060 -0.020140216 0.860061288
100.365663 0.736945629 0.296270460 1.774349093 -0.030990524 -0.508913815 -0.019950565 0.860028148
100.398996 0.737446189 0.296385825 1.776880860 -0.031809933 -0.508090317 -0.020336311 0.860475957
100.432329 0.737828016 0.296673477 1.776801467 -0.031895265 -0.506529152 -0.020887336 0.861379564
100.465662 0.736430466 0.298481464 1.778713346 -0.033130068 -0.506066203 -0.020851111 0.861605883
100.498995 0.736452222 0.299729139 1.779990077 -0.034104664 -0.506759465 -0.020502754 0.861168683
100.532328 0.736323059 0.300903559 1.780086637 -0.034508623 -0.506984890 -0.020550340 0.861018717
100.565661 0.735832095 0.302935362 1.782013655 -0.035030615 -0.506673872 -0.021104410 0.861167252
100.598994 0.734225929 0.305547118 1.780452847 -0.036067992 -0.507098913 -0.020715490 0.860883594
100.632327 0.731742442 0.308285415 1.777075052 -0.036775313 -0.508260369 -0.020492435 0.860173881
100.665660 0.729958236 0.309164375 1.778708458 -0.036184404 -0.508023083 -0.020429062 0.860340536
100.698993 0.729289293 0.310540050 1.778725386 -0.035983317 -0.507830441 -0.020773750 0.860454559
100.732326 0.728684545 0.312266588 1.779667139 -0.037737813 -0.509328902 -0.020767568 0.859493315
100.765659 0.727141380 0.311253846 1.783085942 -0.038847439 -0.510950089 -0.020480623 0.858487904
100.798992 0.727116466 0.311362982 1.783084154 -0.038075235 -0.511241317 -0.020013100 0.858360171
100.832325 0.722852826 0.316583633 1.779228687 -0.038213372 -0.510499895 -0.020032518 0.858794749
100.865658 0.721639752 0.316917390 1.779704928 -0.039402883 -0.511598110 -0.019353431 0.858102679
100.898991 0.722826302 0.314781517 1.782317281 -0.038886365 -0.512682617 -0.018957224 0.857487738
100.932324 0.723483503 0.315540195 1.785367250 -0.039288387 -0.511876225 -0.018496489 0.857960999
100.965657 0.723146141 0.315811247 1.784623504 -0.040215690 -0.511850774 -0.018215170 0.857939303
100.998990 0.718066275 0.318977267 1.783042312 -0.039530750 -0.511798620 -0.017632714 0.858014286
101.032323 0.720317364 0.318455011 1.785506129 -0.039503198 -0.510832131 -0.016402386 0.858615816
101.065656 0.718682945 0.320683420 1.783604503 -0.039501041 -0.508546650 -0.015444481 0.859989285
101.098989 0.714462876 0.324329436 1.781828761 -0.039661743 -0.502751887 -0.015048032 0.863389254
101.132322 0.714802623 0.323609054 1.780428886 -0.038916484 -0.494234294 -0.014616241 0.868334234
101.165655 0.712611735 0.324691951 1.781886220 -0.039305184 -0.488332123 -0.014596767 0.871650100
101.198988 0.708694041 0.325771868 1.783638358 -0.038886402 -0.483979374 -0.014756877 0.874090433
101.232321 0.708178103 0.325797230 1.784943700 -0.037755027 -0.478243202 -0.014293311 0.877299070
101.265654 0.702575982 0.321351171 1.780731201 -0.038483489 -0.470522434 -0.015692720 0.881408811
101.298987 0.695930421 0.325174242 1.780633926 -0.037357215 -0.463318408 -0.015870020 0.885261953
101.332320 0.695245087 0.324593931 1.778733134 -0.035232592 -0.457206070 -0.015487081 0.888527691
101.365653 0.695614159 0.324582696 1.783698559 -0.034547996 -0.454104513 -0.015261203 0.890147567
101.398986 0.693987370 0.323894411 1.781931758 -0.034975503 -0.449806690 -0.015100935 0.892313123
101.432319 0.691330492 0.323795736 1.782431960 -0.033860199 -0.444763720 -0.014614396 0.894888401
101.465652 0.687606752 0.326043308 1.780571938 -0.031548806 -0.440961510 -0.014562960 0.896853149
101.498985 0.687708139 0.330332011 1.782155514 -0.031087976 -0.441195726 -0.014959916 0.896747530
101.532318 0.687175393 0.331369042 1.782338977 -0.031085270 -0.441454232 -0.015287556 0.896614909
101.565651 0.687331617 0.330318570 1.781272411 -0.029968383 -0.441399157 -0.015710037 0.896672726
101.598984 0.686094940 0.330617785 1.780587435 -0.030299114 -0.441176146 -0.016348304 0.896759927
101.632317 0.682238579 0.332051158 1.779549122 -0.031612385 -0.440983266 -0.017545743 0.896786809
101.665650 0.683985114 0.332311273 1.779911280 -0.030897401 -0.441570789 -0.017467052 0.896524131
101.698983 0.683890998 0.333040506 1.779485941 -0.030162884 -0.441351354 -0.017429776 0.896657944
101.732316 0.681240499 0.333759069 1.779374123 -0.031074209 -0.440485239 -0.018281845 0.897035658
101.765649 0.684729278 0.331341505 1.780083656 -0.031493343 -0.439956069 -0.018830869 0.897269368
101.798982 0.684119940 0.330821127 1.778652191 -0.030736413 -0.438781321 -0.018547596 0.897876561
101.832315 0.684345841 0.333081305 1.779958844 -0.029621996 -0.439710379 -0.017801460 0.897474468
101.865648 0.684358716 0.332900882 1.779003382 -0.029980732 -0.440157890 -0.018034881 0.897238553
101.898981 0.684592068 0.332946897 1.778657675 -0.030907357 -0.439090252 -0.018373864 0.897723258
101.932314 0.685479820 0.331417054 1.778137207 -0.030908206 -0.438274682 -0.018258389 0.898123980
101.965647 0.686214745 0.333217442 1.779482007 -0.029859006 -0.438870430 -0.017550975 0.897882640
101.998980 0.686599433 0.332449287 1.780276299 -0.030496504 -0.438806951 -0.017498463 0.897893310
102.032313 0.684456170 0.333443940 1.780580997 -0.030272054 -0.438498408 -0.017241975 0.898056507
102.065646 0.685238421 0.333475202 1.779808521 -0.030234482 -0.438766032 -0.016841462 0.897934675
102.098979 0.683830976 0.334676236 1.777226329 -0.030313868 -0.437998712 -0.016314875 0.898316205
102.132312 0.685959697 0.332782865 1.777652740 -0.030075217 -0.438003331 -0.015894173 0.898329556
102.165645 0.685911894 0.333199471 1.776102424 -0.029501846 -0.437864482 -0.015260651 0.898427248
102.198978 0.685913861 0.334272474 1.776013374 -0.029627187 -0.437944084 -0.015202132 0.898385286
102.232311 0.686766088 0.333512068 1.776251554 -0.029691925 -0.437629700 -0.015182274 0.898536682
102.265644 0.689561069 0.332870841 1.775900841 -0.029075470 -0.437754333 -0.014761755 0.898503184
102.298977 0.690127730 0.331969738 1.773964524 -0.028610069 -0.437851399 -0.014803475 0.898470104
102.332310 0.688374281 0.333641976 1.774501324 -0.028368169 -0.437736303 -0.014812538 0.898533762
102.365643 0.692811012 0.333924651 1.775481105 -0.028351348 -0.438042790 -0.013950557 0.898398638
102.398976 0.692858040 0.334650248 1.774486661 -0.027820280 -0.438066930 -0.013666232 0.898407876
102.432309 0.692562401 0.333510488 1.772626996 -0.026910532 -0.437984079 -0.013211714 0.898482800
102.465642 0.699417293 0.331369311 1.776582956 -0.026081035 -0.439024717 -0.012367611 0.898011208
102.498975 0.700798631 0.330461949 1.774944425 -0.026050273 -0.438947082 -0.012404593 0.898049653
102.532308 0.700342834 0.330875725 1.773941398 -0.026096584 -0.438715190 -0.012037972 0.898166478
102.565641 0.701855600 0.331003904 1.774059176 -0.025573716 -0.439148426 -0.011284292 0.897979677
102.598974 0.699775934 0.331371874 1.772642016 -0.025102792 -0.438922584 -0.011987871 0.898094177
102.632307 0.699820817 0.331062108 1.773013353 -0.026000954 -0.438223839 -0.012286092 0.898405790
102.665640 0.701652169 0.330491722 1.774660587 -0.025562750 -0.438689828 -0.012322736 0.898190379
102.698973 0.700969398 0.331393778 1.773307562 -0.024672613 -0.438963413 -0.012037815 0.898085475
102.732306 0.700759768 0.330709100 1.770974398 -0.024032684 -0.438629508 -0.012666564 0.898257375
102.765639 0.699847460 0.331630707 1.770232320 -0.023048885 -0.437919647 -0.013045938 0.898623943
102.798972 0.700648189 0.330267727 1.768252850 -0.022785248 -0.437808365 -0.013413330 0.898679495
102.832305 0.700720608 0.331996828 1.769502282 -0.022603991 -0.438568652 -0.013542625 0.898311377
102.865638 0.701328039 0.330792248 1.768337965 -0.022723643 -0.438510329 -0.014075952 0.898328543
102.898971 0.701574862 0.331209183 1.770430088 -0.022358818 -0.438437641 -0.014055754 0.898373544
102.932304 0.700439334 0.330871820 1.767137647 -0.022196159 -0.438206524 -0.013701195 0.898495793
102.965637 0.701922119 0.330227524 1.767068863 -0.022055602 -0.439135313 -0.013096594 0.898054719
102.998970 0.702009439 0.330741584 1.766542435 -0.021260178 -0.438921928 -0.012551420 0.898186028
103.032303 0.702299416 0.330115706 1.764256239 -0.020729387 -0.438487947 -0.012663323 0.898408771
103.065636 0.703060389 0.330893576 1.765616655 -0.020641964 -0.438856661 -0.012619259 0.898231387
103.098969 0.704900861 0.329526454 1.766346693 -0.020207753 -0.439062148 -0.013122811 0.898133636
103.132302 0.703992426 0.330781370 1.764400125 -0.020019986 -0.438603729 -0.012690292 0.898367941
103.165635 0.702986002 0.330406725 1.763408661 -0.019177487 -0.438848078 -0.012923676 0.898263693
103.198968 0.704214394 0.330013335 1.762498856 -0.019090518 -0.438948244 -0.012722398 0.898219466
103.232301 0.703295112 0.330984026 1.760317922 -0.018324709 -0.438536406 -0.012505910 0.898439586
103.265634 0.705888391 0.329389393 1.761457682 -0.018420665 -0.438993841 -0.012576311 0.898213267
103.298967 0.707441151 0.329177469 1.763098240 -0.018088758 -0.439739645 -0.012215042 0.897860110
103.332300 0.705367923 0.330317557 1.761809826 -0.017917521 -0.439383745 -0.012198199 0.898037910
103.365633 0.705547750 0.330459028 1.759795547 -0.017616760 -0.438861638 -0.012032689 0.898301423
103.398966 0.706395447 0.330482572 1.760274053 -0.017631728 -0.439204425 -0.011968078 0.898134410
103.432299 0.707831681 0.328852803 1.762464643 -0.018073246 -0.439740628 -0.011986211 0.897863030
103.465632 0.707768798 0.330212146 1.761928797 -0.017909376 -0.439472497 -0.011755564 0.898000538
103.498965 0.705348432 0.330338091 1.760689735 -0.018333133 -0.438823014 -0.011751353 0.898309648
103.532298 0.704501092 0.331903458 1.760967493 -0.018254234 -0.438855141 -0.011728373 0.898295879
103.565631 0.703943014 0.331206352 1.761663198 -0.018854950 -0.438743740 -0.011789295 0.898337126
103.598964 0.703347087 0.331973225 1.761812687 -0.018935164 -0.438674957 -0.012065283 0.898365319
103.632297 0.702941418 0.331200510 1.761523008 -0.019445032 -0.438509792 -0.012168976 0.898433685
103.665630 0.703375399 0.330418169 1.763121367 -0.019967113 -0.438900769 -0.012504670 0.898226678
103.698963 0.703166068 0.330827296 1.763319969 -0.020041902 -0.438704938 -0.012336678 0.898322940
103.732296 0.703430772 0.329995334 1.764416933 -0.020371135 -0.438922882 -0.012799689 0.898202658
103.765629 0.705095708 0.329085827 1.764786839 -0.020420371 -0.439072937 -0.012800115 0.898128211
103.798962 0.704189301 0.329532981 1.763861418 -0.020219794 -0.438942432 -0.012925781 0.898194671
103.832295 0.703260422 0.330518574 1.764310241 -0.020059928 -0.438916355 -0.012730702 0.898213804
103.865628 0.702423632 0.331268072 1.762265325 -0.019579507 -0.438536972 -0.012553881 0.898412228
103.898961 0.703719020 0.330118954 1.762687802 -0.019560514 -0.438807935 -0.012613499 0.898279428
103.932294 0.702818871 0.330762148 1.760683537 -0.018945398 -0.438479900 -0.012512892 0.898454249
103.965627 0.706144810 0.329400092 1.763597608 -0.018940939 -0.439149916 -0.012367599 0.898128986
103.998960 0.704104185 0.332109094 1.761746287 -0.018190242 -0.438773870 -0.012197451 0.898330629
104.032293 0.704691350 0.330194771 1.760187030 -0.018221794 -0.438790232 -0.012224833 0.898321629
104.065626 0.704083502 0.331098795 1.759735584 -0.017863091 -0.438742250 -0.012004027 0.898355246
104.098959 0.707142889 0.329552978 1.762394428 -0.018031735 -0.439345121 -0.011884708 0.898058772
104.132292 0.706369221 0.330608457 1.760788083 -0.017834269 -0.439163566 -0.011862104 0.898151815
104.165625 0.708144724 0.330364555 1.763114572 -0.017984398 -0.439602315 -0.011656080 0.897936881
104.198958 0.704073191 0.331139743 1.760285258 -0.017991113 -0.438768566 -0.011791469 0.898342609
104.232291 0.705776691 0.330615193 1.762112379 -0.018325213 -0.439171702 -0.011875440 0.898137748
104.265624 0.704889834 0.330125600 1.761041164 -0.018671725 -0.438984483 -0.012105796 0.898219109
104.298957 0.703207910 0.331772715 1.760967135 -0.018695001 -0.438682169 -0.012105334 0.898366272
104.332290 0.704397917 0.330702484 1.762865305 -0.019089324 -0.439013511 -0.012227633 0.898194492
104.365623 0.700814843 0.332436830 1.760427237 -0.019214353 -0.438214719 -0.012387179 0.898579597
104.398956 0.702757597 0.331024796 1.762520552 -0.019575873 -0.438742578 -0.012474907 0.898312926
104.432289 0.702330232 0.330664426 1.762654543 -0.019901304 -0.438673824 -0.012660603 0.898336768
104.465622 0.703221202 0.331091613 1.764474154 -0.019923821 -0.438913524 -0.012593539 0.898220181
104.498955 0.702000499 0.331659704 1.762976766 -0.019796146 -0.438606560 -0.012640580 0.898372293
104.532288 0.702339172 0.331156671 1.763323307 -0.019866094 -0.438773155 -0.012755397 0.898287714
104.565621 0.703178585 0.329751372 1.763272166 -0.019924924 -0.438825428 -0.012733984 0.898261189
104.598954 0.703571260 0.330144137 1.763334274 -0.019695824 -0.438910544 -0.012594162 0.898226678
104.632287 0.703023076 0.330280364 1.762215614 -0.019385848 -0.438741744 -0.012548726 0.898316443
104.665620 0.702272177 0.331246793 1.761104226 -0.018893138 -0.438513637 -0.012344051 0.898441195
104.698953 0.703409135 0.330864191 1.760760427 -0.018789399 -0.438506395 -0.012203531 0.898448825
104.732286 0.706487238 0.330302000 1.763445020 -0.018627604 -0.439239472 -0.012069270 0.898095846
104.765619 0.705528617 0.330442488 1.760527492 -0.018287340 -0.438956887 -0.012057600 0.898241162
104.798952 0.705614388 0.330724984 1.761166930 -0.018091930 -0.439018965 -0.011847135 0.898217499
104.832285 0.705999315 0.329702258 1.760792017 -0.018199379 -0.438987076 -0.012068213 0.898227990
104.865618 0.705312192 0.330023557 1.761970997 -0.018177733 -0.439113855 -0.012031972 0.898167014
104.898951 0.705765426 0.329871595 1.762457371 -0.018282773 -0.439165473 -0.011887725 0.898141563
104.932284 0.705451429 0.330291182 1.761803150 -0.018359045 -0.439107776 -0.011992151 0.898166776
104.965617 0.706156433 0.330105156 1.762248516 -0.018464312 -0.439196676 -0.012128697 0.898119330
104.998950 0.704708576 0.329722047 1.762500405 -0.018817021 -0.439093083 -0.012359934 0.898159504
105.032283 0.705255508 0.330554992 1.762851477 -0.018890813 -0.439096957 -0.012250513 0.898157537
105.065616 0.701836407 0.332790703 1.760188341 -0.018744063 -0.438389152 -0.012295280 0.898505747
105.098949 0.702197015 0.331259966 1.761312246 -0.019176802 -0.438594937 -0.012541652 0.898392797
105.132282 0.702346325 0.331345201 1.761484146 -0.019423496 -0.438638031 -0.012563566 0.898366034
105.165615 0.703683078 0.330101043 1.762701988 -0.019762725 -0.438835144 -0.012828406 0.898258626
105.198948 0.705601215 0.328932703 1.764154911 -0.020006813 -0.439138055 -0.012735999 0.898106575
105.232281 0.702763796 0.331147939 1.762272120 -0.019711636 -0.438644290 -0.012580955 0.898356497
105.265614 0.704972923 0.329530865 1.764457226 -0.019934610 -0.439152539 -0.012614606 0.898102820
105.298947 0.704055190 0.330457538 1.763378024 -0.019677637 -0.438872516 -0.012452770 0.898247600
105.332280 0.702685714 0.330245733 1.762200594 -0.019580804 -0.438718736 -0.012442442 0.898324966
105.365613 0.704695582 0.329737097 1.762592793 -0.019344887 -0.438935012 -0.012334905 0.898225904
105.398946 0.702413559 0.331712842 1.760417938 -0.018869897 -0.438443422 -0.012124124 0.898478866
105.432279 0.704045236 0.330971688 1.762390971 -0.018724803 -0.438828856 -0.012103282 0.898294032
105.465612 0.704227328 0.331125140 1.761881590 -0.018577976 -0.438683808 -0.011906052 0.898370624
105.498945 0.704570174 0.330763996 1.760311246 -0.018368660 -0.438746601 -0.012003974 0.898342907
105.532278 0.707514167 0.330697477 1.763012290 -0.018363945 -0.439384371 -0.011770365 0.898034394
105.565611 0.704556882 0.332168162 1.759645104 -0.018010071 -0.438660473 -0.011667660 0.898396671
105.598944 0.704123080 0.331391811 1.759512901 -0.018104585 -0.438531250 -0.011745745 0.898456812
105.632277 0.705749869 0.330751032 1.760712981 -0.018169504 -0.438952267 -0.012066220 0.898245692
105.665610 0.707315207 0.328803301 1.761452794 -0.018515609 -0.439317465 -0.012232563 0.898057759
105.698943 0.705706716 0.330893159 1.760336876 -0.018417126 -0.438895464 -0.012097032 0.898267984
105.732276 0.705876827 0.329856336 1.762745976 -0.018833382 -0.439160109 -0.012299634 0.898127258
105.765609 0.704630017 0.331414461 1.762182593 -0.018719081 -0.438964784 -0.012481515 0.898222566
105.798942 0.702821612 0.330740154 1.761704445 -0.019049780 -0.438716382 -0.012617842 0.898335099
105.832275 0.703991830 0.329996228 1.762298107 -0.019307928 -0.438893795 -0.012643308 0.898242593
105.865608 0.702773869 0.331349403 1.761997342 -0.019249957 -0.438677013 -0.012576506 0.898350656
105.898941 0.704162180 0.330168247 1.763353229 -0.019639492 -0.438989073 -0.012718042 0.898187757
105.932274 0.702783823 0.330805600 1.762439609 -0.019603388 -0.438748002 -0.012718268 0.898306251
105.965607 0.702676475 0.330684513 1.762512207 -0.019681593 -0.438697428 -0.012734281 0.898329079
105.998940 0.704353452 0.330012500 1.763192892 -0.019744635 -0.439057976 -0.012645165 0.898152828
106.032273 0.703948021 0.330220580 1.763937593 -0.019656278 -0.439051270 -0.012512971 0.898159802
106.065606 0.702545404 0.331105411 1.761933088 -0.019314451 -0.438610435 -0.012380688 0.898384452
106.098939 0.704153717 0.330376655 1.762425303 -0.019296721 -0.438924044 -0.012223697 0.898233771
106.132272 0.703442454 0.330825806 1.761242151 -0.019011712 -0.438772678 -0.012132006 0.898315072
106.165605 0.703852236 0.331033349 1.762274146 -0.018855369 -0.438733816 -0.011972005 0.898339510
106.198938 0.703450263 0.330379248 1.760356665 -0.018724695 -0.438466609 -0.012074914 0.898471355
106.232271 0.704049706 0.330160320 1.761739254 -0.018712871 -0.438736528 -0.012004095 0.898340702
106.265604 0.704201043 0.330619454 1.760658503 -0.018500997 -0.438680410 -0.011961120 0.898373067
106.298937 0.705427051 0.330178797 1.760159612 -0.018490165 -0.438725471 -0.011859478 0.898352623
106.332270 0.703719437 0.332253724 1.760254145 -0.018165270 -0.438570648 -0.011753148 0.898436308
106.365603 0.703003585 0.332549095 1.759246111 -0.018155666 -0.438400805 -0.011790982 0.898518920
106.398936 0.704540491 0.331045240 1.760132432 -0.018391730 -0.438618660 -0.012174533 0.898402572
106.432269 0.703415334 0.331447959 1.759705067 -0.018422313 -0.438429475 -0.012237248 0.898493469
106.465602 0.703199506 0.332401812 1.761532664 -0.018513883 -0.438616276 -0.012224084 0.898400545
106.498935 0.701989651 0.333246171 1.760596037 -0.018509973 -0.438373744 -0.012265231 0.898518503
106.532268 0.702447236 0.333117187 1.762129188 -0.018716404 -0.438617289 -0.012366050 0.898393929
106.565601 0.701836288 0.333475411 1.762065649 -0.018814737 -0.438566595 -0.012370853 0.898416579
106.598934 0.703260779 0.332280993 1.763110995 -0.019058349 -0.438913494 -0.012525520 0.898239911
106.632267 0.703616202 0.331504017 1.763639450 -0.019354757 -0.439023405 -0.012582747 0.898179054
106.665600 0.704590499 0.331131965 1.764203310 -0.019394387 -0.439159095 -0.012619846 0.898111343
106.698933 0.703173935 0.332276016 1.762886286 -0.019277072 -0.438782454 -0.012496057 0.898299634
106.732266 0.704301536 0.331507206 1.763767600 -0.019348191 -0.439015001 -0.012507602 0.898184359
106.765599 0.703068137 0.331947446 1.763554215 -0.019260259 -0.438979238 -0.012433936 0.898204744
106.798932 0.703357756 0.332250834 1.763081074 -0.019156758 -0.438859731 -0.012231014 0.898268104
106.832265 0.704092860 0.332129389 1.763029456 -0.019113256 -0.438879579 -0.011974517 0.898262799
106.865598 0.702473938 0.333321899 1.761802077 -0.018822454 -0.438575149 -0.011798753 0.898419976
106.898931 0.703153551 0.331943721 1.761450291 -0.018885000 -0.438683003 -0.011916080 0.898364425
106.932264 0.703005910 0.332858294 1.759734631 -0.018545527 -0.438292176 -0.011712620 0.898564935
106.965597 0.703421414 0.332795173 1.759916067 -0.018470580 -0.438387990 -0.011677194 0.898520172
106.998930 0.703944623 0.332372576 1.759983182 -0.018476974 -0.438511074 -0.011671977 0.898460031
107.032263 0.703554034 0.332060933 1.759338737 -0.018477635 -0.438409060 -0.011743285 0.898508847
107.065596 0.704050660 0.332369655 1.760767937 -0.018451380 -0.438574553 -0.011666528 0.898429632
107.098929 0.703763783 0.332832277 1.761006951 -0.018415373 -0.438595772 -0.011698499 0.898419619
107.132262 0.703752041 0.332137227 1.761148334 -0.018564204 -0.438717097 -0.011914110 0.898354530
107.165595 0.702771246 0.332701236 1.760596395 -0.018570503 -0.438447148 -0.011985039 0.898485184
107.198928 0.702316403 0.333104968 1.760409355 -0.018576363 -0.438326567 -0.012095413 0.898542404
107.232261 0.702149332 0.333370745 1.760486126 -0.018641638 -0.438349009 -0.012125994 0.898529708
107.265594 0.704814553 0.331378907 1.763465643 -0.019046834 -0.438987851 -0.012467637 0.898204565
107.298927 0.702481747 0.332708538 1.761743307 -0.018880051 -0.438524276 -0.012429525 0.898435056
107.332260 0.703258872 0.332127243 1.763015509 -0.019052614 -0.438757777 -0.012499094 0.898316443
107.365593 0.702523053 0.332732290 1.762860537 -0.019066354 -0.438779056 -0.012489823 0.898305893
107.398926 0.704039693 0.331074297 1.764362097 -0.019362386 -0.439077854 -0.012631829 0.898151577
107.432259 0.705379426 0.330243289 1.765121222 -0.019522693 -0.439337254 -0.012629412 0.898021221
107.465592 0.705028415 0.329481333 1.762673855 -0.019410998 -0.439051092 -0.012749210 0.898162007
107.498925 0.705555260 0.330535829 1.764505625 -0.019372305 -0.439318568 -0.012399507 0.898036838
107.532258 0.703725219 0.332332790 1.763080478 -0.019041922 -0.438893646 -0.012175105 0.898254752
107.565591 0.703725338 0.331982106 1.762861848 -0.019049356 -0.438825637 -0.012053016 0.898289502
107.598924 0.703590870 0.332183868 1.762212157 -0.018940855 -0.438767254 -0.011972973 0.898321331
107.632257 0.702742517 0.332248151 1.760915637 -0.018821297 -0.438504249 -0.011904649 0.898453236
107.665590 0.702738941 0.332529187 1.759803772 -0.018615978 -0.438378155 -0.011805594 0.898520291
107.698923 0.703345835 0.332654029 1.760411024 -0.018592814 -0.438464135 -0.011747884 0.898479581
107.732256 0.705369234 0.331760287 1.761959910 -0.018983860 -0.438361853 -0.013045209 0.898503423
107.765589 0.707371593 0.330896348 1.764635086 -0.018612390 -0.437694937 -0.011449782 0.898858011
107.798922 0.707697034 0.332877070 1.763201952 -0.018658511 -0.438766479 -0.010112499 0.898350537
107.832255 0.707513094 0.333230376 1.760800838 -0.018176896 -0.440389693 -0.008045846 0.897586644
107.865588 0.711997688 0.330091119 1.765013099 -0.018496642 -0.441022784 -0.009035808 0.897259772
107.898921 0.709712565 0.330683172 1.763196468 -0.018213993 -0.438013971 -0.009232372 0.898736179
107.932254 0.710681796 0.330538392 1.763060451 -0.018014163 -0.438919246 -0.009723777 0.898293376
107.965587 0.709892988 0.332532048 1.760507107 -0.017926492 -0.440370500 -0.010127788 0.897580087
107.998920 0.710358024 0.330318481 1.763271928 -0.018345337 -0.439862102 -0.011356760 0.897806168
108.032253 0.707738578 0.328925908 1.761891842 -0.018241968 -0.437173665 -0.012840408 0.899100423
108.065586 0.706629813 0.331391841 1.762230396 -0.018241599 -0.438232541 -0.011855026 0.898598373
108.098919 0.709225774 0.332155049 1.761134744 -0.018271348 -0.440869689 -0.010777795 0.897320509
108.132252 0.709632814 0.330339253 1.762138486 -0.017699970 -0.440561354 -0.010783720 0.897483289
108.165585 0.707953632 0.329687119 1.760824561 -0.016589846 -0.438305229 -0.011321596 0.898601770
108.198918 0.708447635 0.330598563 1.760350704 -0.017706780 -0.438922137 -0.012528376 0.898263276
108.232251 0.705776811 0.331873477 1.759170532 -0.018597255 -0.439527869 -0.012734371 0.897946119
108.265584 0.707540333 0.329517901 1.760696650 -0.017633647 -0.439438611 -0.012043735 0.898018777
108.298917 0.708232522 0.329261392 1.759869695 -0.016932026 -0.438858479 -0.011726051 0.898320138
108.332250 0.708297253 0.330296785 1.760205865 -0.017479889 -0.439457923 -0.011808758 0.898015499
108.365583 0.709150136 0.328523338 1.761339664 -0.017674662 -0.440118343 -0.011430317 0.897693098
108.398916 0.709041536 0.330254942 1.760876894 -0.017327145 -0.439779252 -0.011169714 0.897869289
108.432249 0.710009158 0.330197275 1.760967016 -0.018020067 -0.439220250 -0.011393826 0.898126423
108.465582 0.708904028 0.329723746 1.760658503 -0.017799152 -0.439272761 -0.011340714 0.898105860
108.498915 0.709461451 0.329460591 1.760875940 -0.016712861 -0.439744174 -0.010904015 0.897901356
108.532248 0.709229350 0.329596639 1.759700894 -0.016889047 -0.439348102 -0.010969487 0.898091137
108.565581 0.708763719 0.329243243 1.759799838 -0.018067580 -0.438949257 -0.011524397 0.898256302
108.598914 0.708128035 0.329720676 1.759760261 -0.017712167 -0.438955218 -0.011405340 0.898261964
108.632247 0.709005535 0.328858793 1.759960055 -0.016881738 -0.439374119 -0.011378425 0.898073435
108.665580 0.709381461 0.329430759 1.759878278 -0.016969759 -0.439203650 -0.011769923 0.898150146
108.698913 0.709902465 0.329168946 1.760358572 -0.017304057 -0.438366890 -0.012422510 0.898543715
108.732246 0.708274126 0.330693096 1.759956002 -0.016944453 -0.436539054 -0.011691061 0.899449766
108.765579 0.707464159 0.328595072 1.760243773 -0.017009463 -0.437138915 -0.012079499 0.899152040
108.798912 0.706551492 0.328393549 1.760078430 -0.017709635 -0.439130664 -0.012651510 0.898159623
108.832245 0.705336392 0.326365083 1.759876728 -0.018096955 -0.437897593 -0.012526332 0.898755431
108.865578 0.704106987 0.327862173 1.759683132 -0.018446125 -0.435701936 -0.012126636 0.899820268
108.898911 0.704489112 0.325603038 1.762131929 -0.019377595 -0.434656054 -0.012639151 0.900299370
108.932244 0.704495966 0.324113429 1.761333704 -0.019280182 -0.436108619 -0.012571367 0.899599671
108.965577 0.704443753 0.327420473 1.758184195 -0.018379441 -0.440690041 -0.012158033 0.897388875
108.998910 0.702182829 0.327225924 1.756074786 -0.017819528 -0.444065243 -0.012615028 0.895728469
109.032243 0.700651467 0.325568616 1.756596565 -0.017533781 -0.445526689 -0.012623432 0.895007968
109.065576 0.697544396 0.324315816 1.757708430 -0.017813981 -0.445868254 -0.013613389 0.894817829
109.098909 0.699596524 0.319142520 1.759637237 -0.018300017 -0.444064766 -0.014390795 0.895692229
109.132242 0.700440645 0.319675088 1.758781195 -0.017599907 -0.439234257 -0.014327589 0.898085892
109.165575 0.695618808 0.317055643 1.756510973 -0.017090866 -0.433102876 -0.015070952 0.901056468
109.198908 0.694316328 0.316409081 1.758993506 -0.016112814 -0.426565349 -0.014887294 0.904190719
109.232241 0.697470546 0.309779704 1.758851051 -0.016402464 -0.417877316 -0.016001271 0.908214450
109.265574 0.693839788 0.311237544 1.758045793 -0.015884167 -0.407840252 -0.015809955 0.912778258
109.298907 0.689972043 0.309386730 1.759019971 -0.015208103 -0.398832440 -0.015929764 0.916759312
109.332240 0.686219931 0.309017777 1.758873820 -0.014364435 -0.389431894 -0.015309084 0.920816064
109.365573 0.688533485 0.308580816 1.762204051 -0.014272531 -0.382106334 -0.015030076 0.923885942
109.398906 0.685016036 0.307236850 1.760377288 -0.014592631 -0.374401093 -0.015359669 0.927024782
109.432239 0.684352160 0.303889304 1.760589838 -0.014169014 -0.367471546 -0.015857976 0.929791689
109.465572 0.694699168 0.305159122 1.773228765 -0.014146017 -0.364581138 -0.012996858 0.930973470
109.498905 0.690596581 0.305745065 1.772451878 -0.014299443 -0.359776646 -0.012884624 0.932839930
109.532238 0.689091146 0.302941382 1.772171974 -0.015028730 -0.353900790 -0.013159637 0.935069680
109.565571 0.688401818 0.301348120 1.770439267 -0.014545102 -0.348083407 -0.012797424 0.937263429
109.598904 0.691585302 0.297600120 1.777029276 -0.014908832 -0.346411347 -0.012105797 0.937886178
109.632237 0.688800454 0.294331968 1.775290608 -0.015654182 -0.341989726 -0.012522935 0.939489901
109.665570 0.685454965 0.296185464 1.773742199 -0.015433019 -0.337200671 -0.011442287 0.941236734
109.698903 0.684798598 0.290059358 1.772777319 -0.015554780 -0.333732873 -0.012068706 0.942462146
109.732236 0.684842110 0.280068517 1.773103952 -0.016553884 -0.329680592 -0.012409390 0.943865836
109.765569 0.687085629 0.275869012 1.776727915 -0.017592171 -0.328493774 -0.011961491 0.944266558
109.798902 0.686255574 0.273158699 1.777721047 -0.017721049 -0.326891154 -0.012043132 0.944819093
109.832235 0.684961200 0.268859208 1.777080178 -0.017991867 -0.323937267 -0.011838563 0.945833445
109.865568 0.679563522 0.265049219 1.774605751 -0.018791338 -0.321595937 -0.011302553 0.946623027
109.898901 0.680414319 0.261743397 1.776855588 -0.019272959 -0.322481424 -0.010635975 0.946319818
109.932234 0.678272665 0.260045767 1.772939563 -0.019198721 -0.321399808 -0.010356825 0.946692348
109.965567 0.673732877 0.256179690 1.771583080 -0.019449802 -0.319851011 -0.009994852 0.947215557
109.998900 0.672278106 0.252702564 1.770280719 -0.019817645 -0.320037305 -0.009915807 0.947145760
110.032233 0.671010613 0.249670789 1.770703197 -0.020246336 -0.320069045 -0.009114932 0.947134018
110.065566 0.668913960 0.247122794 1.769467354 -0.019851111 -0.319909841 -0.008072164 0.947205663
110.098899 0.666698933 0.244121924 1.767684698 -0.019782549 -0.318947196 -0.007942588 0.947532773
110.132232 0.663189530 0.235990673 1.768122196 -0.020355936 -0.317075789 -0.007627123 0.948151112
110.165565 0.660524487 0.233844802 1.767421007 -0.019816998 -0.316595733 -0.006786224 0.948329270
110.198898 0.660216451 0.229619592 1.767074227 -0.019912861 -0.316297859 -0.006378677 0.948429525
110.232231 0.656280756 0.225356653 1.766160846 -0.020318888 -0.314271569 -0.006307242 0.949094713
110.265564 0.658584774 0.219851390 1.772057176 -0.019904973 -0.315541714 -0.005554096 0.948686719
110.298897 0.657914698 0.215458006 1.775482178 -0.019873787 -0.317418754 -0.005249196 0.948062718
110.332230 0.653608799 0.212329715 1.769568205 -0.019554336 -0.315908074 -0.005273449 0.948573709
110.365563 0.651092887 0.214143261 1.764836192 -0.018076956 -0.315382808 -0.004887740 0.948779821
110.398896 0.648090720 0.207488179 1.761332273 -0.017575530 -0.315576881 -0.003981343 0.948728919
110.432229 0.649528921 0.196893334 1.762533545 -0.017918168 -0.317201555 -0.003702120 0.948181689
110.465562 0.648208082 0.190260693 1.762200475 -0.017878529 -0.317986757 -0.004153387 0.947917461
110.498895 0.646280646 0.183503315 1.761126280 -0.017253486 -0.316950530 -0.004390365 0.948275030
110.532228 0.643760085 0.180112749 1.761691809 -0.016174432 -0.316924423 -0.003922543 0.948304832
110.565561 0.643504620 0.172057539 1.761598825 -0.016223928 -0.317458302 -0.003637639 0.948126495
110.598894 0.641003728 0.166972265 1.759807110 -0.015021832 -0.315675765 -0.003406136 0.948742092
110.632227 0.637865782 0.160795599 1.758428812 -0.013236909 -0.313757718 -0.003562992 0.949404120
110.665560 0.635147512 0.155244410 1.757552624 -0.012820712 -0.312726080 -0.003463310 0.949750543
110.698893 0.633807719 0.157771662 1.758406758 -0.010685134 -0.311532468 -0.002006921 0.950173318
110.732226 0.630186796 0.151109770 1.752140641 -0.009047069 -0.308880717 -0.001775530 0.951056123
110.765559 0.629611135 0.145344794 1.749961138 -0.007407982 -0.308164507 -0.001855791 0.951302469
110.798892 0.629521370 0.135166407 1.750050187 -0.007254099 -0.307792634 -0.001821093 0.951424122
110.832225 0.628638685 0.126228258 1.747509360 -0.006095642 -0.307643503 -0.001370138 0.951481164
110.865558 0.629319310 0.119905800 1.749214888 -0.004280764 -0.308960408 -0.001242692 0.951064467
110.898891 0.627331376 0.115307949 1.745709419 -0.002412908 -0.308918595 -0.000760258 0.951085150
110.932224 0.625177979 0.114653207 1.741746187 0.000051016 -0.309296578 -0.000334917 0.950965583
110.965557 0.626100063 0.106281251 1.747767568 0.001510078 -0.311610729 -0.000455384 0.950208545
110.998890 0.626453519 0.097868085 1.740669250 0.002844644 -0.312270731 -0.000245979 0.949988902
111.032223 0.625598311 0.094208620 1.742742538 0.005157070 -0.313595474 0.000373062 0.949542582
111.065556 0.624299586 0.088097557 1.740612745 0.007195837 -0.314478457 0.000252648 0.949237347
111.098889 0.622981548 0.081917949 1.736760855 0.008974710 -0.314798236 0.000244975 0.949116170
111.132222 0.622874200 0.076304249 1.732764006 0.010723470 -0.315738708 0.000316607 0.948785543
111.165555 0.623907089 0.071733333 1.731954455 0.012524019 -0.317482322 0.000879536 0.948181093
111.198888 0.626702666 0.065352753 1.730155706 0.014388232 -0.318708539 0.001214971 0.947742760
111.232221 0.622317195 0.058298968 1.726870060 0.015666148 -0.318423599 0.000900093 0.947818696
111.265554 0.623415351 0.053251177 1.726754308 0.016734390 -0.319094747 0.000694221 0.947574854
111.298887 0.620988727 0.050670300 1.728530049 0.017796770 -0.319435954 0.000887818 0.947440386
111.332220 0.619694948 0.044055596 1.723403215 0.018826241 -0.320030183 0.001205214 0.947219491
111.365553 0.619110584 0.040542491 1.723353863 0.020210952 -0.321630120 0.001176665 0.946649015
111.398886 0.618755639 0.036521122 1.726675272 0.021566447 -0.322933316 0.001273034 0.946175158
111.432219 0.620538592 0.034578629 1.724606514 0.022655668 -0.324794441 0.001954311 0.945511281
111.465552 0.619881094 0.032847092 1.724158049 0.023864551 -0.327478945 0.002001544 0.944554925
111.498885 0.624700785 0.031849623 1.726133347 0.025666455 -0.329702824 0.002573179 0.943732321
111.532218 0.623908997 0.028205255 1.723150373 0.026660059 -0.331496179 0.002626710 0.943076193
111.565551 0.624994755 0.022288783 1.724063039 0.027070848 -0.334511876 0.002127264 0.942000270
111.598884 0.623006940 0.017644562 1.723878026 0.027604586 -0.335867018 0.001859426 0.941503048
111.632217 0.623212993 0.013285641 1.724436641 0.028349413 -0.338332832 0.002053183 0.940597177
111.665550 0.621931076 0.010289185 1.720629692 0.029357266 -0.340305716 0.001377990 0.939855516
111.698883 0.619856060 0.004417639 1.720321298 0.029799921 -0.339815319 0.000936503 0.940019488
111.732216 0.618332684 -0.001326706 1.718798399 0.030664567 -0.339453906 0.000910359 0.940122366
111.765549 0.619123876 -0.007273244 1.720833302 0.030965207 -0.339417964 0.001259270 0.940124989
111.798882 0.618359745 -0.009416021 1.721346140 0.032520168 -0.337060094 0.001487021 0.940920174
111.832215 0.618232310 -0.013485845 1.724703670 0.032781001 -0.334831327 0.001266594 0.941706836
111.865548 0.620624423 -0.014512857 1.725593209 0.032932445 -0.333354264 0.002798226 0.942222178
111.898881 0.620776892 -0.016583756 1.718712091 0.034877531 -0.331179738 0.003594064 0.942916036
111.932214 0.619339347 -0.022085298 1.718753576 0.034960307 -0.328989208 0.003492058 0.943679869
111.965547 0.617417216 -0.022819089 1.719813466 0.035449784 -0.326723516 0.004220989 0.944445491
111.998880 0.621958911 -0.029778345 1.720095515 0.036397431 -0.327006340 0.005179824 0.944306791
112.032213 0.622936368 -0.034405835 1.721489906 0.037431337 -0.327247262 0.005746212 0.944179595
112.065546 0.624104023 -0.039365038 1.720104933 0.038383350 -0.326490819 0.006789260 0.944396317
112.098879 0.622998893 -0.042961143 1.717962980 0.038523652 -0.327306509 0.007548850 0.944102407
112.132212 0.623279572 -0.040302847 1.721612930 0.039531160 -0.328535914 0.009073513 0.943620265
112.165545 0.622518659 -0.050343174 1.718298793 0.040191058 -0.328953117 0.008966915 0.943448007
112.198878 0.623344541 -0.054995384 1.719940424 0.040410094 -0.331248313 0.009381738 0.942631245
112.232211 0.621191084 -0.055783842 1.718517184 0.041102454 -0.332365900 0.010645702 0.942194343
112.265544 0.619809687 -0.061464418 1.720168114 0.042048477 -0.333102286 0.011172142 0.941886425
112.298877 0.622634888 -0.065601692 1.720418453 0.042944118 -0.335558087 0.012137821 0.940961897
112.332210 0.623335063 -0.071730390 1.721111894 0.043395143 -0.337202817 0.012548894 0.940347672
112.365543 0.623941064 -0.079060510 1.716430306 0.044504259 -0.337245792 0.012771027 0.940277398
112.398876 0.623551607 -0.070978180 1.720119476 0.046146370 -0.338160574 0.014459497 0.939845145
112.432209 0.623456657 -0.076392844 1.719063282 0.046024438 -0.339375407 0.014920954 0.939405978
112.465542 0.625508904 -0.080286823 1.720787287 0.047607396 -0.340397924 0.015950186 0.938940048
112.498875 0.623167992 -0.083279818 1.720345140 0.049592692 -0.339966744 0.016370580 0.938986301
112.532208 0.621384978 -0.080659464 1.718177557 0.050929353 -0.339190274 0.017461693 0.939175844
112.565541 0.620335162 -0.083201148 1.715810299 0.051707566 -0.339707792 0.018433442 0.938927650
112.598874 0.618527293 -0.087970071 1.715870142 0.052518621 -0.339749604 0.018702593 0.938862264
112.632207 0.616084754 -0.092114337 1.715926170 0.052970827 -0.338049322 0.018205618 0.939460158
112.665540 0.616238236 -0.099005125 1.714870453 0.053484183 -0.336656362 0.017702218 0.939940751
112.698873 0.616241813 -0.101978719 1.717915177 0.054865308 -0.336675584 0.018494146 0.939839005
112.732206 0.616827309 -0.108429730 1.716040969 0.055623967 -0.336660743 0.019112147 0.939787388
112.765539 0.616196454 -0.113314301 1.716544986 0.056473233 -0.336199701 0.019030163 0.939903378
112.798872 0.615572691 -0.118946597 1.715725303 0.056852810 -0.335369408 0.018757373 0.940182567
112.832205 0.616946936 -0.125251994 1.717042089 0.057396393 -0.335168660 0.019191019 0.940212429
112.865538 0.616695881 -0.124868348 1.717448950 0.058094773 -0.335644692 0.020262556 0.939977169
112.898871 0.615727425 -0.129561961 1.718185663 0.057351775 -0.335435778 0.019937698 0.940104365
112.932204 0.614504814 -0.135544583 1.717692852 0.057667930 -0.334241986 0.020213928 0.940504193
112.965537 0.615379453 -0.140010417 1.718850374 0.058884535 -0.334643364 0.020999532 0.940268815
112.998870 0.616599679 -0.142838866 1.719865918 0.058769193 -0.334791452 0.021239843 0.940217972
113.032203 0.615072131 -0.147996664 1.719552636 0.057941224 -0.334218770 0.021818738 0.940459788
113.065536 0.615425706 -0.153516024 1.719465733 0.058531452 -0.335677087 0.022425810 0.939889431
113.098869 0.614630699 -0.158142358 1.717495680 0.058479082 -0.335925937 0.023281796 0.939782917
113.132202 0.614576638 -0.164158300 1.717824101 0.057950787 -0.335536182 0.023630349 0.939946175
113.165535 0.614707112 -0.166461214 1.717904091 0.059040725 -0.336099893 0.024330936 0.939659059
113.198868 0.615280330 -0.168180525 1.718755841 0.058989264 -0.336155087 0.025211051 0.939619303
113.232201 0.615624487 -0.172386616 1.718990445 0.058138087 -0.336474627 0.025986623 0.939536870
113.265534 0.616041839 -0.175780430 1.717731953 0.059560601 -0.337095052 0.026330819 0.939215779
113.298867 0.618587971 -0.179628283 1.719648957 0.060306694 -0.336656362 0.027233630 0.939299703
113.332200 0.620439768 -0.186078966 1.719279885 0.059929967 -0.338006139 0.028532185 0.938800454
113.365533 0.620999098 -0.189615443 1.721472740 0.059759706 -0.340242893 0.028795006 0.937994897
113.398866 0.620979667 -0.193282038 1.722620249 0.059826542 -0.338128567 0.028833102 0.938753724
113.432199 0.621267438 -0.197126672 1.721887350 0.060426835 -0.336885601 0.029571811 0.939139068
113.465532 0.623107135 -0.199226826 1.722679257 0.060932439 -0.337843269 0.030770618 0.938723803
113.498865 0.623063922 -0.200487584 1.724919319 0.061446819 -0.336483717 0.032407634 0.939123392
113.532198 0.622610629 -0.203495800 1.723663926 0.062843367 -0.333971679 0.032663181 0.939918518
113.565531 0.622501969 -0.209786981 1.720092058 0.063416980 -0.330604792 0.032686025 0.941068709
113.598864 0.624920428 -0.213134497 1.722639441 0.063360244 -0.328425020 0.033781450 0.941796899
113.632197 0.626249313 -0.216128141 1.724044204 0.064367883 -0.328013003 0.034421641 0.941848934
113.665530 0.624349058 -0.220861599 1.724262953 0.065072499 -0.325051069 0.034159411 0.942836463
113.698863 0.621249676 -0.220663905 1.724731922 0.065788418 -0.321312547 0.034467399 0.944056273
113.732196 0.623773992 -0.224094301 1.720958591 0.066496640 -0.320930243 0.034227293 0.944145381
113.765529 0.624442875 -0.223688036 1.723104239 0.067368679 -0.319095224 0.035435770 0.944660783
113.798862 0.625004590 -0.227788061 1.720165610 0.067904651 -0.317433357 0.035284773 0.945187867
113.832195 0.622792721 -0.230901688 1.720296502 0.068178229 -0.316501737 0.033932805 0.945529997
113.865528 0.621668279 -0.235994980 1.719238281 0.068500012 -0.313853949 0.032682247 0.946432948
113.898861 0.622377694 -0.241732255 1.717019320 0.069527030 -0.313089699 0.031792764 0.946641505
113.932194 0.622759938 -0.244234726 1.715491652 0.070804380 -0.313514978 0.030778030 0.946439564
113.965527 0.622335970 -0.246059030 1.719834805 0.071686022 -0.312990397 0.030003721 0.946571708
113.998860 0.621698022 -0.249540210 1.716247559 0.073127136 -0.312220424 0.028213399 0.946770787
114.032193 0.620410860 -0.251988858 1.715999722 0.074444160 -0.312197059 0.026476888 0.946726024
114.065526 0.622468233 -0.250489771 1.714418530 0.075270057 -0.312303245 0.026556462 0.946623445
114.098859 0.620894790 -0.252774090 1.710153699 0.077363797 -0.313360274 0.025065923 0.946145833
114.132192 0.620913863 -0.258436561 1.707691312 0.078180462 -0.314025581 0.023641735 0.945894718
114.165525 0.620603561 -0.265391529 1.705980778 0.078428678 -0.315094382 0.021216065 0.945576251
114.198858 0.618736804 -0.263166934 1.705009818 0.080317907 -0.316845298 0.019393357 0.944871426
114.232191 0.619954705 -0.269240201 1.703572035 0.081191458 -0.317727029 0.017740309 0.944533110
114.265524 0.618704081 -0.268435627 1.700857162 0.082033746 -0.318942577 0.016321769 0.944076121
114.298857 0.616984963 -0.269212037 1.699207664 0.082559355 -0.321144462 0.014232590 0.943317354
114.332190 0.616699457 -0.272151530 1.701830387 0.082980797 -0.323191822 0.012626717 0.942603767
114.365523 0.617890596 -0.273146987 1.696424961 0.083513528 -0.326100379 0.011631232 0.941567183
114.398856 0.617596745 -0.273411155 1.693876982 0.083127260 -0.330226541 0.010654271 0.940173805
114.432189 0.620262444 -0.275150210 1.696292520 0.082549326 -0.334329277 0.009952129 0.938781440
114.465522 0.620874286 -0.278050631 1.696570635 0.083104007 -0.338712543 0.009089919 0.937168598
114.498855 0.622136772 -0.278126985 1.696001291 0.082672462 -0.342953950 0.009231769 0.935661614
114.532188 0.622205496 -0.281957865 1.699543238 0.081060670 -0.346713603 0.008264440 0.934425294
114.565521 0.620897174 -0.280994684 1.695174932 0.081140347 -0.348864496 0.008165664 0.933618307
114.598854 0.624531627 -0.280913562 1.695229292 0.081211299 -0.351523161 0.008827933 0.932608366
114.632187 0.623831332 -0.284990966 1.697362781 0.079654321 -0.354047924 0.008543686 0.931789875
114.665520 0.624672592 -0.284516782 1.694820881 0.079380140 -0.354800940 0.009236983 0.931520164
114.698853 0.624381423 -0.284763485 1.696636438 0.078773908 -0.355340302 0.009162420 0.931366742
114.732186 0.624602914 -0.286176592 1.697465658 0.077105716 -0.356133640 0.009565744 0.931199312
114.765519 0.625890493 -0.283852428 1.698118567 0.076746099 -0.356035262 0.010417691 0.931257427
114.798852 0.625247836 -0.285606682 1.698926687 0.075894579 -0.354747117 0.010587457 0.931816757
114.832185 0.624013841 -0.286535472 1.698988080 0.074271500 -0.353878647 0.011073435 0.932271957
114.865518 0.624629974 -0.284115940 1.697832823 0.073447607 -0.353285789 0.011858493 0.932552457
114.898851 0.624419272 -0.283580303 1.699440598 0.072389565 -0.352155179 0.012429769 0.933055222
114.932184 0.625178933 -0.282111168 1.700948715 0.071198113 -0.351434857 0.013030996 0.933410227
114.965517 0.625836372 -0.284879029 1.702702999 0.070197225 -0.351023823 0.013015077 0.933640897
114.998850 0.624141634 -0.285812885 1.703031182 0.068650775 -0.349511266 0.013107403 0.934321821
115.032183 0.623040378 -0.286766469 1.701297522 0.067449033 -0.349108636 0.013454304 0.934554875
115.065516 0.623208404 -0.285730362 1.702428937 0.067048348 -0.349639386 0.014015921 0.934377074
115.098849 0.622240901 -0.285236329 1.704206228 0.065964423 -0.349605709 0.014407288 0.934460878
115.132182 0.623675823 -0.285757393 1.702425122 0.064947546 -0.349772185 0.014227982 0.934472561
115.165515 0.626347423 -0.286262512 1.703719497 0.064647831 -0.350972474 0.014449173 0.934039772
115.198848 0.624592304 -0.283995032 1.702435374 0.064896464 -0.352008730 0.015402447 0.933617234
115.232181 0.623539567 -0.287404746 1.704387784 0.063255884 -0.353848100 0.014843726 0.933043420
115.265514 0.624883056 -0.285511196 1.702832580 0.062944897 -0.354517102 0.014764125 0.932811737
115.298847 0.622274876 -0.285733581 1.703170061 0.062788561 -0.355394781 0.014584382 0.932491004
115.332180 0.622480154 -0.284681261 1.700093031 0.063164532 -0.356951743 0.014591014 0.931870639
115.365513 0.623251498 -0.283669829 1.700978637 0.063962989 -0.358510554 0.015114580 0.931209147
115.398846 0.624179661 -0.285415947 1.702906847 0.063781328 -0.360234648 0.014944939 0.930558741
115.432179 0.625307918 -0.283272564 1.701920033 0.063661978 -0.361074537 0.014556120 0.930247605
115.465512 0.622200847 -0.284086704 1.701996565 0.064935982 -0.360618889 0.014051494 0.930344045
115.498845 0.623752713 -0.283545494 1.701387644 0.065799445 -0.361511707 0.014006133 0.929937422
115.532178 0.622302115 -0.284241259 1.700897574 0.065072179 -0.363033742 0.013798727 0.929398596
115.565511 0.622047782 -0.280965894 1.699962258 0.065782510 -0.363148451 0.013705662 0.929305136
115.598844 0.620894432 -0.282816172 1.699865222 0.066035070 -0.363558650 0.013753227 0.929126143
115.632177 0.619503498 -0.281880021 1.698966503 0.065744705 -0.364783138 0.013594537 0.928668976
115.665510 0.620157480 -0.279325843 1.699993134 0.065365262 -0.364962667 0.013110254 0.928632259
115.698843 0.619078636 -0.278113008 1.699078083 0.065392844 -0.364920199 0.012945098 0.928649247
115.732176 0.619252801 -0.277773201 1.699427366 0.065628536 -0.366737366 0.012886458 0.927917361
115.765509 0.617197990 -0.276547790 1.697802305 0.065369539 -0.367717355 0.012637733 0.927551091
115.798842 0.617990613 -0.274811268 1.700031400 0.065184496 -0.368880302 0.011574128 0.927116156
115.832175 0.616254807 -0.273876995 1.699307680 0.064904965 -0.369837135 0.010890805 0.926762760
115.865508 0.617432833 -0.271325171 1.699448228 0.064815059 -0.372017384 0.010749937 0.925897717
115.898841 0.615539491 -0.275165588 1.701753497 0.063519463 -0.374682426 0.010341402 0.924917042
115.932174 0.615836024 -0.272662878 1.702998042 0.063038625 -0.377222478 0.010244358 0.923917949
115.965507 0.611914992 -0.271522373 1.700382471 0.062579721 -0.378764719 0.009824352 0.923322558
115.998840 0.611057460 -0.269534558 1.699753284 0.062396314 -0.380082697 0.008633037 0.922805190
116.032173 0.609248519 -0.265572131 1.697356939 0.062125415 -0.381033599 0.008108427 0.922435999
116.065506 0.610385418 -0.265228093 1.698237658 0.061767455 -0.384098858 0.008028204 0.921188593
116.098839 0.609798253 -0.262745708 1.698787689 0.061621234 -0.387230337 0.007608991 0.919890046
116.132172 0.609296024 -0.261256516 1.699938536 0.061068483 -0.389398664 0.007445898 0.919012487
116.165505 0.607644320 -0.257117838 1.698717833 0.061054461 -0.392059833 0.007193059 0.917883277
116.198838 0.606171727 -0.255439639 1.699264884 0.060835380 -0.394818217 0.007224981 0.916714549
116.232171 0.604439199 -0.253439993 1.700227380 0.060440574 -0.396773309 0.007171241 0.915896535
116.265504 0.602813244 -0.252789319 1.700696111 0.059643079 -0.399430335 0.006999261 0.914794624
116.298837 0.601154327 -0.249979138 1.698606133 0.059739903 -0.401625961 0.007044091 0.913826168
116.332170 0.602933228 -0.249049485 1.701060057 0.059732154 -0.403668493 0.006501139 0.912930250
116.365503 0.603337646 -0.247668058 1.701783419 0.059346694 -0.405802220 0.006495048 0.912009001
116.398836 0.601539016 -0.244185597 1.699487686 0.059719026 -0.407667309 0.006795435 0.911150277
116.432169 0.600750148 -0.241768777 1.699352503 0.059871867 -0.408169240 0.007000212 0.910914004
116.465502 0.599148273 -0.238400921 1.699421167 0.059604455 -0.407946169 0.007291582 0.911029160
116.498835 0.607466996 -0.243200898 1.697936058 0.058742292 -0.408174902 0.007539052 0.910980642
116.532168 0.608688056 -0.239026949 1.697997570 0.059028674 -0.406946480 0.007817068 0.911509275
116.565501 0.606996655 -0.236131027 1.700246930 0.058343794 -0.406853348 0.008548784 0.911588311
116.598834 0.605227172 -0.234625921 1.701390028 0.057618711 -0.406928658 0.008444604 0.911601841
116.632167 0.603634596 -0.233369946 1.702972531 0.057211410 -0.405562282 0.008300461 0.912237525
116.665500 0.601998389 -0.233803391 1.702849269 0.056267697 -0.405162960 0.008959932 0.912467360
116.698833 0.602210760 -0.230791271 1.701553464 0.055311397 -0.406014234 0.009781371 0.912138939
116.732166 0.601130188 -0.228711933 1.702237129 0.054363366 -0.405411690 0.009562258 0.912466228
116.765499 0.598285973 -0.223755270 1.703761578 0.053977229 -0.405036479 0.009837990 0.912652910
116.798832 0.598432243 -0.217932224 1.703651071 0.053208295 -0.406107515 0.009894118 0.912221313
116.832165 0.597762406 -0.217394531 1.704918265 0.051518381 -0.406495690 0.009734862 0.912147105
116.865498 0.594142377 -0.213357925 1.705606937 0.051236331 -0.406522334 0.009374631 0.912154913
116.898831 0.591233432 -0.212140426 1.705948591 0.049961895 -0.407264709 0.008884977 0.911899328
116.932164 0.588694274 -0.209901795 1.706223965 0.048858758 -0.408228278 0.008422773 0.911532521
116.965497 0.588127911 -0.204889551 1.704424143 0.048368581 -0.408304363 0.008161894 0.911526978
116.998830 0.584108412 -0.201017410 1.704809666 0.047578435 -0.407502353 0.006929707 0.911937594
117.032163 0.578143537 -0.201514184 1.704599142 0.045956686 -0.406780869 0.005672018 0.912351489
117.065496 0.576094389 -0.197824061 1.707557201 0.043958899 -0.407635421 0.005178989 0.912071347
117.098829 0.573413551 -0.190778375 1.706504464 0.042755600 -0.407973915 0.004731105 0.911979735
117.132162 0.583010495 -0.184120148 1.705482841 0.041452084 -0.408225894 0.006482624 0.911916316
117.165495 0.579514623 -0.179501057 1.706159830 0.039590515 -0.408421487 0.006174556 0.911913633
117.198828 0.575444520 -0.176984847 1.709496021 0.037411030 -0.408900231 0.004842273 0.911799073
117.232161 0.572765529 -0.173971072 1.707462907 0.036509529 -0.406884879 0.003310233 0.912743628
117.265494 0.573250234 -0.166609988 1.710557461 0.035292264 -0.405726224 0.003427146 0.913306653
117.298827 0.580146909 -0.170052826 1.708780050 0.032605112 -0.407346457 0.003315020 0.912685454
117.332160 0.580476105 -0.168665498 1.708012342 0.030764828 -0.406719118 0.002881250 0.913030565
117.365493 0.577399254 -0.165166005 1.709488034 0.029520357 -0.404848963 0.001810784 0.913905144
117.398826 0.575207531 -0.159302592 1.709994555 0.027705204 -0.404834062 0.001686713 0.913968801
117.432159 0.573768735 -0.156120852 1.712111831 0.026191967 -0.404600590 0.000775793 0.914117992
117.465492 0.571488857 -0.156589717 1.712753177 0.024935426 -0.402986020 -0.000699714 0.914866090
117.498825 0.572789013 -0.150377482 1.711687446 0.024126029 -0.402752966 -0.000644901 0.914990485
117.532158 0.573819399 -0.149429768 1.711590528 0.022482805 -0.403008282 -0.001414079 0.914919078
117.565491 0.574861884 -0.144833684 1.715197206 0.021424087 -0.402375907 -0.001562275 0.915222466
117.598824 0.575216830 -0.141053900 1.716108680 0.021143796 -0.401049048 -0.002614574 0.915808797
117.632157 0.576351762 -0.138711795 1.717857361 0.019718315 -0.399478942 -0.003002284 0.916525364
117.665490 0.575341702 -0.132400796 1.717970490 0.019325620 -0.398569524 -0.002627755 0.916930735
117.698823 0.578715682 -0.128790647 1.720438004 0.020002102 -0.397053897 -0.003002654 0.917572498
117.732156 0.575415552 -0.126965195 1.719076514 0.019893924 -0.393095821 -0.003774762 0.919274569
117.765489 0.576821148 -0.121251188 1.720572710 0.019764442 -0.391632706 -0.003536717 0.919902563
117.798822 0.578950584 -0.118536644 1.721302748 0.019566540 -0.390585124 -0.003169028 0.920353413
117.832155 0.573406577 -0.112768307 1.719933629 0.020702425 -0.387112975 -0.002412119 0.921796739
117.865488 0.573427856 -0.106758609 1.720720053 0.021637704 -0.384735078 -0.002518923 0.922769964
117.898821 0.576649725 -0.103048339 1.725498676 0.021009095 -0.383799881 -0.002486459 0.923173964
117.932154 0.578520000 -0.096224584 1.725175381 0.021533897 -0.382892370 -0.001279680 0.923541129
117.965487 0.580842316 -0.094511040 1.722968340 0.022965550 -0.381590575 -0.001293699 0.924045205
117.998820 0.578489304 -0.093515135 1.719921350 0.023425421 -0.379437238 -0.002378520 0.924917817
118.032153 0.573529005 -0.088204578 1.721012712 0.023712274 -0.378270507 -0.002187649 0.925388753
118.065486 0.572739184 -0.082333654 1.721194148 0.025121735 -0.377955556 -0.002090485 0.925480485
118.098819 0.571998715 -0.077060483 1.721343279 0.026494812 -0.377216578 -0.001627443 0.925744593
118.132152 0.571618438 -0.072446465 1.721422791 0.026570259 -0.377604932 -0.001424733 0.925584435
118.165485 0.572646022 -0.065946862 1.722061753 0.026723662 -0.377433717 -0.000398210 0.925650835
118.198818 0.573077321 -0.060004540 1.723989964 0.027577106 -0.376237035 -0.000522091 0.926112890
118.232151 0.572105646 -0.054700330 1.724335670 0.028379649 -0.375277191 -0.000284850 0.926478028
118.265484 0.576468229 -0.053312413 1.723094106 0.028517446 -0.374814034 0.000504123 0.926661193
118.298817 0.577858448 -0.050827425 1.722792029 0.029110635 -0.373008907 0.000286024 0.927370965
118.332150 0.577932954 -0.048246153 1.724429011 0.029774798 -0.370946795 0.000069143 0.928176701
118.365483 0.578276634 -0.047430366 1.723250628 0.028744748 -0.369677186 -0.000834764 0.928715169
118.398816 0.576716185 -0.041987598 1.725770354 0.028298736 -0.367606997 -0.000682098 0.929550350
118.432149 0.578844965 -0.036348127 1.724341512 0.028984418 -0.366128385 -0.000596450 0.930112720
118.465482 0.575747430 -0.032710537 1.725393891 0.028244780 -0.365033478 -0.000786031 0.930565536
118.498815 0.574313998 -0.026061038 1.727830648 0.026720596 -0.363405764 -0.000619947 0.931247532
118.532148 0.575425863 -0.021628164 1.727894545 0.026282053 -0.362223148 -0.000732641 0.931720495
118.565481 0.575480402 -0.017034300 1.728914022 0.025836261 -0.361474872 -0.001280540 0.932022989
118.598814 0.571880877 -0.011197648 1.729959607 0.023226887 -0.360045731 -0.001681977 0.932644010
118.632147 0.570937514 -0.007435098 1.728887439 0.021807646 -0.360112131 -0.001775292 0.932652414
118.665480 0.571290910 -0.004363546 1.729025006 0.020770982 -0.359718859 -0.002447811 0.932826400
118.698813 0.567709208 0.004591852 1.733072519 0.018934691 -0.358571291 -0.002291171 0.933307528
118.732146 0.567738533 0.009571524 1.730893731 0.016700499 -0.359357208 -0.002953231 0.933046043
118.765479 0.574716806 0.012659865 1.729108095 0.014973926 -0.360009372 -0.002745706 0.932824552
118.798812 0.571337819 0.018907221 1.733341217 0.012857074 -0.359462321 -0.002984173 0.933066249
118.832145 0.570518136 0.027699899 1.737801075 0.010665654 -0.360092819 -0.002939136 0.932850957
118.865478 0.566950917 0.028290216 1.736776829 0.008365095 -0.359696507 -0.004132841 0.933022678
118.898811 0.566382945 0.034586374 1.737733722 0.006781322 -0.359302580 -0.003880133 0.933188438
118.932144 0.565424442 0.041839913 1.737608433 0.004913577 -0.358531684 -0.004242466 0.933495045
118.965477 0.564193189 0.048174866 1.737411976 0.002373283 -0.356587350 -0.004493899 0.934248209
118.998810 0.565171480 0.054117717 1.737615108 0.000617890 -0.355832398 -0.004582931 0.934538364
119.032143 0.564336181 0.056919925 1.738731861 -0.000828946 -0.355021477 -0.004642948 0.934846282
119.065476 0.564142406 0.062128775 1.738614202 -0.002572529 -0.352751195 -0.004282998 0.935703814
119.098809 0.566001654 0.063930511 1.745104909 -0.004877864 -0.350382686 -0.005065259 0.936580241
119.132142 0.567215562 0.065956533 1.744038343 -0.006313886 -0.346935898 -0.006018282 0.937848330
119.165475 0.565835297 0.070198148 1.739858389 -0.006578162 -0.343385905 -0.005306395 0.939156413
119.198808 0.563277841 0.079533286 1.741851807 -0.007581900 -0.341132015 -0.004981278 0.939971626
119.232141 0.564475238 0.085381448 1.749121428 -0.008352534 -0.336993992 -0.006045443 0.941450357
119.265474 0.564793706 0.092020392 1.745783329 -0.007670832 -0.331633866 -0.006091137 0.943357408
119.298807 0.560032487 0.097009301 1.739297032 -0.009069761 -0.328284025 -0.005722163 0.944518268
119.332140 0.562391758 0.099548049 1.743394971 -0.010233931 -0.325242370 -0.006238283 0.945554733
119.365473 0.563532948 0.109301165 1.745103359 -0.008837176 -0.320426524 -0.006628364 0.947209001
119.398806 0.561100721 0.115112320 1.741741061 -0.008898547 -0.317494959 -0.006023665 0.948199093
119.432139 0.558038354 0.118132547 1.742075920 -0.010576106 -0.316485524 -0.006255545 0.948517799
119.465472 0.557460189 0.121425875 1.741512656 -0.010863638 -0.313852727 -0.007773580 0.949377716
119.498805 0.557385445 0.126852542 1.740425587 -0.010938209 -0.311268926 -0.008373776 0.950222015
119.532138 0.556221485 0.134027004 1.739276886 -0.011231846 -0.312589645 -0.008239365 0.949786186
119.565471 0.558273792 0.142419726 1.743627906 -0.011706821 -0.315121621 -0.007899160 0.948946238
119.598804 0.555872738 0.148772195 1.742241263 -0.011990390 -0.314982116 -0.007770789 0.948990047
119.632137 0.556294918 0.154374078 1.742821574 -0.012363066 -0.315383524 -0.008685784 0.948844016
119.665470 0.556229711 0.160378382 1.743663788 -0.012323914 -0.315429509 -0.008475479 0.948831141
119.698803 0.556204915 0.165577292 1.743266344 -0.013119699 -0.315867424 -0.008428848 0.948675275
119.732136 0.557397485 0.171890244 1.743054867 -0.013644151 -0.315437376 -0.008412775 0.948811114
119.765469 0.557768345 0.175903141 1.743360400 -0.013784002 -0.313965261 -0.008135599 0.949299574
119.798802 0.558144808 0.180499300 1.743161440 -0.014284028 -0.312606364 -0.008387823 0.949738383
119.832135 0.559152484 0.183812216 1.743267536 -0.014058320 -0.310794950 -0.006892591 0.950348079
119.865468 0.558897614 0.187751979 1.741634846 -0.014410689 -0.307867557 -0.007934455 0.951287031
119.898801 0.558691740 0.193080738 1.747101068 -0.014541638 -0.303075641 -0.007931907 0.952822566
119.932134 0.559433222 0.196524113 1.746690989 -0.015029444 -0.301002860 -0.007716253 0.953473568
119.965467 0.559301138 0.201500028 1.746307969 -0.014925255 -0.299581945 -0.007488760 0.953924477
119.998800 0.558707535 0.204921558 1.747240901 -0.014030855 -0.297171265 -0.006531241 0.954698801
120.032133 0.560270309 0.208128333 1.746181846 -0.013850939 -0.297771275 -0.006046879 0.954517663
120.065466 0.561614275 0.211843312 1.747965097 -0.013739605 -0.298735082 -0.005822808 0.954219460
120.098799 0.560350299 0.216423973 1.747468710 -0.013141684 -0.298182189 -0.005481006 0.954402804
120.132132 0.559434772 0.220940650 1.746161103 -0.012409919 -0.300160676 -0.004921760 0.953795254
120.165465 0.561335266 0.222947136 1.743550181 -0.012594049 -0.302855700 -0.004336561 0.952943325
120.198798 0.561242044 0.225805774 1.743427277 -0.012157296 -0.303922474 -0.004686416 0.952607751
120.232131 0.559907436 0.230332866 1.743612528 -0.010909609 -0.305448174 -0.004398216 0.952136099
120.265464 0.561946034 0.234076530 1.742237210 -0.010722004 -0.307869434 -0.003448952 0.951361954
120.298797 0.562688231 0.237976611 1.741808891 -0.010114233 -0.309262574 -0.002679487 0.950919151
120.332130 0.560219467 0.241750225 1.737996340 -0.009129312 -0.309433848 -0.002612229 0.950873613
120.365463 0.560805559 0.244795606 1.737235308 -0.009140877 -0.309941441 -0.002554558 0.950708330
120.398796 0.559911668 0.247182980 1.737886906 -0.008822548 -0.310500145 -0.002218192 0.950529873
120.432129 0.559798717 0.252001017 1.737483740 -0.008076331 -0.310770512 -0.002075730 0.950448453
120.465462 0.557227969 0.255994380 1.737796307 -0.007991222 -0.310752720 -0.001681479 0.950455785
120.498795 0.558079362 0.260483831 1.738827825 -0.007737945 -0.311843604 -0.001226667 0.950101256
120.532128 0.555975080 0.262592047 1.739168167 -0.007673983 -0.311842144 -0.001426930 0.950101912
120.565461 0.556708038 0.265565842 1.741020203 -0.007713975 -0.311847329 -0.001570317 0.950099707
120.598794 0.554163456 0.269198924 1.739712715 -0.007552884 -0.312287360 -0.001687286 0.949956179
120.632127 0.555888295 0.271897465 1.740942240 -0.007141174 -0.312908262 -0.001664101 0.949755073
120.665460 0.556350112 0.274976283 1.740707040 -0.007570245 -0.312218815 -0.001574326 0.949978769
120.698793 0.555865049 0.277845085 1.739276886 -0.007138726 -0.311938494 -0.001486081 0.950074375
120.732126 0.555440187 0.280101299 1.738453269 -0.006341914 -0.311905831 -0.001514448 0.950090706
120.765459 0.554658711 0.283486903 1.739142537 -0.006857114 -0.310749501 -0.001729258 0.950465620
120.798792 0.554508567 0.288805813 1.737936139 -0.006454781 -0.309809834 -0.001455764 0.950775564
120.832125 0.553181767 0.290948033 1.737473488 -0.005977677 -0.308478683 -0.001923285 0.951210499
120.865458 0.550617695 0.296031713 1.738915086 -0.006526344 -0.305864602 -0.001631342 0.952051282
120.898791 0.553492963 0.297979146 1.741389871 -0.006597624 -0.304748535 -0.002117857 0.952407718
120.932124 0.556522369 0.305269927 1.741644979 -0.004861009 -0.302552342 -0.002971434 0.953115761
120.965457 0.555288911 0.310059547 1.740367889 -0.004437856 -0.299168527 -0.002775407 0.954185963
120.998790 0.554030716 0.314254493 1.740289807 -0.004385027 -0.297883809 -0.002724882 0.954588234
121.032123 0.555182934 0.317289829 1.739540815 -0.003730794 -0.296113491 -0.003115418 0.955140412
121.065456 0.551541030 0.320473135 1.740439177 -0.003386577 -0.293274879 -0.003878874 0.956014335
121.098789 0.550753117 0.327034086 1.738345981 -0.003339955 -0.292767018 -0.003958944 0.956169784
121.132122 0.551068664 0.329681307 1.737804651 -0.003160965 -0.294213414 -0.003500074 0.955728173
121.165455 0.550276399 0.332941532 1.737572670 -0.002948312 -0.293776810 -0.005250196 0.955855131
121.198788 0.548514605 0.336382240 1.735691309 -0.002566659 -0.292430490 -0.006097821 0.956263959
121.232121 0.546130419 0.338660926 1.735914946 -0.002514063 -0.295683116 -0.006885450 0.955258012
121.265454 0.547238886 0.342352808 1.735647917 -0.002587828 -0.299691945 -0.006662937 0.954009295
121.298787 0.547164798 0.344591230 1.737872720 -0.001586444 -0.301044166 -0.007215074 0.953581631
121.332120 0.546367288 0.344157875 1.736517429 0.000469487 -0.298905313 -0.007287153 0.954254925
121.365453 0.546288729 0.343994886 1.736437440 -0.000462246 -0.299306750 -0.007834066 0.954124689
121.398786 0.545157552 0.345185578 1.735766172 -0.002065984 -0.300759256 -0.008312992 0.953661680
121.432119 0.545104742 0.344545245 1.736918688 -0.002862141 -0.301929027 -0.007926324 0.953293204
121.465452 0.542322695 0.343124300 1.734815121 -0.002534286 -0.303285718 -0.008966644 0.952854156
121.498785 0.542741060 0.343765467 1.735716224 -0.002470650 -0.303771228 -0.009742747 0.952692032
121.532118 0.543108582 0.345837235 1.734169722 -0.001790832 -0.302572548 -0.009321650 0.953079104
121.565451 0.542305470 0.344755054 1.735147476 -0.003166337 -0.302182764 -0.009738142 0.953195035
121.598784 0.540192902 0.346204191 1.733595967 -0.001950681 -0.303007692 -0.010187218 0.952931702
121.632117 0.540578365 0.346237540 1.732663751 -0.000861237 -0.302600831 -0.010012349 0.953064442
121.665450 0.542900920 0.345015109 1.734077096 -0.001576720 -0.302228689 -0.009947202 0.953182220
121.698783 0.542640805 0.347369820 1.733878613 -0.002246659 -0.302535892 -0.009402744 0.953088999
121.732116 0.541073024 0.345348090 1.732134819 -0.001045159 -0.303050965 -0.009478377 0.952926695
121.765449 0.543007731 0.345781684 1.732156992 0.000656835 -0.302648783 -0.009552631 0.953054070
121.798782 0.543805182 0.344770581 1.735401750 -0.000532801 -0.302267581 -0.009615848 0.953174472
121.832115 0.544369280 0.344904184 1.733459949 -0.002520096 -0.303125113 -0.009311543 0.952901959
121.865448 0.543079793 0.345675051 1.731130362 -0.000965172 -0.303892553 -0.008762627 0.952665567
121.898781 0.542023361 0.346448421 1.730768085 0.000540240 -0.302679479 -0.009632438 0.953043580
121.932114 0.544111967 0.345148265 1.733635068 0.000078337 -0.301878452 -0.010284310 0.953290999
121.965447 0.542737961 0.345971912 1.732049227 -0.000919140 -0.302671909 -0.010317277 0.953038573
121.998780 0.541110754 0.345813096 1.730229616 -0.000574034 -0.303399295 -0.010376866 0.952806890
122.032113 0.543070614 0.345392138 1.729688168 -0.000695796 -0.303316623 -0.010553871 0.952831149
122.065446 0.540617943 0.346982956 1.729601026 -0.000275454 -0.302556157 -0.010948772 0.953068674
122.098779 0.540619135 0.347061992 1.728880644 0.000071871 -0.302584857 -0.011415008 0.953054130
122.132112 0.540448308 0.345436275 1.729659438 -0.000111838 -0.303059548 -0.011504511 0.952902257
122.165445 0.538304448 0.346674979 1.728547573 -0.000175847 -0.303298593 -0.011286662 0.952828765
122.198778 0.538191259 0.345965624 1.727663159 -0.000418745 -0.304338276 -0.010985686 0.952500582
122.232111 0.536893845 0.348182946 1.727411509 -0.000259290 -0.305013686 -0.010498729 0.952290058
122.265444 0.537944317 0.347558767 1.728503108 0.000146684 -0.304709524 -0.010147923 0.952391326
122.298777 0.539595246 0.346946955 1.728117108 -0.000049157 -0.303410500 -0.010127627 0.952806175
122.332110 0.540518224 0.347455502 1.728471994 0.000508822 -0.303424716 -0.010150205 0.952801287
122.365443 0.543351412 0.348092139 1.727674246 0.000956344 -0.303929985 -0.009707049 0.952644467
122.398776 0.543777227 0.344940096 1.729376197 0.001183823 -0.304109722 -0.009557773 0.952588379
122.432109 0.544249058 0.345705479 1.724974155 0.001912966 -0.303453326 -0.009145333 0.952800572
122.465442 0.544883728 0.346140951 1.727654934 0.001960003 -0.305341780 -0.009455100 0.952193916
122.498775 0.543825507 0.345919371 1.723359823 0.001792963 -0.308244824 -0.009310270 0.951259851
